review_id,text,label,app_name,store_source,rating,review_date,label_source,dataset_role
ewallet_00001,Sending transaction failure always,payment_failure,GCash,Google Play (Kaggle public dataset),1,2014-08-16T00:56:02.000Z,strict_rule_relabel,presentation
ewallet_00002,cash in using mobile load is still not working.. more than a month of fixing it or u'll be removing this feature? we'll not be using this if thats the case,transfer_issue,GCash,Google Play (Kaggle public dataset),1,2015-08-16T23:15:37.000Z,strict_rule_relabel,presentation
ewallet_00003,Would be nice if globe would allow us to convert prepaid load into gcash,feature_request,GCash,Google Play (Kaggle public dataset),1,2012-08-19T02:11:41.000Z,strict_rule_relabel,presentation
ewallet_00004,"I was charged twice for a transaction. I didn't know that the ""next"" button meant to be charged again? I thought next would be for next transaction.",payment_failure,GCash,Google Play (Kaggle public dataset),1,2014-12-06T04:58:47.000Z,strict_rule_relabel,presentation
ewallet_00010,i cannot log in!!!,account_access_issue,GCash,Google Play (Kaggle public dataset),1,2014-05-05T06:15:25.000Z,strict_rule_relabel,presentation
ewallet_00016,Cash In Error! Until when Globe?,transfer_issue,GCash,Google Play (Kaggle public dataset),1,2016-05-19T11:42:00.000Z,strict_rule_relabel,presentation
ewallet_00019,When you mark Globelines as favorite and pay from there. Error transaction unsuccessful will prompt. Fix: don't mark billers as favorite,payment_failure,GCash,Google Play (Kaggle public dataset),3,2016-07-19T00:39:16.000Z,strict_rule_relabel,presentation
ewallet_00024,Sim must be on sim 1 and its not working after I logged in very frustrated. Developers pls fix the issue on logging in and dual sim. Its useless if users cannot log in.,account_access_issue,GCash,Google Play (Kaggle public dataset),1,2014-12-31T13:09:30.000Z,strict_rule_relabel,presentation
ewallet_00026,Why did they remove the option to convert load to gcash? They didn't even put it in the changelog. I hope this is just a bug or people would think they are trying to con us out of our money. Pano yung nag papaload para sa gcash? That's the only reason why I use the app because it is convenient. You wasted a lot of people's money. Now it's useless.,feature_request,GCash,Google Play (Kaggle public dataset),1,2016-05-13T10:10:23.000Z,strict_rule_relabel,presentation
ewallet_00054,cant cash in through paypal..error,transfer_issue,GCash,Google Play (Kaggle public dataset),2,2018-02-19T10:59:25.000Z,strict_rule_relabel,presentation
ewallet_00055,Please bring back the load to cash feature.,feature_request,GCash,Google Play (Kaggle public dataset),1,2017-04-29T07:48:38.000Z,strict_rule_relabel,presentation
ewallet_00059,"Please fix and update other bills payment like SSS, there are still errors when trying to pay for it.",payment_failure,GCash,Google Play (Kaggle public dataset),3,2017-04-02T13:20:42.000Z,strict_rule_relabel,presentation
ewallet_00060,"Can't log in. KeepS ""sending SMS""",account_access_issue,GCash,Google Play (Kaggle public dataset),1,2016-04-04T17:43:05.000Z,strict_rule_relabel,presentation
ewallet_00062,Please include home credit Peco and miwd for iloilo thank you so much And by the way load for cherry sim also,feature_request,GCash,Google Play (Kaggle public dataset),5,2017-06-16T14:06:00.000Z,strict_rule_relabel,presentation
ewallet_00064,I can't log in. Di po ba to pwede gimitin tong app for a smart lock device? My globe sim is in another phone kasi smart lock tong smartphone ko. I have a gcash account already. Please answer. Thanks.,account_access_issue,GCash,Google Play (Kaggle public dataset),3,2016-04-18T09:05:58.000Z,strict_rule_relabel,presentation
ewallet_00068,Can you please add SUN CELLULAR? Thanks.,feature_request,GCash,Google Play (Kaggle public dataset),4,2017-07-16T10:38:11.000Z,strict_rule_relabel,presentation
ewallet_00069,"PayPal to Gcash cash-in has been unavailable since 10th of May. I contacted the GCash hotline last 12th of May and they said that the problem is with PayPal and there's no expected turnaround time. I still gave them a good review afterwards eventhough the problem isnt sorted out yet because I understand that it isnt globe's fault. 14th of May, I tried linking my PayPal to gcash again and it went through. However, everytime I click cash-in, it says that i need to link my paypal acct eventhough i already did. I contacted PayPal to listen to their side and they said that the integration for preapproved payments to G-exchange has already been sorted. So now the problem is with globe. I'm really disappointed that it's taking so long to sort this issue. The only reason why i used gcash and even took out a mastercard with globe is because i get paid by clients thru paypal and gcash is the most convenient way of withdrawing those funds. Now I have all the funds in PayPal without being able to withdraw it and im losing freelancers since i am unable to pay them. This is really bad for business. As soon as i find something else that offers similar service, i'll cut my ties with globe and get rid of gcash, my 50mbps internet subscription and wont renew my postpaid plan anymore. I am sick and tired of dealing with a company that promotes nothing but headache to consumers. I am so done with globe.",transfer_issue,GCash,Google Play (Kaggle public dataset),1,2017-05-15T20:23:40.000Z,strict_rule_relabel,presentation
ewallet_00073,"I am new to gcash. Whenever I register, it keeps showing error so I used the *143# and it worked. When i tap pay bills it also keeps saying error. I tried it with two different devices and it keeps saying the same error. I wanna try this Gcash service . Please fix these things. Thanks.",payment_failure,GCash,Google Play (Kaggle public dataset),2,2017-05-26T13:10:21.000Z,strict_rule_relabel,presentation
ewallet_00077,Cannot cash in from PayPal to Gcash. An error message always pops up saying i need to link my PayPal account first even if it's already linked. Will change my review if this is fixed.,transfer_issue,GCash,Google Play (Kaggle public dataset),1,2018-03-21T10:31:06.000Z,strict_rule_relabel,presentation
ewallet_00084,"After the force update, gcash has stopped working. Done clearing cache and data then restart but still app crashes. Please fix this. And suggestion, test your app first before publishing it.",feature_request,GCash,Google Play (Kaggle public dataset),1,2017-09-02T10:46:34.000Z,strict_rule_relabel,presentation
ewallet_00085,"They're promoting the use of the app but it doesn't even work. After sending your password, it will give you an error then get prompted to call their hotline.",account_access_issue,GCash,Google Play (Kaggle public dataset),1,2016-06-21T21:53:53.000Z,strict_rule_relabel,presentation
ewallet_00092,CAN'T LOG IN!,account_access_issue,GCash,Google Play (Kaggle public dataset),1,2016-11-08T19:09:41.000Z,strict_rule_relabel,presentation
ewallet_00098,Its a great app! I just hope they add bdo bank as a cash in method,transfer_issue,GCash,Google Play (Kaggle public dataset),5,2017-11-21T05:59:25.000Z,strict_rule_relabel,presentation
ewallet_00099,Ung problem sa white screen sa cash in walang reply ang gcash sa akin. Nakakainis. Hindi na convenient,transfer_issue,GCash,Google Play (Kaggle public dataset),1,2018-10-16T15:06:18.000Z,strict_rule_relabel,presentation
ewallet_00105,"i kept having error when i cash in with my enrolled card, gcashcare takes too long to reply and kept asking for more info i have already provided.",transfer_issue,GCash,Google Play (Kaggle public dataset),1,2018-10-24T03:50:41.000Z,strict_rule_relabel,presentation
ewallet_00110,Why i cant load or pay bill? It always says maintenance or some error,payment_failure,GCash,Google Play (Kaggle public dataset),1,2018-05-19T00:25:42.000Z,strict_rule_relabel,presentation
ewallet_00119,I can't log in!,account_access_issue,GCash,Google Play (Kaggle public dataset),1,2017-02-09T02:37:56.000Z,strict_rule_relabel,presentation
ewallet_00126,"At first I was hesitant, but the app was good. My favorite part is I can request a transaction history that looks like a ledger, plus you can save it for auditing. It's easy to navigate but sometimes the app is not responding so I need to check if I need to update it. I also like their responsive customer email support because when I was charged twice for a purchase they made sure to return it within the timeframe they gave me (that's the reason I gave 4 stars).I just hope you can improve customer care option, or maybe you can add it to your app (that's an opportunity you'll need to work on as well cause cs hotline isn't that satisfactory).",payment_failure,GCash,Google Play (Kaggle public dataset),4,2018-07-20T05:14:09.000Z,strict_rule_relabel,presentation
ewallet_00130,Can you add a loading in online games like garena. Or steam,feature_request,GCash,Google Play (Kaggle public dataset),3,2018-02-13T12:58:05.000Z,strict_rule_relabel,presentation
ewallet_00140,"There is a known issue when using One Plus 6 phones. Everytime I launch gcash to pay via QR, your camera doesn't detect the QR code no matter what I do. When I launch pay maya it does. Where is the problem??? You've made an update lately but it still has not fixed the scanning of QR",payment_failure,GCash,Google Play (Kaggle public dataset),1,2018-09-09T12:40:18.000Z,strict_rule_relabel,presentation
ewallet_00142,im so disappointed with gcash 2days seen i use paypal to cash in with gcash but untill now the amount was not credited to my gcash account. i was trying to contact gcash care and customer service hotline no answer from them. i really need the money right now. please respond to your customer. disappointed with your service,transfer_issue,GCash,Google Play (Kaggle public dataset),1,2018-12-20T14:02:06.000Z,strict_rule_relabel,presentation
ewallet_00151,i can't log in since yesterday. How can I resolve this?,account_access_issue,GCash,Google Play (Kaggle public dataset),3,2017-08-26T13:37:47.000Z,strict_rule_relabel,presentation
ewallet_00159,always error when I cash in,transfer_issue,GCash,Google Play (Kaggle public dataset),2,2019-01-02T07:45:26.000Z,strict_rule_relabel,presentation
ewallet_00163,#Scam #Fraud Nag cash in via online banking. Nabawasan pera ko sa bank pero sa gcash di pa nag rereflect yung perang tig cash in ko. No reply from Gcash Care or any hotline. Bwisit. Ibalik niyo pera namain. Don't download this useless app. Magsisisi lang kayo. Not even recommended. Nagagamit pa ng mga scammers online. Di safe. Make sure na safe gamitin app niyo bago kayo mag advertise. Very misleading. Never again. I swear makuha ko lang yung pera ko idedelete ko na tong bwisit na app na to.,transfer_issue,GCash,Google Play (Kaggle public dataset),1,2018-12-28T03:42:10.000Z,strict_rule_relabel,presentation
ewallet_00167,"Please add a confirmation when buying load in this app, I double sent a load because of this lack of confirmation after clicking.",feature_request,GCash,Google Play (Kaggle public dataset),3,2018-07-02T10:31:45.000Z,strict_rule_relabel,presentation
ewallet_00176,"I even can't register,only showing error while entering my Mpin.I can't imagine globe having this worst service and apps but the rate is high for the user",account_access_issue,GCash,Google Play (Kaggle public dataset),1,2017-11-19T11:24:14.000Z,strict_rule_relabel,presentation
ewallet_00186,GCASH Care replied promptly regarding the issue I encountered which was nice. Still skeptical if the issue has been addressed or if there has been an issue at all. Can't wait until the transaction history has refreshed and the bills payment has been confirmed.,payment_failure,GCash,Google Play (Kaggle public dataset),3,2019-02-02T16:24:06.000Z,strict_rule_relabel,presentation
ewallet_00187,bakit pa d ako makuha ng barcode via 7/11 mag cash in sna ako kso error sa 7/11,transfer_issue,GCash,Google Play (Kaggle public dataset),1,2019-02-21T23:59:36.000Z,strict_rule_relabel,presentation
ewallet_00195,"used to have an account on gcash, and then I un install it then download again. after I downloaded gcash, I cant send money. It always saying there seems to be a problem. Try again later. Whats the problem? Can you please fix it?",transfer_issue,GCash,Google Play (Kaggle public dataset),1,2019-02-26T09:34:24.000Z,strict_rule_relabel,presentation
ewallet_00205,its very helpful but just a little problem of cashout,transfer_issue,GCash,Google Play (Kaggle public dataset),5,2019-03-09T04:19:34.000Z,strict_rule_relabel,presentation
ewallet_00207,"been an avid GCASH user for a year already, however, after the latest update, (i updated it 03/28/2019) i could not pay bills. please fix this. thanks! :) EDIT: Error Code BCC3-500 always appears. kindly fix it please. as of april 1, BIR payments still not functional.",payment_failure,GCash,Google Play (Kaggle public dataset),3,2019-04-01T17:58:44.000Z,strict_rule_relabel,presentation
ewallet_00211,"I love gcash. Suggestion, sana hindi maging limited sa load ng smart tnt and sun. Kasii ung iba naghahanap ng ibang amount. E limited lang like 15, 30, 50 lang. And sana may mga nakaregister na na load. Thank you!",feature_request,GCash,Google Play (Kaggle public dataset),4,2018-10-19T11:03:32.000Z,strict_rule_relabel,presentation
ewallet_00218,Can open.. it says incorrect mpin.. my account is locked..,account_access_issue,GCash,Google Play (Kaggle public dataset),1,2018-01-22T06:41:55.000Z,strict_rule_relabel,presentation
ewallet_00223,"Okay naman sana kasi mabilis magcash in from paypal. Pero lagi nalang may problema. Paulit ulit kailangan magrelink ng paypal account. Tapos mapili din sa cellphone model. Ang issue ko ngayon is kahit nakanougat na ko nagka crash naman ang app everytime i click okay after maenter ang paypal account. So pano pa malilink yun. Wala manlang customer service assistant para maresolve agad ang issue. Puro recorded voice lang naman sa hotline. At yung fb chat ilang araw bago magreply. Hindi nyo ba naisip na urgent ang mga issues ng customer nyo? Baka kasi yung perang dapat na mawithdraw eh kailangan ng gamitin. One week sahod ko pa naman iniexpect ko. Tapos hindi ko makukuha. Hay... gamit ako ng kitkat na cellphone. Naenter ko ung email tapos nakalagay click ""close and continue"" tapos hanggang dun nalang. Dapat may lalabas pa dun na another popup window kaso nastock na sa close and continue. So ulit ulit na naman. Nagdoble na yung input sa paypal. Aigoo...",transfer_issue,GCash,Google Play (Kaggle public dataset),2,2018-02-01T23:12:12.000Z,strict_rule_relabel,presentation
ewallet_00230,nice apps. but hoping for more improvements specially in security. its easy to hack.,security_concern,GCash,Google Play (Kaggle public dataset),5,2019-03-12T08:56:37.000Z,strict_rule_relabel,presentation
ewallet_00248,here i m again problem again with my gcash i am going to pay my loan tru gcash beacause thats what i used to.. but its transaction failed but the problem here my money is missing again! whata happening gcashhhh,payment_failure,GCash,Google Play (Kaggle public dataset),1,2019-06-07T09:47:51.000Z,strict_rule_relabel,presentation
ewallet_00249,INSTEAD OF CONTACTING GCASHCARE. ABOUT YOUR ACCOUNT HAS BEEN LOCKED DUE TO SEVERAL TIMES OF ENTERING WRONG MPIN. WHY NOT MAKE IT ONLINE PASS RESET? SO WE WON'T HAVE A HARD TIME JUST TO GET OUR ACC THAT HAS BEEN LOCKED?,account_access_issue,GCash,Google Play (Kaggle public dataset),2,2018-02-23T14:33:36.000Z,strict_rule_relabel,presentation
ewallet_00259,"Nice app,it would be nice to make it with no data to buy load.",feature_request,GCash,Google Play (Kaggle public dataset),5,2018-12-13T01:02:24.000Z,strict_rule_relabel,presentation
ewallet_00275,I cant use the app for several days now. It keeps on showing an error. I need to pay my bills asap. Maybe opt to switch to paymaya now,payment_failure,GCash,Google Play (Kaggle public dataset),1,2019-06-25T09:47:22.000Z,strict_rule_relabel,presentation
ewallet_00276,cash in always fails via debit. used to work now it doesn't. such a drag,transfer_issue,GCash,Google Play (Kaggle public dataset),1,2019-05-08T07:26:37.000Z,strict_rule_relabel,presentation
ewallet_00277,i cant transact today thru gcash app in paying my bills.why? specially primewater transaction. it says theres a problem(code hjl3?) hassle.,payment_failure,GCash,Google Play (Kaggle public dataset),1,2019-06-26T03:45:53.000Z,strict_rule_relabel,presentation
ewallet_00279,whats is error code HJL3?..i cannot access my acct..need to pay my bill its been like this for weeks now,payment_failure,GCash,Google Play (Kaggle public dataset),1,2019-06-26T23:59:02.000Z,strict_rule_relabel,presentation
ewallet_00283,Dafuq this App it asking for my Mpin That i haven't set up and my account was locked and 2882 number is not helpful,account_access_issue,GCash,Google Play (Kaggle public dataset),1,2018-04-09T04:37:27.000Z,strict_rule_relabel,presentation
ewallet_00288,"Please allow saving frequent transactions (e.g. send money to bank, pay credit card bills and others). You already have the option to Add Biller as Favorite but it is not complete. Kindly improve the app UI and Functions. Thank you.",feature_request,GCash,Google Play (Kaggle public dataset),5,2019-01-19T07:03:54.000Z,strict_rule_relabel,presentation
ewallet_00291,Bad and very slow processing of raised concerns - My request for reversal of my sent money is still pending for 6days now (and counting) !!! I was told that it can only be resolved in less than 48hrs or 2days!!! We have already made several follow ups thru 2882 hotline. You even did not tell or send us msg why it was delayed. This is not acceptable.,transfer_issue,GCash,Google Play (Kaggle public dataset),1,2019-05-22T12:25:57.000Z,strict_rule_relabel,presentation
ewallet_00292,I transfered money to BPI last may 03 2019 at 10 pm. the money was deducted to my wallet and I have a transaction Id but I never receipt any text or email that my transaction was a success. I called 2882 but theres no option for me to talk to an agent. I even went to a globe store and talk a gcash agent but its a waste of time. I sent email regading my concerns but its no help. they keep sending you electronic msgs wc is no help. Its a SCAM.you guys better to answer questions directly.,payment_failure,GCash,Google Play (Kaggle public dataset),1,2019-05-06T04:06:05.000Z,strict_rule_relabel,presentation
ewallet_00309,"Can't cash in from security bank app, to gcash",transfer_issue,GCash,Google Play (Kaggle public dataset),4,2019-05-12T07:23:15.000Z,strict_rule_relabel,presentation
ewallet_00310,bad services app . errors in cash in and errors on buying load,transfer_issue,GCash,Google Play (Kaggle public dataset),1,2019-06-13T17:06:03.000Z,strict_rule_relabel,presentation
ewallet_00324,someone or a hacker tried to access my account but failed to do so cause I received a notification about failed login for 3 times - THIS IS NOT ACCEPTABLE. PLS UPDATE THIS APP. ADD A ALPHANUMERIC PASSWORD OPTION IN THE SETTINGS TO MAKE IT MORE SECURE.,account_access_issue,GCash,Google Play (Kaggle public dataset),1,2019-05-19T17:05:04.000Z,strict_rule_relabel,presentation
ewallet_00331,cash in problem. I cash in 17k but an error was encountered. the amount was already deducted from my bank account but was not reflected in my gcash app. the escalation response was slow. very slow. please give my money back.,transfer_issue,GCash,Google Play (Kaggle public dataset),1,2019-06-26T23:59:21.000Z,strict_rule_relabel,presentation
ewallet_00335,paypal cash in is always in maintenance mode. Now I'm having issue with this App. A popup always displays telling me to update my profile and can't use the app.,transfer_issue,GCash,Google Play (Kaggle public dataset),1,2019-06-29T01:27:29.000Z,strict_rule_relabel,presentation
ewallet_00344,"yinaasan ko na ang score. ang complain ko lang sa 7/11 wala na silang option mag cash in kasi palagi error,sa customer service grabe ang tgal maghintay tapos ang bank transfer plaging may error minsan pag emergency mahirap mga bank transfer",transfer_issue,GCash,Google Play (Kaggle public dataset),4,2019-07-01T19:21:09.000Z,strict_rule_relabel,presentation
ewallet_00345,please come up with a GCredit card as the app is not reliable even with good internet connection and tends to lag/send error during access or after the QR code has been scanned. It is such a shame everytime that happens! it happened to me twice in this week alone. Come up with a GCredit Card as alternative.,payment_failure,GCash,Google Play (Kaggle public dataset),3,2019-08-02T01:55:30.000Z,strict_rule_relabel,presentation
ewallet_00350,"Experienced a lot of inconvenience with this app. Already had trouble with missing cash in and withdrawal twice. Plus, rude customer service. They don't even know anything about running promos.",transfer_issue,GCash,Google Play (Kaggle public dataset),1,2019-07-02T12:05:44.000Z,strict_rule_relabel,presentation
ewallet_00362,I ALWAYS EXPERIENCE FAILED TRANSACTIONS! I CAN'T USE MY VOUCHER AND I CAN'T PAY BILLS.AND PLEASE IMPROVE YOUR HISTORY TRANSACTIONS.ALL TRANSACTIONS SHOULD BE SAVED SINCE THE 1ST TIME WE MADE TRANSACTIONS! -Will edit this once your app has been fix,payment_failure,GCash,Google Play (Kaggle public dataset),1,2019-08-09T03:28:22.000Z,strict_rule_relabel,presentation
ewallet_00370,"Verification is bugged, it doesn't let me verify. The link that Gcash sent to me takes forever to load. After filling all the personal data, it won't verify",account_access_issue,GCash,Google Play (Kaggle public dataset),2,2018-07-23T08:52:31.000Z,strict_rule_relabel,presentation
ewallet_00371,"I bought a load last night and upon confirming the transaction, I was prompted with a pop-up message stating that the payment/deduction from my fund for my requested transaction has failed, but upon checking my current balance, the supposed amount was deducted and what's worst is the load was not received. I already sent a ticket to your customer service but after 10 hours, I still got no reply from you. Now I can't do any transactions with you as I'm always prompted with an ""error"".",payment_failure,GCash,Google Play (Kaggle public dataset),1,2019-08-15T00:23:06.000Z,strict_rule_relabel,presentation
ewallet_00373,"I send money from my Gcash to my eastwest bank account, money was gone from my gcash and also it's not reflecting on my bank account!!!! is this a scam Gcash!!!! I need my money back!!!",transfer_issue,GCash,Google Play (Kaggle public dataset),1,2019-06-15T04:40:49.000Z,strict_rule_relabel,presentation
ewallet_00374,I don't know where to get my MPIN... and then they said my account is locked... but I don't have an account yet,account_access_issue,GCash,Google Play (Kaggle public dataset),2,2018-08-01T15:05:01.000Z,strict_rule_relabel,presentation
ewallet_00380,"This app is so inconvenient , I tried to use this app to pay clothes that I ordered and went to 7eleven and the machine just loads and shows an error afterwards when I put my phone number and amount to cash in, I went to cebuanna and lbc they are always offline and Villiarica is the only one where you can actually can cash in however they are not accepting I.D's like philhealth, company and TIN even though I used my TIN I.D to get fully verified on the app. So ridiculous I won't use this anymore",transfer_issue,GCash,Google Play (Kaggle public dataset),1,2019-07-19T03:50:32.000Z,strict_rule_relabel,presentation
ewallet_00397,"honestly, this app is very useful and convenient. unfortunately, just right after updating, I can't BUY LOAD anymore. it says there that MY REBATES is not available? So I can't tick any amount; there's no available amount for me to tick. Is this a momentary glitch or something? I have enough balance to buy load, so I just got confused with this situation. I hope you could help me with this one. thanks",feature_request,GCash,Google Play (Kaggle public dataset),2,2019-05-23T21:09:44.000Z,strict_rule_relabel,presentation
ewallet_00409,"The app works fine with me, until. I had a problem about the transaction I made, it says error when I confirmed it, but they deducted the amount from my wallet and the biller didnt even recieve my payment. Until now, they have not given me any resolution to the problem. If you cannot fix, then please return my money. Hayy naku! Emailed ur cs already but kept asking the same infos without resolution. I need you to please fix it!",payment_failure,GCash,Google Play (Kaggle public dataset),1,2019-09-01T18:04:50.000Z,strict_rule_relabel,presentation
ewallet_00410,Useless app can't log in to my account using my mpin,account_access_issue,GCash,Google Play (Kaggle public dataset),1,2018-09-14T02:37:45.000Z,strict_rule_relabel,presentation
ewallet_00414,I've been experiencing a lot of trouble using Gcash. 1. I tried to verify my email but after asking for a verification code nothing was sent to my email. 2. Even though I got a strong internet connection I cannot access some features like bank transfer or even use the load. 3. I even thought that the problem was my email so I tried changing my email. But I cannot edit my profile so that I can change my email. The app is keeping me from editing my profile. 4. more problems...,transfer_issue,GCash,Google Play (Kaggle public dataset),1,2019-08-10T03:05:36.000Z,strict_rule_relabel,presentation
ewallet_00419,I'm very disappointed now! Can't send money to bank it says there is something a problem please try again later. (Code KER3) What should I do please help me with this!,transfer_issue,GCash,Google Play (Kaggle public dataset),5,2019-08-12T00:27:32.000Z,strict_rule_relabel,presentation
ewallet_00430,Great! But usually the cash in/out timely has problems on remittances,transfer_issue,GCash,Google Play (Kaggle public dataset),5,2019-08-13T02:33:06.000Z,strict_rule_relabel,presentation
ewallet_00435,hello there!!!i already have my cash in...the problem is i cant log in or downloading apps...how can i transfer my wallet it is an emergency...pls do help me.,transfer_issue,GCash,Google Play (Kaggle public dataset),1,2019-08-13T11:47:50.000Z,strict_rule_relabel,presentation
ewallet_00439,i hope you bring back the payment option for SSS.thanks,feature_request,GCash,Google Play (Kaggle public dataset),4,2019-06-26T01:21:20.000Z,strict_rule_relabel,presentation
ewallet_00443,"Sa umpisa Lang Pala maganda Yung gcash, biruin mo mag babayad ka sa grocery tpos pila sa likod mo mahaba, biglang ang tagal lumabas ng payment details mo using qr scan. DB na kakahiya sa mga ka sunod mo sa line, Naka simangot na sayo, di inulit ko, biglang nag pursue Pala ung unang transaction na Kala ko error di na double debit ako. Ngyn ni follow up ko Yung problem hindi MA contact ung 2882 lagi nilalaglag Yung tawag ko. In short walang matawagan for complaints ng problem mo. U disappointed me",payment_failure,GCash,Google Play (Kaggle public dataset),2,2019-09-30T10:21:59.000Z,strict_rule_relabel,presentation
ewallet_00444,i have a very good experience to this app even the gcash care is good in solving my problems regarding wrong cash in number.thankyou and more clients to comee,transfer_issue,GCash,Google Play (Kaggle public dataset),5,2019-08-15T05:23:16.000Z,strict_rule_relabel,presentation
ewallet_00448,QR code not working when paying at waltermart supermarket.,payment_failure,GCash,Google Play (Kaggle public dataset),3,2019-10-06T10:16:11.000Z,strict_rule_relabel,presentation
ewallet_00459,"After 3 wrong password attempts, my GCash is locked. Now I can't recover it!!!",account_access_issue,GCash,Google Play (Kaggle public dataset),1,2018-12-02T01:09:32.000Z,strict_rule_relabel,presentation
ewallet_00463,a lot of transaction problems experienced. getting charged and transaction not completed. service support very bad. not dependable system.,payment_failure,GCash,Google Play (Kaggle public dataset),1,2019-10-22T02:14:15.000Z,strict_rule_relabel,presentation
ewallet_00465,"easily logs you out for just a very short time makes it kinda difficult to copy and paste outside source to this app, but other than that it's useful and quite handy. Suggestion; get more partners for cash-out and cash-in. needs improvement, not bad for a locally made app here in PH.",transfer_issue,GCash,Google Play (Kaggle public dataset),4,2019-08-01T20:30:57.000Z,strict_rule_relabel,presentation
ewallet_00467,Do not use this app. Charged my debit card but it did not reflect on Gcash. Called the hotline but they were not helpful at all. The experience was not smooth at all. Frequent app crashes and cash in or out errors. Cannot connect with Paypal $ currency. Needed to call mobile customer care just to get connected with Gcash.,transfer_issue,GCash,Google Play (Kaggle public dataset),1,2019-09-02T09:09:07.000Z,strict_rule_relabel,presentation
ewallet_00468,"No gcash rebates always when im using load... and my gcash master cash not yet recieve dated aug. 2019, i dont what is the problem always says yr concern is in the bla.bla.bla... the bills payment ok...",payment_failure,GCash,Google Play (Kaggle public dataset),3,2019-10-23T11:25:13.000Z,strict_rule_relabel,presentation
ewallet_00471,scam amp nag pa cash in ako ng 250 tapos pag dating ng gamin pins naging blanko,transfer_issue,GCash,Google Play (Kaggle public dataset),1,2019-07-09T14:09:36.000Z,strict_rule_relabel,presentation
ewallet_00475,I tried so many times to send money via this app. But still error!!!,transfer_issue,GCash,Google Play (Kaggle public dataset),1,2019-09-08T04:58:50.000Z,strict_rule_relabel,presentation
ewallet_00484,Not working properly when i'm trying to cash in using my atm it's not working,transfer_issue,GCash,Google Play (Kaggle public dataset),3,2019-09-14T08:55:40.000Z,strict_rule_relabel,presentation
ewallet_00487,"It was good for the first few days but now, I can't access it... It just shows a black screen! What's happening gcash? I need to send money to someone. Please do fix this problem! Will change rating when this gets sorted!",transfer_issue,GCash,Google Play (Kaggle public dataset),2,2019-09-14T14:01:34.000Z,strict_rule_relabel,presentation
ewallet_00490,"Cash in my money thru paypal but it was not reflected on my account but deducted my money already. Then, I can't login back to my account showing different errors. It pisses me off since it is holiday and I need my money.",transfer_issue,GCash,Google Play (Kaggle public dataset),1,2018-12-22T09:13:41.000Z,strict_rule_relabel,presentation
ewallet_00497,"Very incovenient to cash in, online bank transfer fails alot, cash in centers like cebuana, palawan and 711 would always say ""offline"" or ""slow internet"".",transfer_issue,GCash,Google Play (Kaggle public dataset),1,2019-09-22T08:25:26.000Z,strict_rule_relabel,presentation
ewallet_00498,suggestion buy gcash wallet thru load,feature_request,GCash,Google Play (Kaggle public dataset),1,2019-08-16T14:53:46.000Z,strict_rule_relabel,presentation
ewallet_00503,Can you make added security like OTP when loggin in and increasing variation of MPIN to 6 digits,account_access_issue,GCash,Google Play (Kaggle public dataset),2,2019-07-30T03:08:36.000Z,strict_rule_relabel,presentation
ewallet_00504,But gcash please let us delete our account what if a kid makes an account and couldnt make a transaction PLEASE JUST PLEASE ALLOW US TO DELETE OUR ACCOUNT JUST ONLY THIS MONTH AND U CAN NO LONGER ALLOW ANYONE TO DELETE THEIR ACCOUNT PLEASE GCASH JUST THIS MONTH!And pls what if we dont have money on our wallet but we are still active we open it everyday will we get charged? JUST PLEASE JUST THIS MONTH MAKE A DeleteTHING and u could bring everything back to normal if we get charged what'll happen?,feature_request,GCash,Google Play (Kaggle public dataset),1,2019-08-20T15:29:02.000Z,strict_rule_relabel,presentation
ewallet_00515,"Transfer to Bank is a scam. They will steal your money and no customer service to contact. 2/10 bank transfer are a scam. Whilst 8 will be successful. But still a scam. Please do not invest your money, they do not have customer service. Their email team sucks. Esp. Their facebook team. Instead of resolving your queries, the'yll reply with promotions. - 100 score will not recommend to my friends and colleagues.",transfer_issue,GCash,Google Play (Kaggle public dataset),1,2019-08-03T09:32:40.000Z,strict_rule_relabel,presentation
ewallet_00522,I was trying to call the support hotline since August 1! no chance of getting to someone so i sent a ticket instead frm the help center via the app. my ticket# is 6044082. the ticket is regarding fraudulent charges to my account. it says that i paid to an institution called HOPE BAPTIST CHURCH the transaction was made at around 1am in the morning. Obviously this is fraud i did not authorized the money transfer. Globe so far is not doing anythig to resolve this.,security_concern,GCash,Google Play (Kaggle public dataset),1,2019-08-04T10:27:45.000Z,strict_rule_relabel,presentation
ewallet_00526,I cant send money I cant cash out Even I'm fully verify The issue im using other network How can you fix this I already link my paypal I already cash in from paypal Nid assistance here Your hotline not helpful,transfer_issue,GCash,Google Play (Kaggle public dataset),1,2019-10-01T13:50:19.000Z,strict_rule_relabel,presentation
ewallet_00534,your service sucks. my account has ben locked for attempting an mpin which i do not have then you didnt give me a tempoary mpin to recover my account,account_access_issue,GCash,Google Play (Kaggle public dataset),1,2019-01-27T03:24:24.000Z,strict_rule_relabel,presentation
ewallet_00535,I always having problems with cash in to my account,transfer_issue,GCash,Google Play (Kaggle public dataset),1,2019-10-13T08:47:26.000Z,strict_rule_relabel,presentation
ewallet_00537,"Worst experience ever. I sent email to their support to cancel one of my transaction. They replied to me that my transaction was non refundable. But customer service provided me different info, they told me to wait 1 to two months for the approval of my refund. So are they just giving me false hope that I could still get my money back. It was so confusing and I feel helpless. They should improve their customer service because it's very inconvenient to use this app for transactions.",payment_failure,GCash,Google Play (Kaggle public dataset),1,2019-09-19T23:16:53.000Z,strict_rule_relabel,presentation
ewallet_00540,"Gcash is very disappointing .. i have a problem in cash in, i already contacted them through email and calls but no ones answering my questions since October 14,2019 up to now. the problem i was reported hasnt solve yet .. how come they told me at first to give them screenshot of my transaction, then i give them that,m all my proof but now no ones answering my email and calls .. this is not a joke .. i want my money back !!!!!!!!!",transfer_issue,GCash,Google Play (Kaggle public dataset),1,2019-10-16T02:02:30.000Z,strict_rule_relabel,presentation
ewallet_00553,Counting unsuccessful transfers against transaction limit is just unacceptable. Now I can't access my funds and wait till next month because that's when my limit resets. You don't even provide other options on how I can have access to my funds because even bill payment doesn't work anymore. This is what you call convenience? ...,payment_failure,GCash,Google Play (Kaggle public dataset),1,2019-12-20T06:09:04.000Z,strict_rule_relabel,presentation
ewallet_00558,Can you add company I'd for verification I only had company Id IF YOU DO THAT I WILL GIVE YOU 5 STAR,feature_request,GCash,Google Play (Kaggle public dataset),3,2019-10-16T00:49:44.000Z,strict_rule_relabel,presentation
ewallet_00559,"Since the 12/13 update, I couldn't pay my bills using GCredit. As others here mentioned, pay via QR is also not working for me, nor does generating QR. App says check my internet connection (when on LTE) or returns an error Code WV1 (when on fiber internet). Hope they release a fix ASAP; customer service is no help.",payment_failure,GCash,Google Play (Kaggle public dataset),1,2019-12-21T01:45:39.000Z,strict_rule_relabel,presentation
ewallet_00563,"Why is there still no cash in? It's been months that I want to cash in, in gcash but all remittance are still not available for cash in and I'm getting irritated for this process. When will this problem be solve anyway?",transfer_issue,GCash,Google Play (Kaggle public dataset),2,2019-11-11T09:46:56.000Z,strict_rule_relabel,presentation
ewallet_00564,i cannot retrieve my account. though i have the cp number if mine. someone hacked my gcash but i cannot retrieve my mpin.. nonsense app at all..sorry but im so disappointed until now.. no answer at all..,account_access_issue,GCash,Google Play (Kaggle public dataset),1,2019-08-14T18:36:52.000Z,strict_rule_relabel,presentation
ewallet_00566,Fix the problem i canot send money via gcash to gcash thr system are verry slow to transact money via g cash.,transfer_issue,GCash,Google Play (Kaggle public dataset),2,2019-11-11T19:09:41.000Z,strict_rule_relabel,presentation
ewallet_00567,Can you please add some online store like shoppee to your partner merchant to make purchase less hassle?,feature_request,GCash,Google Play (Kaggle public dataset),4,2019-10-19T15:50:20.000Z,strict_rule_relabel,presentation
ewallet_00578,ANO NANGYAYARI SA GCASH? NGAUN?? HINDI PO AKO MAKAPAG CASH OUT DAHIL MAY AUTOMATICALLY PROBLEM MAY KAILANGAN AKONG BAYARAN UNG PERA KO PO NASA GCASH KAYA PLEASE AYUSIN NYO NAMAN PO.,transfer_issue,GCash,Google Play (Kaggle public dataset),1,2019-12-06T06:42:58.000Z,strict_rule_relabel,presentation
ewallet_00581,My account was hacked and I don't know why. Once I open the app there's always popping up saying that my account was logged in on another device. I already changed my password 3 times in a row but they can still access! They also tried linking BPI into my account!!,account_access_issue,GCash,Google Play (Kaggle public dataset),1,2019-08-19T14:19:32.000Z,strict_rule_relabel,presentation
ewallet_00583,"I have been using gcash for nearly couple of years. And hadn't have any problem until just now. I Was trying to cash in from paypal and prompted to reverify my acct. I use my passport and everytime i scan it there was an error ""make sure you have the right ID"" like it's my passport! I don't have any alternative ID as i was recently victim of a robbery. Called 2882 several times and nobody seems to care and Help. I dont need your sorry. I need my freaking money!",transfer_issue,GCash,Google Play (Kaggle public dataset),1,2019-12-07T22:46:08.000Z,strict_rule_relabel,presentation
ewallet_00585,"I used to like GCash because at first it was very convenient to use..I even endorsed it to my friends.. but now, I cannot cash in because the app doesn't allow me to create a generic barcode. It says that I am logged in to other device then the app will automatically close. I can't even cash in in 7-eleven, it always shows error. Please fix this. It sucks!",transfer_issue,GCash,Google Play (Kaggle public dataset),1,2019-12-08T16:20:34.000Z,strict_rule_relabel,presentation
ewallet_00586,this is scam my mpin change after refer Don't download g cash this is scam,account_access_issue,GCash,Google Play (Kaggle public dataset),1,2019-08-20T06:57:52.000Z,strict_rule_relabel,presentation
ewallet_00589,"Barcode issue When trying to use barcode generator on cash in, the app was automatically logout.",transfer_issue,GCash,Google Play (Kaggle public dataset),2,2019-12-09T04:32:08.000Z,strict_rule_relabel,presentation
ewallet_00592,"Worse application and worse service, my money is stuck in Gcash I cannot transfer it to my bank acct. It says insufficient funds... Crazy!! Fix this I need my money.",transfer_issue,GCash,Google Play (Kaggle public dataset),1,2019-12-13T10:47:55.000Z,strict_rule_relabel,presentation
ewallet_00595,Easier cash transfer sometimes have error but not big deal.,transfer_issue,GCash,Google Play (Kaggle public dataset),4,2019-12-15T21:44:34.000Z,strict_rule_relabel,presentation
ewallet_00600,its Good but Why I Can't LOG IN or Access anymore..,account_access_issue,GCash,Google Play (Kaggle public dataset),4,2019-02-21T06:42:40.000Z,strict_rule_relabel,presentation
ewallet_00601,please add biometric feature,feature_request,GCash,Google Play (Kaggle public dataset),4,2019-12-09T16:06:10.000Z,strict_rule_relabel,presentation
ewallet_00602,"Gcash CAN'T resolve this ongoing issue for a month now. Payment has been made on time for my Gcredit but they still suspended my account. They wanted me to pay the ZERO balance..like whaaat? Paano bayaran ang 0 balance at 0 penalty? Multiple tickets has been opened. Talked to different Gcash reps through email, 2882 hotline, live chat on Gcash app, wecarefuselending email but all I am getting was false assurances. No one can answer why it remains suspended when there's no unpaid balance.",payment_failure,GCash,Google Play (Kaggle public dataset),1,2020-01-07T00:31:34.000Z,strict_rule_relabel,presentation
ewallet_00605,"Paid meralco bills using the app. The transactions were successfully processed. But few days later, I received messages that all three transactions were unsuccessfully processed due to system activity. I cannot pay via payment app/bayad center anymore since the bills are already overdue. The system should inform us immediately if the payment is unsuccessfull.",payment_failure,GCash,Google Play (Kaggle public dataset),1,2020-01-07T01:09:28.000Z,strict_rule_relabel,presentation
ewallet_00608,"i have a great experience using you service. Thanks much Gcash. i have a suggestion. what if you add some features, like we can transfer gcash to load wallet of a retailer sim. Thank you.",feature_request,GCash,Google Play (Kaggle public dataset),5,2019-12-15T22:51:50.000Z,strict_rule_relabel,presentation
ewallet_00609,"Poor customer service, i cash in and didn't received any money but they deduct it to my bank account. Specialist says my transaction failed and insist to go to my bank. Now i am the one resolving this matter when the problem is with them.",transfer_issue,GCash,Google Play (Kaggle public dataset),1,2020-01-11T03:01:39.000Z,strict_rule_relabel,presentation
ewallet_00612,"Fully verified as of last year and was able to use all features as a fully verified user. As of now it's still reflecting on the app that my account is fully verified but was not able to access some features. Already spoke with gcash cust service and advised that my account is semi-verified. WTH! Now, I can't even send money to any gcash account and my money is stuck in the app! I already emailed you and was advised that the rep will raised it to your support team. Here's the ticket #7773294 FYI",transfer_issue,GCash,Google Play (Kaggle public dataset),1,2019-12-21T01:21:18.000Z,strict_rule_relabel,presentation
ewallet_00615,"GCASH HIDDEN CHARGES . i do cash in on 7/11 store. i do 2 consecutive transactions, the first transaction ammounted Php 6,600.00, and the second was Php 10,000.00, shortly after the transactions, i received confirmation sms from GCASH indicating that i only received 6,490.35 on my first transaction and only 9,803.92 on second transaction. THIS IS A BIG BIG SCAM . THEY WILL CHARGE YOU 2 % PAG MG CASH IN KA NG 5K UP. . D KA NILA I CCHARGE PG 5K BELOW. SO MEANS DAPAT PA 4.9K LANG ANG PAG CASH IN P",transfer_issue,GCash,Google Play (Kaggle public dataset),1,2019-08-28T15:08:58.000Z,strict_rule_relabel,presentation
ewallet_00617,cannot log in get always same error HL3,account_access_issue,GCash,Google Play (Kaggle public dataset),1,2019-02-26T13:21:43.000Z,strict_rule_relabel,presentation
ewallet_00620,"Used to love this app! But starting 2020, whenever I try to cash in from my BPI account, it always says that they are unable to process my transaction :(",transfer_issue,GCash,Google Play (Kaggle public dataset),1,2020-01-14T12:10:58.000Z,strict_rule_relabel,presentation
ewallet_00621,"I cant cash in using cliqq, it always says that there is a problem with the partner.",transfer_issue,GCash,Google Play (Kaggle public dataset),1,2019-12-30T06:11:03.000Z,strict_rule_relabel,presentation
ewallet_00622,Its very helpful but I can't verify my email. Please make it fast when sending verification code to email,account_access_issue,GCash,Google Play (Kaggle public dataset),4,2019-02-26T20:16:14.000Z,strict_rule_relabel,presentation
ewallet_00627,"My cash in issue has not been solve. I've been reporting this numerous time already. They will give you the templated trouble shooting, same questions again and again. Then you have to repeat the same actions all over again. Gcash customer service is not good at all.",transfer_issue,GCash,Google Play (Kaggle public dataset),1,2020-01-09T10:40:05.000Z,strict_rule_relabel,presentation
ewallet_00636,Always failed when cashin with PayPal. Poor service,transfer_issue,GCash,Google Play (Kaggle public dataset),1,2020-01-10T08:33:50.000Z,strict_rule_relabel,presentation
ewallet_00644,I was using it for a long time but just today i cashed in a large amount of money but it was not credited in my Gcash account. I needed that money asap but couldn't get hold of it. I feel scammed because it was deducted from my savings account. I've emailed the customer service hotline but the reply is too slow. I need a refund asap! Also i couldn't log on anymore because it doesnt give me the the authentication code!!! WHAT THE HELL IS HAPPENING!!!!,payment_failure,GCash,Google Play (Kaggle public dataset),1,2019-09-05T11:18:22.000Z,strict_rule_relabel,presentation
ewallet_00648,"It would be great if there is an option to save credit card info on ""my saved billers"", to avoid mistakes when paying. It would have been 5 stars if this suggestion is available.",feature_request,GCash,Google Play (Kaggle public dataset),4,2020-01-08T06:23:47.000Z,strict_rule_relabel,presentation
ewallet_00663,Please add feature: remove friend,feature_request,GCash,Google Play (Kaggle public dataset),2,2020-01-20T04:02:44.000Z,strict_rule_relabel,presentation
ewallet_00670,Please add finger print authentication,feature_request,GCash,Google Play (Kaggle public dataset),3,2020-01-24T03:34:54.000Z,strict_rule_relabel,presentation
ewallet_00678,"All are working except for Savings feature, unable to open Savings account. Also there are moments that Cash in feature is not working even though it's always working in the past.",transfer_issue,GCash,Google Play (Kaggle public dataset),4,2020-02-06T05:19:54.000Z,strict_rule_relabel,presentation
ewallet_00681,What is happening to your GCredit!? I will not pay additonal interest charges if my payment gets delayed for your system issues,payment_failure,GCash,Google Play (Kaggle public dataset),1,2020-02-08T00:23:35.000Z,strict_rule_relabel,presentation
ewallet_00705,"Puting gala tung gcash 100pesos ku na nag eerror Hindi nila eni refund, dalawang lingo na aku nag intay sa refund nila,,hindi wala pa aku na tangap kahit piso na refund putang gala talaga halos araw2 nalang aku nag papa lowup sa hotline nila, wala namang nang yari,, Sabi nang hotline nila na wala namang kwenta, 3working days daw, mag refund yung gagong gcash, 2lingo nalang wala pa puta talaga anu kaya tawag sa ganito,, scammer, kayu Kasi yung isa kung kasa 500,, 1month mahigit nag hintay,, refu",payment_failure,GCash,Google Play (Kaggle public dataset),1,2019-10-06T13:31:41.000Z,strict_rule_relabel,presentation
ewallet_00713,I can't log in. with my mpin number,account_access_issue,GCash,Google Play (Kaggle public dataset),1,2019-03-23T10:56:49.000Z,strict_rule_relabel,presentation
ewallet_00714,"I so happened to cash in incorrectly, I entered a wrong last four digits of my number then I tried to report issue so I could get back my money but it became so complicated and hard. I never get back my money even I have the cash in receipt. They never transfer my money even I reported the issue. They just say that there's no way to transfer back my money. So sad. I hope that they can manage this issues right away. But the other like loading, paying bills, paying via QR code/barcode was great.",payment_failure,GCash,Google Play (Kaggle public dataset),3,2020-03-12T04:44:39.000Z,strict_rule_relabel,presentation
ewallet_00715,Makes my life more easier. I got problem with Gcash just yesterday about my Netflix deduction payment not process. I called the customer service and they refunded me less than 24 hours. There are times that they really having error but I can really see that they are trying their beat to improve their system. Kudos to Gcash!,payment_failure,GCash,Google Play (Kaggle public dataset),5,2020-02-29T19:27:37.000Z,strict_rule_relabel,presentation
ewallet_00720,I had a problem since the update. Unable to cash in even its only 1k. The support team have been unresponsive since the 15th. They shouldnt have rolled out the update with these bugs. It was very inconvenient.,transfer_issue,GCash,Google Play (Kaggle public dataset),1,2020-03-19T17:37:51.000Z,strict_rule_relabel,presentation
ewallet_00728,Can't refund an unauthorized charge/family fraud. You need to fill up a form and a permission from the app where your money got charged. This is a mobile app. How can you fill up a form using mobile?!!! If it is a family fraud you should let your customers refund it after the verification. Not making them fill u pa effin form!,payment_failure,GCash,Google Play (Kaggle public dataset),2,2019-10-16T00:44:03.000Z,strict_rule_relabel,presentation
ewallet_00729,"This app updates too frequently. Yeah it is too improve the app but atleast allow us to use it with the outdated version. Plus, it would be better if we can use the app even without an internet connection as long as we're using the mobile data from globe.",feature_request,GCash,Google Play (Kaggle public dataset),1,2020-03-12T13:05:44.000Z,strict_rule_relabel,presentation
ewallet_00730,Had a problem in opening my account. Can't pay my bills. Ayaw mag update? Ok na man ang inteenet connection,payment_failure,GCash,Google Play (Kaggle public dataset),1,2020-03-17T07:46:02.000Z,strict_rule_relabel,presentation
ewallet_00737,"great job, my account got locked because of an mpin that was supposedly right gone wrong",account_access_issue,GCash,Google Play (Kaggle public dataset),1,2019-03-30T14:14:32.000Z,strict_rule_relabel,presentation
ewallet_00740,I love the app overall but the only problem is that you cannot transfer your regular load to gcash pls fix this globe,transfer_issue,GCash,Google Play (Kaggle public dataset),5,2020-04-13T07:18:38.000Z,strict_rule_relabel,presentation
ewallet_00741,App sucks. I got locked out for forgetting my mpin. Users should be able to change their pin through email and not through account recovery that I was unaware that I disabled.,account_access_issue,GCash,Google Play (Kaggle public dataset),1,2019-04-01T06:05:29.000Z,strict_rule_relabel,presentation
ewallet_00748,Gcash please add Cherry Credit at e-games load,feature_request,GCash,Google Play (Kaggle public dataset),4,2020-03-28T01:47:06.000Z,strict_rule_relabel,presentation
ewallet_00754,Useless app and poor customer service. Plus they stole my money I tried to use to pay my online bills and they don't post it on your statement in gcash. My money was just gone! They told you transaction error but then deducted the amount which they did not sent any confirmation to me. Hi Gcash you should face legal charges,payment_failure,GCash,Google Play (Kaggle public dataset),1,2020-04-13T17:48:25.000Z,strict_rule_relabel,presentation
ewallet_00756,"I have been getting errors lately with the app from logging in , bank transfer and send money.",transfer_issue,GCash,Google Play (Kaggle public dataset),1,2020-04-21T06:49:32.000Z,strict_rule_relabel,presentation
ewallet_00757,Please answer my suggestion? Why not recieveng for my invite to other people?? Please process to my posting thinks??,feature_request,GCash,Google Play (Kaggle public dataset),4,2020-04-08T02:15:41.000Z,strict_rule_relabel,presentation
ewallet_00760,Gcash is very helpful that's but I only gave 4 stars because there's always room for improvement and one of that is creating/implementing bitcoin wallet or any other cryptocurrencies since we're in digital world. That's my only one suggestion/recommendation. I'll make it 5 stars when you have it.,feature_request,GCash,Google Play (Kaggle public dataset),4,2020-04-08T07:13:07.000Z,strict_rule_relabel,presentation
ewallet_00764,"It would be great if you can allow the regular load to be transferred into gcash, but no you dont. Very inconvenient during this time",feature_request,GCash,Google Play (Kaggle public dataset),1,2020-04-08T11:05:03.000Z,strict_rule_relabel,presentation
ewallet_00766,I should give it 4 or 5 stars when this app is working fine but I will give this app 3 star due to unreliability. It always have issues. Most of the time it is offline if you wanted to cash out or always under maintenance. Just cash in through bank transfer and it went through but when I try to use my fund it was unavailable. Cannot even buy load or transfer back the funds to where it came from so I can use it. Now my fund was stuck in the app.,transfer_issue,GCash,Google Play (Kaggle public dataset),3,2020-04-23T12:54:03.000Z,strict_rule_relabel,presentation
ewallet_00768,"Seems a promising app too bad in my case. seems like globe has recycled their mobile number without wiping out old user details info like in gcash. So here I am... tried to install and setup gcash only to find out its already asking for a mpin. So ok, I tried to use the forgot mpin but frustratingly what is waiting on next screen are security questions which most likely the old user has set and i have no way of knowing the answers... so a dead end.",account_access_issue,GCash,Google Play (Kaggle public dataset),1,2019-10-31T12:51:45.000Z,strict_rule_relabel,presentation
ewallet_00776,could not pay bills. encountered error everytime i try.,payment_failure,GCash,Google Play (Kaggle public dataset),2,2020-04-23T04:53:51.000Z,strict_rule_relabel,presentation
ewallet_00777,"i cannot log in,i dont know what happening,even if i still putting my mpin they say opps im sorry u exceed ur time putting ur mpin,i dont know what to do",account_access_issue,GCash,Google Play (Kaggle public dataset),1,2019-04-08T22:14:12.000Z,strict_rule_relabel,presentation
ewallet_00780,You can't access the app without internet means if you want to load for surfing. You can't use your balance on Gcash . Suggestion: Make us login the app for free.,feature_request,GCash,Google Play (Kaggle public dataset),1,2020-04-14T07:08:11.000Z,strict_rule_relabel,presentation
ewallet_00781,"My money is stuck since the limit hasnt restarted. I can't cash in, transfer, send or even reload my phone. I dont understand why i cant increase my limit. But even worse is its been 2 weeks and i cant even move my money to my savings account.",transfer_issue,GCash,Google Play (Kaggle public dataset),1,2020-04-29T13:10:32.000Z,strict_rule_relabel,presentation
ewallet_00783,Was ok. But now I'm unable to pay bills! Keeps asking for an email address but error message/unable to process request pops up! Been trying for 3 days now.,payment_failure,GCash,Google Play (Kaggle public dataset),2,2020-04-28T15:20:43.000Z,strict_rule_relabel,presentation
ewallet_00795,Ano ba ang problema ng gcash bakit unavailable nnmn ang gcash. Pls fix the problem po pls need ko mag cash in halos araw2 nlang may problema ang gcash.haist,transfer_issue,GCash,Google Play (Kaggle public dataset),2,2020-05-03T05:42:58.000Z,strict_rule_relabel,presentation
ewallet_00803,"I can't open the app since yesterday.I checked google store if needs to be updated, but did not give me the option.I hope you guys could sort this out.This is the first time I experience this problem. Non the less I still love GCash.",feature_request,GCash,Google Play (Kaggle public dataset),4,2020-04-24T09:29:19.000Z,strict_rule_relabel,presentation
ewallet_00807,maganda sana gcash. pero mas ok sana kung ung reflection ng mga transactions lumalabas agad. lalo na pag sa load ang transaction na gagawin. kasi once na magkamali ng type ng number ang customer. makikita agad at masusulusyonan agad. e kung 24 hours bago lumabas ung transaction. mahirap. sana mapansin nyo ang suggestion ko. at magawan ng solusyon. salamat,feature_request,GCash,Google Play (Kaggle public dataset),3,2020-04-25T03:36:49.000Z,strict_rule_relabel,presentation
ewallet_00808,"Always having a problem on payday! I can't even used this app to pay my bill's, it always says GCash # error. Although my GCash# is fully verified. The problem, always and still existed. That's why I never recommend this to my family and friends.",payment_failure,GCash,Google Play (Kaggle public dataset),1,2020-05-08T07:53:16.000Z,strict_rule_relabel,presentation
ewallet_00815,Please include current balance in transaction history.,feature_request,GCash,Google Play (Kaggle public dataset),3,2020-04-27T06:08:11.000Z,strict_rule_relabel,presentation
ewallet_00823,It was working perfectly the other day. Today it says error everytime i log in with my correct pin. I wasn't able to pay my bills it so dissappointing.,payment_failure,GCash,Google Play (Kaggle public dataset),2,2020-05-12T02:44:17.000Z,strict_rule_relabel,presentation
ewallet_00827,there's a some problem in gcash based on my experience ill cash in 200pesos only 35 pesos i pay for font but now my balance is in 2 pesos can you please fix it,transfer_issue,GCash,Google Play (Kaggle public dataset),4,2020-05-23T16:00:20.000Z,strict_rule_relabel,presentation
ewallet_00831,What is happening to Gcash now? It is really going crazy and I hope they would fix it now.,feature_request,GCash,Google Play (Kaggle public dataset),1,2020-05-12T05:40:59.000Z,strict_rule_relabel,presentation
ewallet_00839,Excellent just had problem with cash out location need to open more cash out locations,transfer_issue,GCash,Google Play (Kaggle public dataset),5,2020-06-07T04:42:22.000Z,strict_rule_relabel,presentation
ewallet_00841,Please add fingerprint authentication or Google authenticator capabilities makes it more secure. Please!,feature_request,GCash,Google Play (Kaggle public dataset),3,2020-05-15T15:46:43.000Z,strict_rule_relabel,presentation
ewallet_00851,Poor gcash its been a month since I order my gcash mastercard but nothing came I'm very mad poor customer service a big scammer I need refund.,payment_failure,GCash,Google Play (Kaggle public dataset),1,2019-12-03T02:36:57.000Z,strict_rule_relabel,presentation
ewallet_00854,"Still having issues when trying to cash in some funds for paying my bills. It always says to email gcash support and when I do, no response.",transfer_issue,GCash,Google Play (Kaggle public dataset),1,2020-06-10T04:46:49.000Z,strict_rule_relabel,presentation
ewallet_00861,"Nakalimutan ko ang mpin ko, click ko ang ""forgot mpin?"" Sa lower right bottom ng app, nagsend ng otp sa number ko it means na ako ung may ari ng account, tas nagtanong ng 3 security questions na ang isasagot ay mamimili ka sa pagpipilian ma wala doon ang tamang isasagot ko, so kahit kelan, hinde magiging tama ang sagot ko. Ang bobo ng apps tinanong ako kung saan nakalink na bank ang gcash account ko, sa pagpipilian, walang bpi, tatlong buwan na akong nagtatranfer ng pera from my bpi account.",account_access_issue,GCash,Google Play (Kaggle public dataset),1,2019-12-08T10:01:45.000Z,strict_rule_relabel,presentation
ewallet_00865,The cash in feature thru western union which i use the most is not working anymore so i might go for another app if this difficulty persists.,transfer_issue,GCash,Google Play (Kaggle public dataset),1,2020-06-13T06:18:20.000Z,strict_rule_relabel,presentation
ewallet_00871,It keeps on asking for an update of my profile. I've tried to update it every time but it still asks for it. Edit: I bought load and it was deducted from my balance but I didn't receive it. I've contacted their support and it said that the transaction was unsuccessful saying that I should just wait for an email from them and they will refund it. Days already passed but still no email from them.,payment_failure,GCash,Google Play (Kaggle public dataset),1,2020-06-07T04:16:57.000Z,strict_rule_relabel,presentation
ewallet_00875,"GCash Care takes forever to respond to your ticket and when they do, they only give the solution to the problem instead of the cause which does not work at all. I keep receiving error message KER3 when I try to tap on Cash In/Out, GScore, Invest Money, Send Money, etc. I give this app 2 stars since you can still buy Steam Wallet codes.",transfer_issue,GCash,Google Play (Kaggle public dataset),3,2020-06-21T08:37:22.000Z,strict_rule_relabel,presentation
ewallet_00877,"There seems to be a problem in your linked bank accounts. I can only cash in after enrolling mt card and after stopping for a few days, it always has an error. This occured to me three times already. I had to re enroll my bank card and wait for the confirmation again or me to be able to cash in.",transfer_issue,GCash,Google Play (Kaggle public dataset),2,2020-06-23T02:24:56.000Z,strict_rule_relabel,presentation
ewallet_00879,I can't log in anymore I can't write my number that starts from 9 but instead it forever me to write full number even rho it has +63 ( Philippines) so after I wrote my number and press Log in it doubled the numeric 00 please fix this I can't get my verification code by this issue.,account_access_issue,GCash,Google Play (Kaggle public dataset),1,2019-05-15T15:17:05.000Z,strict_rule_relabel,presentation
ewallet_00883,"It's good though to send money but, the problem is cannot send money due to typing words and errors pls fix this coz im disappoint for this bug",transfer_issue,GCash,Google Play (Kaggle public dataset),1,2020-06-29T05:39:40.000Z,strict_rule_relabel,presentation
ewallet_00885,I can't log in into my account. I already try to uninstall and install again the app but I can't still log in. Is there any way to log in?,account_access_issue,GCash,Google Play (Kaggle public dataset),3,2019-05-17T03:25:19.000Z,strict_rule_relabel,presentation
ewallet_00886,Pls fix the problem asap. Can't cash in always offline or unavailable,transfer_issue,GCash,Google Play (Kaggle public dataset),3,2020-07-04T09:16:45.000Z,strict_rule_relabel,presentation
ewallet_00893,Hey please allow us to use our student ID for verifying our accounts mwa thanks,feature_request,GCash,Google Play (Kaggle public dataset),3,2020-06-07T12:31:04.000Z,strict_rule_relabel,presentation
ewallet_00894,"At first it was good and smooth, and now I'm so disappointed, I can't cash in with my bank card these past few days, there's always an error popping up, It takes too long to fix the glitches.",transfer_issue,GCash,Google Play (Kaggle public dataset),1,2020-07-10T18:26:28.000Z,strict_rule_relabel,presentation
ewallet_00898,"Please include remaining limit. I did not know I exceeded the limit and now I cannot move money out of gcash (eg pay bills, transfer, cash out are all DISABLED). Not recommended to use gcredit, they ghost charge you and takes 6 months to reverse charges. 2% cash in fee (10000 x 2% = 200) is way too high.",transfer_issue,GCash,Google Play (Kaggle public dataset),1,2020-06-08T03:25:15.000Z,strict_rule_relabel,presentation
ewallet_00901,Please add Students ID on recommended ID,feature_request,GCash,Google Play (Kaggle public dataset),4,2020-06-09T13:54:53.000Z,strict_rule_relabel,presentation
ewallet_00908,"It's a fraud! Promos aren't working. I was able to verify my account, cash in thru my linked banks, then one day it is no lo longer working. Customer service is not even responsive. It's been a week and still haven't got any response from them. Inconvenience! I am not able to do my transactions and even missed my shopping discounts! It brought me stress instead. Stupid app. Always requires you to update, and when you do, it's too slow!",transfer_issue,GCash,Google Play (Kaggle public dataset),1,2019-12-19T08:49:52.000Z,strict_rule_relabel,presentation
ewallet_00912,why i can't log in? after i updated this app.. so disappointed,account_access_issue,GCash,Google Play (Kaggle public dataset),2,2019-05-22T20:08:48.000Z,strict_rule_relabel,presentation
ewallet_00926,Not safe! Warning! Don't use gcash your money is not safe! Someone can access your account or hack them. Their security is disgraceful.,security_concern,GCash,Google Play (Kaggle public dataset),1,2019-12-24T10:16:20.000Z,strict_rule_relabel,presentation
ewallet_00933,I used to love this application with its free cash in/cash out with my linked bank accounts but now they are asking for a 2.5% fee for every cash in with visa/mastercard bank accounts. I think it would be better if they would have a fixed service fee like 10 or 20 Php for every transaction. A 2.5% fee is way too big especially in these times of crisis.,transfer_issue,GCash,Google Play (Kaggle public dataset),1,2020-06-28T06:06:02.000Z,strict_rule_relabel,presentation
ewallet_00963,Pwede bang wag mag lagay ng star dito? Walang kwenta tong app na to. Laging may problema pag dating sa pag cash in sa paypal.,transfer_issue,GCash,Google Play (Kaggle public dataset),1,2020-08-01T10:56:24.000Z,strict_rule_relabel,presentation
ewallet_00966,Mga bugok na developer ng application na to paki ayos naman yung app niyo. Ang laki ng pinag kakatiwala naming pera sa application niyo tapos puro error. Pag verify lang ng email ayaw pa gumana. Lalo pag cash in.,transfer_issue,GCash,Google Play (Kaggle public dataset),1,2020-08-01T16:58:13.000Z,strict_rule_relabel,presentation
ewallet_00967,Nice app please add students ID to the verification my parents won't let me borrow any of the cards please add it. Thanks!,feature_request,GCash,Google Play (Kaggle public dataset),4,2020-07-12T04:59:38.000Z,strict_rule_relabel,presentation
ewallet_00969,Can you please add the TIN ID for account verification. I will change my review if you can make that changes. Thank you.,feature_request,GCash,Google Play (Kaggle public dataset),3,2020-07-12T08:11:15.000Z,strict_rule_relabel,presentation
ewallet_00970,Sometimes it's kinda loading and Get some error. Can't Cash in huhu,transfer_issue,GCash,Google Play (Kaggle public dataset),3,2020-08-04T09:49:17.000Z,strict_rule_relabel,presentation
ewallet_00985,I send money im mistake i entered a wrong nomber im issue teket but nothing happened...,transfer_issue,GCash,Google Play (Kaggle public dataset),3,2020-08-10T04:22:28.000Z,strict_rule_relabel,presentation
ewallet_00989,Cash in from PayPal is not working after updated today. :/ at parang walang mga paki mga customer service. Wala man lang work around na sinasabi. I tried re-linking my account pero same padin.,transfer_issue,GCash,Google Play (Kaggle public dataset),1,2020-08-15T19:53:46.000Z,strict_rule_relabel,presentation
ewallet_00999,I dont have any of the valid IDs recommended. I hope PRC license could be considered.,feature_request,GCash,Google Play (Kaggle public dataset),4,2020-07-23T02:03:48.000Z,strict_rule_relabel,presentation
ewallet_01000,Easy and friendly user. The only problem is the charge for Cash in is very expensive and there is another charge for sending. I wish the charge for Cash should not percentage. Since it is one one transaction only.,transfer_issue,GCash,Google Play (Kaggle public dataset),4,2020-08-20T11:17:20.000Z,strict_rule_relabel,presentation
ewallet_01006,"Okay, so I'm loving this app sincethen i am using it. But now, i hate the new update... I am only a student and dont have any govt IDs yet so its hard for me to get kyc to any online wallets... I am using this gcash for my online transactions but now i dont think i can still do it. Maybe buying load will i only be able to do with it for now... plus the fees...gets higher. Please bring back the olde version gcash",feature_request,GCash,Google Play (Kaggle public dataset),2,2020-07-24T01:24:52.000Z,strict_rule_relabel,presentation
ewallet_01010,Ok ang app kaso minsan may problema din at may 15pesos na pala na service fee pag nag cashin via 711 hindi na gaya ng dati baka habang tumatagal lahat ng service may bayad na wag naman sana. 4star parin,transfer_issue,GCash,Google Play (Kaggle public dataset),4,2020-08-21T13:48:08.000Z,strict_rule_relabel,presentation
ewallet_01015,"The only problem is it always updates. When I need to send money to someone, it suddenly needs to update before I can use the app itself.",transfer_issue,GCash,Google Play (Kaggle public dataset),4,2020-08-23T02:57:47.000Z,strict_rule_relabel,presentation
ewallet_01019,"i want to verify my account, pero bakit laging error...at saka bakit sa spam ko narerecieve yung msg. kung saan nandon ang verification code? Pls po paki sagot po yung concern ko. Thanks in advance..maybe kung maresolve yung issue mabigyan ko po kayo ng mataas na star ratin.",account_access_issue,GCash,Google Play (Kaggle public dataset),1,2019-06-11T09:51:57.000Z,strict_rule_relabel,presentation
ewallet_01026,After going through full verification and receiving confirmation twice that I am fully verified I get a message that my phone number is removed from the app. Then I'm back to square one and redo the verification. Now I cannot verify through the app it says try again later for days now. I contact GCash care via messenger and email but it's frustrating because I feel like I'm talking to a machine.Today I check my GCash account via messenger and it shows I'm fully verified but on the app it's basic,account_access_issue,GCash,Google Play (Kaggle public dataset),1,2019-06-11T23:36:34.000Z,strict_rule_relabel,presentation
ewallet_01033,What's the problem with your app? Every time I try to Send Money or Bank Transfer. It's always Insufficient Funds even though I have enough momey on my gcash? So INCONVENIENT!!!!,transfer_issue,GCash,Google Play (Kaggle public dataset),1,2020-08-31T05:05:31.000Z,strict_rule_relabel,presentation
ewallet_01035,"Email Verification sucks! I followed all the instructions sent by the Gcash care (that sounds like a bot) yet nothing happens and can't verify my email..the verification code sent in my email was always appeared in my spam folder and whenever I type it, it always says ""you entered the incorrect code"" or ""there seems to be a problem please try it later"" been doing the verification for two days!! blah!",account_access_issue,GCash,Google Play (Kaggle public dataset),1,2019-06-13T17:41:38.000Z,strict_rule_relabel,presentation
ewallet_01041,I can't get verified for some reason It reject my Ids I can't even send money or withdraw I have lot of money in my gcash. And no one help u there are unreachable Stupids once Iam able to get my money back will never use it.,transfer_issue,GCash,Google Play (Kaggle public dataset),1,2020-09-05T01:24:01.000Z,strict_rule_relabel,presentation
ewallet_01048,Got scam with gcash. I had an unauthorized transaction. Gcash is not safe guys. Stay away,security_concern,GCash,Google Play (Kaggle public dataset),1,2020-02-28T05:44:10.000Z,strict_rule_relabel,presentation
ewallet_01050,Ang hirap na makapag cash in thru bpi. Laging error na sakin. Dati naman hindi,transfer_issue,GCash,Google Play (Kaggle public dataset),1,2020-09-10T06:24:29.000Z,strict_rule_relabel,presentation
ewallet_01059,i always try to cash in any amount but its alwatlys syst not occur not working why,transfer_issue,GCash,Google Play (Kaggle public dataset),3,2020-09-18T06:08:01.000Z,strict_rule_relabel,presentation
ewallet_01066,"Can you please bring back the TIN ID recommendation from ""Verified Now"" Options",feature_request,GCash,Google Play (Kaggle public dataset),1,2020-08-01T00:23:28.000Z,strict_rule_relabel,presentation
ewallet_01067,I have an issue why I can't cash in in paypal plsss fix,transfer_issue,GCash,Google Play (Kaggle public dataset),1,2020-09-24T00:08:09.000Z,strict_rule_relabel,presentation
ewallet_01073,Always having a trouble accessing my account. Can't open tho i put the correct MPIN. This is very hassle for us most esp when we need to transfer money in a short notice. Hopefully this bug or issue will fix the soonest possible.,account_access_issue,GCash,Google Play (Kaggle public dataset),3,2020-09-27T00:57:35.000Z,strict_rule_relabel,presentation
ewallet_01074,You should add Student's ID. Some of the user doesn't have any ID aside from their student ID.,feature_request,GCash,Google Play (Kaggle public dataset),1,2020-08-02T04:39:38.000Z,strict_rule_relabel,presentation
ewallet_01075,I have an account but I can't log in because I forgot the pin code...What could I do?,account_access_issue,GCash,Google Play (Kaggle public dataset),5,2019-06-19T16:20:44.000Z,strict_rule_relabel,presentation
ewallet_01085,I can't log in on my GCash app.. may MPIN is correct. The number i used to log in is correct. I messaged already gcash thru messenger and email.. I followed all the steps stated on the email.. nothings changed Why? I cannot log in.. huhu,account_access_issue,GCash,Google Play (Kaggle public dataset),2,2019-06-21T11:29:10.000Z,strict_rule_relabel,presentation
ewallet_01088,After updating the app I always have a problem using cash in with my unionbank link account.,transfer_issue,GCash,Google Play (Kaggle public dataset),1,2020-09-30T05:44:48.000Z,strict_rule_relabel,presentation
ewallet_01089,No other way of retrieving/resetting my MPIN since the security questions are not something anyone would remember. Which is great in some cases. Have sent multiple tickets but not heard from anyone. My only option now is to get a new phone #,account_access_issue,GCash,Google Play (Kaggle public dataset),1,2020-03-23T23:57:45.000Z,strict_rule_relabel,presentation
ewallet_01090,can't login after cash in.,transfer_issue,GCash,Google Play (Kaggle public dataset),1,2019-06-22T07:45:55.000Z,strict_rule_relabel,presentation
ewallet_01096,I only have student ID. I don't have any government ID can you please add a optional student ID. Give us consideration.,feature_request,GCash,Google Play (Kaggle public dataset),1,2020-08-06T00:43:57.000Z,strict_rule_relabel,presentation
ewallet_01103,there is a delayed in sending of cash in union bank.until now i don't know if the amount was received by the recipient.,transfer_issue,GCash,Google Play (Kaggle public dataset),1,2020-10-06T11:01:46.000Z,strict_rule_relabel,presentation
ewallet_01107,Its good in all the problem is that i cant send money because im not fully verified can you guys make it so that we can send money even if not fully verified,transfer_issue,GCash,Google Play (Kaggle public dataset),2,2020-10-08T23:09:46.000Z,strict_rule_relabel,presentation
ewallet_01109,Always having a problem on bank transfer,transfer_issue,GCash,Google Play (Kaggle public dataset),1,2020-10-10T17:03:37.000Z,strict_rule_relabel,presentation
ewallet_01118,"I like to used gcash no problem to get load it easy to loading in gcash, when you need too cash in or cash out it easy because they having an outlet in nationwide.It help and very convenient.More power ang goodluck Gcash",transfer_issue,GCash,Google Play (Kaggle public dataset),5,2020-10-25T12:04:00.000Z,strict_rule_relabel,presentation
ewallet_01122,can somebody help me?i cannot log in to Gcash.there is some error code HJL3.Pls advise and fix the problem.Thanks.,account_access_issue,GCash,Google Play (Kaggle public dataset),1,2019-06-24T19:20:26.000Z,strict_rule_relabel,presentation
ewallet_01127,Its convenient but please add prepaid load to g cash,feature_request,GCash,Google Play (Kaggle public dataset),3,2020-08-13T02:39:10.000Z,strict_rule_relabel,presentation
ewallet_01132,"I cannot login even though I'm entering the correct PIN. Error ""There seems to be a problem. Please try again later. (Code HJL3)",account_access_issue,GCash,Google Play (Kaggle public dataset),1,2019-06-25T07:46:21.000Z,strict_rule_relabel,presentation
ewallet_01135,my Gcash app is currently not working. I can't log in using my account. Please help fix this issue asap.,account_access_issue,GCash,Google Play (Kaggle public dataset),1,2019-06-25T08:15:09.000Z,strict_rule_relabel,presentation
ewallet_01143,I can't fully verified my account because I don't have any ID in the recommend ID's. I only have student ID please include student ID again,feature_request,GCash,Google Play (Kaggle public dataset),1,2020-08-15T06:47:23.000Z,strict_rule_relabel,presentation
ewallet_01151,"Everything works fine using this app and its very convenient for me to use, One thing that doesnt satisfy me using this app was about security. Last time it prompts me saying that my account was logged on from another device which i never did. It lacks security, they need to improve the apps security. It should send an OTP to my registered number before i logged in so that no one can access my accnt. It should be the same thing with linked accnt, it should sent OTP before a successful cash in",transfer_issue,GCash,Google Play (Kaggle public dataset),1,2020-04-15T01:59:02.000Z,strict_rule_relabel,presentation
ewallet_01152,Please bring back the student id in the option to be requirement in verification,feature_request,GCash,Google Play (Kaggle public dataset),1,2020-08-17T08:15:33.000Z,strict_rule_relabel,presentation
ewallet_01157,"Becoming like a scam e-wallet, my mom used this to pay a bill and ate here money. Then they're telling that its a technical issue and Gcash can't do anything about it. Instead of providing different ways to tell us to reclaim the money, they are blaming technical issues that is resolvable if taken care of. I won't ever use this app if problems like ""technicality"" cannot be solved then better to use other means to pay bills.",payment_failure,GCash,Google Play (Kaggle public dataset),1,2020-04-16T05:15:01.000Z,strict_rule_relabel,presentation
ewallet_01160,"I already love this app, but the problem is I can't cash in using the app.",transfer_issue,GCash,Google Play (Kaggle public dataset),4,2020-11-12T13:08:25.000Z,strict_rule_relabel,presentation
ewallet_01171,Super inconvent to cash in through PayPal. Lots and lots of errors when the process should've been really simple.,transfer_issue,GCash,Google Play (Kaggle public dataset),1,2020-11-22T06:36:55.000Z,strict_rule_relabel,presentation
ewallet_01175,I find it very difficult to remit my money coz i don't have a government ID i hope company ID could be considered.....,feature_request,GCash,Google Play (Kaggle public dataset),1,2020-08-19T10:25:41.000Z,strict_rule_relabel,presentation
ewallet_01183,"All goods but please add a ""Later"" button for Update",feature_request,GCash,Google Play (Kaggle public dataset),4,2020-08-20T12:57:50.000Z,strict_rule_relabel,presentation
ewallet_01189,App is not reliable always offline when you are trying to cash in.. how can you keep using it if it's always not working... It's not hassle free it will give you headaches just to look where you could cash in...,transfer_issue,GCash,Google Play (Kaggle public dataset),1,2020-12-26T03:07:57.000Z,strict_rule_relabel,presentation
ewallet_01193,I hope they will allow those who had only Student ID.,feature_request,GCash,Google Play (Kaggle public dataset),1,2020-08-23T03:03:51.000Z,strict_rule_relabel,presentation
ewallet_01196,can you plss fix my gcash app. first time i used this is great nothing problem but on December 22 2020 afternoon my aunt send money to my gcash then gcash send me confirmation text that i received money so when i open my gcash app my balance are nothing pls fix this,transfer_issue,GCash,Google Play (Kaggle public dataset),3,2020-12-27T02:00:14.000Z,strict_rule_relabel,presentation
ewallet_01217,Why does this app required to be updated? Not all users have a big space for every update. Please include a later option.,feature_request,GCash,Google Play (Kaggle public dataset),3,2020-08-26T08:15:21.000Z,strict_rule_relabel,presentation
ewallet_01220,I can't log in due I forgot my GCASH password!,account_access_issue,GCash,Google Play (Kaggle public dataset),2,2019-06-29T00:12:27.000Z,strict_rule_relabel,presentation
ewallet_01221,It's hard to cash in via cliqq app or cliqq kiosks ... please fix this issue experiencing this issue for 6 months,transfer_issue,GCash,Google Play (Kaggle public dataset),1,2021-01-08T05:32:19.000Z,strict_rule_relabel,presentation
ewallet_01230,Gcash is good to sending money and buying loads but whenever i want to cash in the server are have problems and also when i want to redeem the load voucher the site are not opening or they have error,transfer_issue,GCash,Google Play (Kaggle public dataset),3,2021-01-18T10:39:10.000Z,strict_rule_relabel,presentation
ewallet_01231,"Always have problems on linking on my master card, difficult to cash in",transfer_issue,GCash,Google Play (Kaggle public dataset),1,2021-01-19T01:06:48.000Z,strict_rule_relabel,presentation
ewallet_01247,"May problem minsan pag nagbayad ka ng bills, may narerecieve na error pero nabawasan na yung gcash mo. Paki ayos naman dev, kaasar csr nyo kausap eh. Panay workaround lang sinasabi, kesyo ok lang daw kasi may text notification naman. E nakakalito kaya, prone na madoble yung payment mo kasi paglabas ng error babawasan na gcash mo pero andun ka pa din sa confirm payment na page.",payment_failure,GCash,Google Play (Kaggle public dataset),2,2021-01-07T00:42:58.000Z,strict_rule_relabel,presentation
ewallet_01251,Please include student id for students who want to use gcash,feature_request,GCash,Google Play (Kaggle public dataset),3,2020-09-05T09:01:04.000Z,strict_rule_relabel,presentation
ewallet_01252,"Twice charged for a payment rejected by Foodpanda. Immediately contacted Gcash help support for this; but, there was no immediate response (unlike FoodPanda who's reply is fast). I would not have used this app if it wasn't widely used. Super late refund. It's been more than 2 weeks already but still no refund yet. Contacted help many times already to follow up but still no credit.",payment_failure,GCash,Google Play (Kaggle public dataset),1,2021-01-09T05:11:18.000Z,strict_rule_relabel,presentation
ewallet_01259,"I cannot login for a few days now.. just getting the error message ""There seems to be a problem. Please try again later. (Code HJL3)."" My wife is also getting the message on her phone/app",account_access_issue,GCash,Google Play (Kaggle public dataset),1,2019-07-02T10:19:19.000Z,strict_rule_relabel,presentation
ewallet_01269,what is code HUL3? i cannot login to mga gcash.thanks!,account_access_issue,GCash,Google Play (Kaggle public dataset),5,2019-07-02T14:33:57.000Z,strict_rule_relabel,presentation
ewallet_01274,"Registration and cashing in went smoothly, until I had to use the money I cashed in. It asked me for a valid ID, a photo of myself, and to fill out a form. In the first place, they should have asked for all that upon registration so the users can decide if they want to go through with registration or not. I do not like uploading personal info but because I had already cashed in, I had no choice but to do it so I can cash out my money. I felt scammed. They are not transparent. Uninstalling",transfer_issue,GCash,Google Play (Kaggle public dataset),1,2020-05-07T07:29:39.000Z,strict_rule_relabel,presentation
ewallet_01277,hi. i cant log in to my account. is there a problem in the app today?,account_access_issue,GCash,Google Play (Kaggle public dataset),1,2019-07-02T15:25:33.000Z,strict_rule_relabel,presentation
ewallet_01278,How dare u after i have cash in almost 10k then suddenly an error occur just make sure that my money won't be lost or else its a lost for u.. please do better good service people now are having hard time and there you promise an easy way but yet so devastating ever! Why does it have to happen when i just put a money on it and i have a transaction now so it would be canceled because of your so called maitenance... What a coinsedence please please do your system service right!,transfer_issue,GCash,Google Play (Kaggle public dataset),1,2021-03-04T02:35:52.000Z,strict_rule_relabel,presentation
ewallet_01287,It's easy to cash in with the app bit the problem is the rebate function of GCash is not working,transfer_issue,GCash,Google Play (Kaggle public dataset),3,2021-03-12T10:35:07.000Z,strict_rule_relabel,presentation
ewallet_01288,Please add more investment banks,feature_request,GCash,Google Play (Kaggle public dataset),4,2020-09-19T01:26:07.000Z,strict_rule_relabel,presentation
ewallet_01291,"Wow it so legit it is never give a problem for my cash out and cash in, anay where you can I saw some comments this app some of them not satisfied this app! Some of them said that the apps is not working, hmmm never mind they don't no how to used it But I haved own experience this app is very very good! Why? I used this account even my loan is sending this app I always withdraw at Vilarica, tambunting, and I always cash in at seven 11, and I also buy load, sale a load to others,",transfer_issue,GCash,Google Play (Kaggle public dataset),5,2021-03-12T13:25:52.000Z,strict_rule_relabel,presentation
ewallet_01299,can't do anything with the app.. can't do cash in.. can't even buy a load.. getting error message: system error.. try again.. tried uninstalling and reinstalling the app still it's not working!!!,transfer_issue,GCash,Google Play (Kaggle public dataset),1,2021-03-28T10:42:44.000Z,strict_rule_relabel,presentation
ewallet_01308,Just this morning may unauthorized transaction sa account ko. Halos maubos laman ng account ko buti na lang narifund Yung ibang amount at buti at maliit Lang Ang laman ng account ko. Lagi kayong nag update ng system nyo pero Yung security ng account palpak. Btw I only use my Gcash for globe payment at Bulacan aqua estate.. And the rest is for fund transfer sa Union Bank ko or Paymaya account.. Thumbs down Gcash,transfer_issue,GCash,Google Play (Kaggle public dataset),1,2020-05-12T15:19:18.000Z,strict_rule_relabel,presentation
ewallet_01311,Very usefull. But I hope you can add sss payments for loans and contribution too.,feature_request,GCash,Google Play (Kaggle public dataset),4,2020-09-29T11:53:31.000Z,strict_rule_relabel,presentation
ewallet_01315,"They deducted a netflix fee although i didnt subscribe to it. Tried to contact them but its hard, I hope they have chat support that is easily to talk to. I couldnt get my money back.",feature_request,GCash,Google Play (Kaggle public dataset),2,2020-09-30T02:06:32.000Z,strict_rule_relabel,presentation
ewallet_01316,i cant log in my account.. it always says error. fine uninstall.,account_access_issue,GCash,Google Play (Kaggle public dataset),1,2019-07-07T14:01:01.000Z,strict_rule_relabel,presentation
ewallet_01317,Delaying of fund transfer,transfer_issue,GCash,Google Play (Kaggle public dataset),1,2021-04-07T09:27:00.000Z,strict_rule_relabel,presentation
ewallet_01320,"halos one day na akong humihingi ng assistance sa gcash customer care. after 90 days ngpop up that I need to change my MPIN,then ive changed it but trying to login for 5x it was locked,now ive sent PM, emai and still wala resolution. mgbbgay kyo ng temporary MPIN mdaling araw? all i just want to reset my password. i need to transfer the amount dahil kailangang kailangan ko yun. gaano ba kahirap gawin yun, im so disaapointed w/ your service.",account_access_issue,GCash,Google Play (Kaggle public dataset),1,2019-07-07T15:04:15.000Z,strict_rule_relabel,presentation
ewallet_01321,Always have an error.. This is what we get after paying all of the fees to cash in / withdraw from atms. the 2% after 8k then 20peso per withdrawal.. save money always on error,transfer_issue,GCash,Google Play (Kaggle public dataset),1,2021-04-09T02:05:52.000Z,strict_rule_relabel,presentation
ewallet_01336,It said its time to update..but still pending..how about my cash in my wallet huhuhu,transfer_issue,GCash,Google Play (Kaggle public dataset),1,2021-04-12T15:21:21.000Z,strict_rule_relabel,presentation
ewallet_01348,"Trying to verify my account countless times. I had to scan my i.d. repeatedly for 2 days already, and even if the shot is very clear and sharp the app always rejects and says retry. I can't send money because I still need to verify, imo this feature should already be included in basic. Please look into this. (3/29/21) . Still can't get verified (4/14/21)",transfer_issue,GCash,Google Play (Kaggle public dataset),1,2021-04-14T07:08:19.000Z,strict_rule_relabel,presentation
ewallet_01351,Cannot send money due to errors,transfer_issue,GCash,Google Play (Kaggle public dataset),1,2021-04-16T01:48:45.000Z,strict_rule_relabel,presentation
ewallet_01352,They should allow the users whether to update later or now the app since updating takes so long and would require the user to wait before he can use it (esp if the internet connection is not so strong).,feature_request,GCash,Google Play (Kaggle public dataset),3,2020-10-05T12:11:05.000Z,strict_rule_relabel,presentation
ewallet_01354,This app will settle your bills and get your money without permission... They will inform u after the payment not before the payment...,payment_failure,GCash,Google Play (Kaggle public dataset),1,2020-05-27T03:29:11.000Z,strict_rule_relabel,presentation
ewallet_01356,"Why gcash is pending on 2 to 3 days to confirm the transaction, after transfer from grabpay to cash ?",transfer_issue,GCash,Google Play (Kaggle public dataset),1,2021-04-16T13:26:05.000Z,strict_rule_relabel,presentation
ewallet_01362,Ive installed and updated this app last feb18 and when i 1st tried paying it to the counter using the scanner it didnt get through. My friend who hasnt updated her gcash was able to pay for me but when she updated it on the spot to know whats wrong w/ my gcash and tried paying me by scanning a qr from my phone then there was the error. There is something wrong with the recent update. Update: 3/3/21 Ive updated my gcash still the same problems occurs. Cant send payment through QR,payment_failure,GCash,Google Play (Kaggle public dataset),1,2021-03-04T08:01:31.000Z,strict_rule_relabel,presentation
ewallet_01386,okayy but the app always fail to cash in using debit card,transfer_issue,GCash,Google Play (Kaggle public dataset),5,2021-05-13T16:04:06.000Z,strict_rule_relabel,presentation
ewallet_01395,My problem in this app i cant verify.so i cant cashout my money. What can i do? Please fix it,transfer_issue,GCash,Google Play (Kaggle public dataset),1,2021-05-24T02:50:33.000Z,strict_rule_relabel,presentation
ewallet_01399,"Please bring back the verification using student ID. I tried sending ticket to the gcash support but i was annoyed because they took a long time to respond, as well as the requirements I gave were asked twice even though I gave them already. This app should be helpful to students, especially to this time of pandemic.",feature_request,GCash,Google Play (Kaggle public dataset),1,2020-10-20T12:45:49.000Z,strict_rule_relabel,presentation
ewallet_01403,bat nagkaganito nag cash in ako tapos biglang unavailable.. fix the problem ok,transfer_issue,GCash,Google Play (Kaggle public dataset),1,2021-05-28T07:54:09.000Z,strict_rule_relabel,presentation
ewallet_01408,It says that Paypal CashIn transactions are back but still it says that they are unable to process the transaction i waited for weeks and this will be the result omg,transfer_issue,GCash,Google Play (Kaggle public dataset),1,2021-04-07T12:00:47.000Z,strict_rule_relabel,presentation
ewallet_01415,Unresolved issues sa linked cash in store nila.2k still now di pa nabalik 6mos na..convenient sa una lang,transfer_issue,GCash,Google Play (Kaggle public dataset),2,2021-06-02T02:43:34.000Z,strict_rule_relabel,presentation
ewallet_01418,App is easy to use. Very helpful and convenient. I like the pin feature to easily log in. I hope you can also add a fingerprint log in feature.,feature_request,GCash,Google Play (Kaggle public dataset),5,2020-10-22T11:30:23.000Z,strict_rule_relabel,presentation
ewallet_01424,I was not able to cash in since May and even login as well right now I cannot login to my account because of the error stating that my 90 day authentication code has already expired and when I requested a new code to be sent and entered it and redirected me to a page to enter my mpin it still state the same error. What should I do? kindy help,account_access_issue,GCash,Google Play (Kaggle public dataset),3,2019-07-17T01:05:47.000Z,strict_rule_relabel,presentation
ewallet_01425,"Thanks for resolving my cashin issues,that is why I rate 5",transfer_issue,GCash,Google Play (Kaggle public dataset),5,2021-06-08T11:20:46.000Z,strict_rule_relabel,presentation
ewallet_01427,its almost one week i can't log in to my Gcash app its always sayo( code HJL3 ) i already updated the app but still same results,account_access_issue,GCash,Google Play (Kaggle public dataset),1,2019-07-17T04:31:57.000Z,strict_rule_relabel,presentation
ewallet_01435,"suggestion!, give some qiuz to earn money too",feature_request,GCash,Google Play (Kaggle public dataset),5,2020-10-23T22:45:32.000Z,strict_rule_relabel,presentation
ewallet_01437,Bad app since yesterday i cannot log in to my account i already did some trouble shooting but it always says error HJL3,account_access_issue,GCash,Google Play (Kaggle public dataset),2,2019-07-18T03:15:01.000Z,strict_rule_relabel,presentation
ewallet_01442,Not even an advisory when system goes down and now I cant transfer funds anymore from gcash to bank. I don't know what's the problem this time since I've been doing gcash to bank for almost five months now.,transfer_issue,GCash,Google Play (Kaggle public dataset),2,2021-06-16T21:51:27.000Z,strict_rule_relabel,presentation
ewallet_01443,Please I transfer my sallary to gcash but until now it's still pending! I need that so please help me,transfer_issue,GCash,Google Play (Kaggle public dataset),1,2021-06-16T22:47:56.000Z,strict_rule_relabel,presentation
ewallet_01445,Too log not friendly and not accessable if we have problem about cash out or cash in or money transfer we can't contact easyli its to ask ther service.,transfer_issue,GCash,Google Play (Kaggle public dataset),2,2021-06-18T07:12:28.000Z,strict_rule_relabel,presentation
ewallet_01448,Still Gcash mastercard fails on a lot of sites. Make Gcash cash out easier and faster with Truemoney,transfer_issue,GCash,Google Play (Kaggle public dataset),1,2021-06-19T02:05:12.000Z,strict_rule_relabel,presentation
ewallet_01450,"Please bring back the Convert regular load option, I badly need it right now.",feature_request,GCash,Google Play (Kaggle public dataset),3,2020-10-26T08:31:01.000Z,strict_rule_relabel,presentation
ewallet_01452,3star cause i have some issue of cash in that i can't recover and receive,transfer_issue,GCash,Google Play (Kaggle public dataset),3,2021-06-19T04:12:37.000Z,strict_rule_relabel,presentation
ewallet_01453,why is there no verification sent on my email everytime i try to verify? fix it and please add student id in ways to verify,feature_request,GCash,Google Play (Kaggle public dataset),2,2020-10-27T09:13:09.000Z,strict_rule_relabel,presentation
ewallet_01456,"i can't log in to my account then a message was sent to me saying that my account is locked and that i should use the ""forgot mpin?"" feature. I tried use the feature and it is also not working well. I'm so pissed rn",account_access_issue,GCash,Google Play (Kaggle public dataset),1,2019-07-18T17:14:33.000Z,strict_rule_relabel,presentation
ewallet_01469,Sablay laging delay yung received ng cash in.,transfer_issue,GCash,Google Play (Kaggle public dataset),1,2021-06-28T05:21:14.000Z,strict_rule_relabel,presentation
ewallet_01474,This app is fine and helpful in many ways. But Please Please allow again the use of student i.d in fully verifying account its the only Id that I have because Im still a student. Thanks.,feature_request,GCash,Google Play (Kaggle public dataset),3,2020-11-01T17:40:22.000Z,strict_rule_relabel,presentation
ewallet_01491,Its very convenient. Please also add security bank on the app for cash in option.,transfer_issue,GCash,Google Play (Kaggle public dataset),5,2020-07-08T11:20:57.000Z,strict_rule_relabel,presentation
ewallet_01492,"Customer service is really messed up. I applied to verify my account so that I can cash out but they declined my VALID I.D. 'cause they said they want me to provide a ""VALID GOVERNMENT I.D."" P.S. I'm just a student and my mom sent me 500 on my acc and I can't cash it out. Really disappointed.",transfer_issue,GCash,Google Play (Kaggle public dataset),1,2021-07-30T02:56:48.000Z,strict_rule_relabel,presentation
ewallet_01500,Please allow students to verify their accounts using school ID's. Working students below 18 knows the struggle.,feature_request,GCash,Google Play (Kaggle public dataset),4,2020-11-04T04:02:52.000Z,strict_rule_relabel,presentation
ewallet_01501,Sobrang Mahal ng charge transaction for cash IN. Using Security Bank and suspended n card ko s GCash apps. Will withdraw may CIMB deposit and Gcash balance after will deactivate may account. Pay Maya account created Tnx.,transfer_issue,GCash,Google Play (Kaggle public dataset),1,2020-07-12T01:22:52.000Z,strict_rule_relabel,presentation
ewallet_01509,Please allow the students Id,feature_request,GCash,Google Play (Kaggle public dataset),3,2020-11-05T04:55:51.000Z,strict_rule_relabel,presentation
ewallet_01511,Tangina Request error Pag mag cash out sayang pinagtrabahuaan ko dito 2k na Sana Pero ayaw i cashout laging request error report this app,transfer_issue,GCash,Google Play (Kaggle public dataset),1,2021-08-04T07:58:19.000Z,strict_rule_relabel,presentation
ewallet_01513,"Nakaka dismaya lang. Kasi nagbayad ako ng bills payment tapos nag deduct kayo ng balance ko yet wala kayong may naibigay na payment receipt. I already send message about this issue sa inyo CSR pero ni isang reply wala akong natanggap!!! Please I need that payment receipt now! Kung hindi niyo maibigay pwes paki refund nalang ng P3,500 ko. Masyadong kailanagn ko yung pera",payment_failure,GCash,Google Play (Kaggle public dataset),3,2021-05-17T07:22:32.000Z,strict_rule_relabel,presentation
ewallet_01518,i cannot access my gcash account...always telling me that there a problem and try again later ...icannot avail or use my voucher,account_access_issue,GCash,Google Play (Kaggle public dataset),5,2019-07-22T14:10:38.000Z,strict_rule_relabel,presentation
ewallet_01520,"..nice app.but the update was a problem, need more memory. ..im hopong the developer make a list every transaction done on this application cash in, cash out or payments-like records everytime happening on this app.and im scared to the scam, like requesting other in your account. You did not confirm that request but gcash already give the request of unknown number..",transfer_issue,GCash,Google Play (Kaggle public dataset),3,2020-07-22T02:00:43.000Z,strict_rule_relabel,presentation
ewallet_01524,Easy Fast and Reliable. Looking forward to a better Security protection for us customers! Thanks Globe!,security_concern,GCash,Google Play (Kaggle public dataset),5,2020-07-22T02:53:39.000Z,strict_rule_relabel,presentation
ewallet_01526,"Gcash - so far most of my experience are great especially sending money to bank because it's real time the only thing that I don't like and I can sense that I have less protection in this app. I was scam few months ago, after I sent the money like 10-15 mins I contact customer support if they can help me, I sent all the back and forth message of the fraudster's. However the respond of customer support is to file a Police report and Nbi report. NO PROTECTION",security_concern,GCash,Google Play (Kaggle public dataset),3,2020-07-22T04:04:55.000Z,strict_rule_relabel,presentation
ewallet_01531,Gcash nmn panu mkkausap maayos ung mga agent nio kung hndi pwede maback hndi applicable ung live chat sa help center tutal may agent nmn kau tumawag kau directly para mkausap nio customer nio dissapointment panay ang english nio pero d kau maka call mas madali magusap pag verbal hndi actual typing and one more thing plss make sure that our money is protected may nkkpasok n hacker and wala kau solution about jan kundi ung live cht help support nio n always npputol pag napindot mo ung back,security_concern,GCash,Google Play (Kaggle public dataset),1,2020-07-22T05:00:58.000Z,strict_rule_relabel,presentation
ewallet_01536,"I sometimes can't cash-in with my Security Bank debit account, It's quite inconvenient especially when I'm in a rush. They've removed my enrolled Debit account , now I can't cash-in. It's hassle and unsafe to cash-in through 7eleven.",transfer_issue,GCash,Google Play (Kaggle public dataset),2,2020-07-22T06:45:01.000Z,strict_rule_relabel,presentation
ewallet_01537,Why need charge if i need to add cash in my account?,transfer_issue,GCash,Google Play (Kaggle public dataset),5,2020-11-15T14:31:56.000Z,strict_rule_relabel,presentation
ewallet_01541,"i think my problema sa glife regarding sa promo ng mcdo, ngkaltas kyo ng payment ng di dumating order namin. i need my refund 2x ako ngemail til now wlang response.",payment_failure,GCash,Google Play (Kaggle public dataset),1,2021-06-01T13:44:39.000Z,strict_rule_relabel,presentation
ewallet_01543,I gave a rating of 1 star because the app was before august 2020. Now this app doesn't want me to get verified because it says my photo ID is unclear and tried switching to one lf the latest phones out there but still doesn't work. I think ZOLOZ sucks. The gcash app is great but because of this experience it kinda suck now. I've been trying to get verified for the past couple of months. I hope this problem would get fixed.,feature_request,GCash,Google Play (Kaggle public dataset),1,2020-11-21T13:35:46.000Z,strict_rule_relabel,presentation
ewallet_01546,Legit :) but i try to cash in & out this day and they not working cause of a tempory issue. Pls fix this app...,transfer_issue,GCash,Google Play (Kaggle public dataset),5,2021-08-16T17:46:52.000Z,strict_rule_relabel,presentation
ewallet_01550,Can you please allow Student ID for verification? My goodness,feature_request,GCash,Google Play (Kaggle public dataset),3,2020-11-26T10:50:41.000Z,strict_rule_relabel,presentation
ewallet_01552,"Please include postal i.d for verification purpose, so that its convenient and easy to transact if we dont have any of these i.d's",feature_request,GCash,Google Play (Kaggle public dataset),3,2020-11-27T05:20:18.000Z,strict_rule_relabel,presentation
ewallet_01558,"I can't open my Gcash App, its says ""My account is locked"". Even though my password is correct. This is bothering me, because after i filled up my personal details it came out like this. Please fix this. As soon as possible.",account_access_issue,GCash,Google Play (Kaggle public dataset),1,2019-07-25T10:43:41.000Z,strict_rule_relabel,presentation
ewallet_01560,In verification of the account i guess i got none of the Valid ID's above mentioned. Please Gcash/Globe can you add a feature when adding a PRC valid ID greatly appreciate it.,feature_request,GCash,Google Play (Kaggle public dataset),1,2020-12-04T04:46:38.000Z,strict_rule_relabel,presentation
ewallet_01567,Best Mobile bank ever. Suggest for the dev lang if you can add more securty setting like can enable facial unlock or finger print lock to those Mobile that those features. So far so good i hope na maka isep pa kayo ng other kind of security for the user so they can trust your application more thank you,feature_request,GCash,Google Play (Kaggle public dataset),5,2020-07-23T08:25:59.000Z,strict_rule_relabel,presentation
ewallet_01575,"This new update of gcash is so unpleasant, please bring back the old there are many people who didnt want gcash anymore because of this new rules",feature_request,GCash,Google Play (Kaggle public dataset),1,2020-12-10T12:08:20.000Z,strict_rule_relabel,presentation
ewallet_01585,"Why i cant update it,still pending i need to cash out !!!",transfer_issue,GCash,Google Play (Kaggle public dataset),2,2021-09-14T09:40:30.000Z,strict_rule_relabel,presentation
ewallet_01592,Can you add the student ID for verification?,feature_request,GCash,Google Play (Kaggle public dataset),2,2020-12-15T02:25:07.000Z,strict_rule_relabel,presentation
ewallet_01608,pls i need ur help i cannot log in to my account what should i do?,account_access_issue,GCash,Google Play (Kaggle public dataset),1,2019-07-27T11:34:21.000Z,strict_rule_relabel,presentation
ewallet_01611,Walang nag reresponce pag nag submit ka ng ticket for cash out ans cash im problems.,transfer_issue,GCash,Google Play (Kaggle public dataset),1,2021-09-25T05:50:23.000Z,strict_rule_relabel,presentation
ewallet_01621,"QR code invalid, when trying to pay using gcash and scaning your own QR which is working before, now its not and it always had a error saying QR code invalid",payment_failure,GCash,Google Play (Kaggle public dataset),1,2021-07-25T04:28:31.000Z,strict_rule_relabel,presentation
ewallet_01622,Always got problem i cant send money!!!!! Fix your app!!!!,transfer_issue,GCash,Google Play (Kaggle public dataset),1,2021-09-29T06:07:39.000Z,strict_rule_relabel,presentation
ewallet_01626,I cant log in to my gcash account since i updated my app always error,account_access_issue,GCash,Google Play (Kaggle public dataset),1,2019-07-28T20:37:56.000Z,strict_rule_relabel,presentation
ewallet_01630,All in all they can fix the problem which is good the only problem is the delay to cash in through bank acc,transfer_issue,GCash,Google Play (Kaggle public dataset),4,2021-10-02T11:35:35.000Z,strict_rule_relabel,presentation
ewallet_01631,"what happened to gcash,Everytime i try to log in with 4digit mpin,code HJL3 error.",account_access_issue,GCash,Google Play (Kaggle public dataset),4,2019-07-29T04:13:30.000Z,strict_rule_relabel,presentation
ewallet_01636,I've been using Gcash for 4 yrs. Now. But I'm very disappointed now. Three times i shop on puregold and i want to pay it using my gcash wallet but sadly it's not working. I felt really ashamed because if i don't have any cash with me i can't purchase the goods i buy. I think I'm gonna cashout all my investments and gsavings because it doesn't work well.,transfer_issue,GCash,Google Play (Kaggle public dataset),1,2021-07-31T08:24:00.000Z,strict_rule_relabel,presentation
ewallet_01637,why does it delay my money to bank transfer up to 5 days please back my money and even now my money havent on my atm its almost 15k,transfer_issue,GCash,Google Play (Kaggle public dataset),1,2021-10-05T01:36:56.000Z,strict_rule_relabel,presentation
ewallet_01638,Load to win promo can't open. Please bring back receiving rebate automatically.,feature_request,GCash,Google Play (Kaggle public dataset),1,2020-12-29T01:19:44.000Z,strict_rule_relabel,presentation
ewallet_01639,Barcode payment not working on andriod 10. Please create a fix for it. Many users cant pay via gcash.,payment_failure,GCash,Google Play (Kaggle public dataset),5,2021-08-01T12:36:13.000Z,strict_rule_relabel,presentation
ewallet_01662,I find it easy to send money and to cash in money also when i order food online no problem at all good job,transfer_issue,GCash,Google Play (Kaggle public dataset),4,2021-10-13T00:51:41.000Z,strict_rule_relabel,presentation
ewallet_01665,Please add tin id in verification,feature_request,GCash,Google Play (Kaggle public dataset),5,2021-01-12T13:50:31.000Z,strict_rule_relabel,presentation
ewallet_01680,Its a burden! Cash-in has no problem and hassle but everytime Im going to Cash out all the troubles are there. To think its your own money they controI deleted this one...It Sucks!!!,transfer_issue,GCash,Google Play (Kaggle public dataset),1,2021-10-18T08:30:36.000Z,strict_rule_relabel,presentation
ewallet_01685,Please bring back student id,feature_request,GCash,Google Play (Kaggle public dataset),2,2021-01-20T14:37:47.000Z,strict_rule_relabel,presentation
ewallet_01692,"Many times na akong nag sent ng ticket sa inyo sa gcash help center and l provided my personal documents na need nyo because gcash can't read my philhealth id pic. But l have other valid id which is postal id. Gusto ko ma verified gcash ko to get a gcash mastercard to pay online transaction. Gaya ngayon pandemic hirap mag bayad outdoor. Just now pag open ko ng gcash may notification na ""It seems you have logged in using other device. For your security, you've been logged out automatically.""",payment_failure,GCash,Google Play (Kaggle public dataset),1,2020-08-20T02:53:24.000Z,strict_rule_relabel,presentation
ewallet_01697,"Very disapointed, you removed security bank from the cashin options? Tsk3x :(",transfer_issue,GCash,Google Play (Kaggle public dataset),1,2020-08-20T08:12:47.000Z,strict_rule_relabel,presentation
ewallet_01699,They removed security bank for Cash In mode.,transfer_issue,GCash,Google Play (Kaggle public dataset),3,2020-08-20T10:46:06.000Z,strict_rule_relabel,presentation
ewallet_01712,So far so good.minsan system error but its good for me to pay my bills,payment_failure,GCash,Google Play (Kaggle public dataset),3,2021-09-13T09:21:04.000Z,strict_rule_relabel,presentation
ewallet_01715,I really Like this app Before until one day you've change the Instant 5% cashback into scratch something which is very awful. Can you please Bring back the cashback or rebates. GCASH NOW IS SO DISAPPOINTING. POOR SERVICE,feature_request,GCash,Google Play (Kaggle public dataset),1,2021-02-01T10:17:00.000Z,strict_rule_relabel,presentation
ewallet_01722,Please verify mo naman ng mabilis ang gcash ko hindi ko ma cash out ang aking sweldo wag nman po sana delayed kasi kayo ang approve sa companya nmin..sana lang po wag po ninyo kmi pahirapan pg fully verify kasi umabot n po ng 1month di pa na verify...maawa kayo sa mga nangangailangan,transfer_issue,GCash,Google Play (Kaggle public dataset),4,2021-11-14T03:33:54.000Z,strict_rule_relabel,presentation
ewallet_01727,Why the application keeps on loading and loading. i cannot opened it. I need to pay my bills ASAP. Please resolved this issue,payment_failure,GCash,Google Play (Kaggle public dataset),1,2021-09-15T20:56:23.000Z,strict_rule_relabel,presentation
ewallet_01729,Can't log in laging may lumalabas na error message. Please fix this!,account_access_issue,GCash,Google Play (Kaggle public dataset),2,2019-08-10T10:56:11.000Z,strict_rule_relabel,presentation
ewallet_01731,I hope you bring back the semi-verified option because not all gcash user's have valid id to use.,feature_request,GCash,Google Play (Kaggle public dataset),2,2021-02-05T23:27:01.000Z,strict_rule_relabel,presentation
ewallet_01738,"Always Update Wasting of Data, security is not yet protected very well?",security_concern,GCash,Google Play (Kaggle public dataset),1,2020-08-23T14:54:54.000Z,strict_rule_relabel,presentation
ewallet_01739,I can say that gcash is nice. But I hope they will add Student ID's as a valid one also. Most of the people using gcash is student. And it very hard for us to use it. Hope gcash will notice this.,feature_request,GCash,Google Play (Kaggle public dataset),2,2021-02-13T01:47:13.000Z,strict_rule_relabel,presentation
ewallet_01754,Poor customer service. They don't mind replying to my refund issue. The merchant cancelled my purchase and they didn't issue a refund it's 20 days now! It's around $430. Return my money to my account!,payment_failure,GCash,Google Play (Kaggle public dataset),1,2021-09-20T05:17:59.000Z,strict_rule_relabel,presentation
ewallet_01759,I can't log in to my gcash app it kept on saying invalid pin number or expired,account_access_issue,GCash,Google Play (Kaggle public dataset),3,2019-08-14T12:53:59.000Z,strict_rule_relabel,presentation
ewallet_01769,"POOR SERVICES .. i cannot open my account and theres no action from gcash , i had so many times to report this issue but still no action ! pano pla kung hndi ko na transfer ung pera ko sa bank account ko edi hndi ko na nagamit laman ng gcash ko ! hirap nyong tawagan , kpag nag eemail sainyo hndi pa kau mkapag bigay ng matinong sagot !",transfer_issue,GCash,Google Play (Kaggle public dataset),1,2021-12-02T04:25:42.000Z,strict_rule_relabel,presentation
ewallet_01771,What happen to GCAsh??!! I cant open since 2 days ago. Is there maintenance update?!! i have to pay bills!!! There's no any advisory!!! Please Fix this issue!!!!!,payment_failure,GCash,Google Play (Kaggle public dataset),1,2021-09-24T22:59:59.000Z,strict_rule_relabel,presentation
ewallet_01772,"Its very fine the app is working from sending and receiving but there is a problem in cash in, Paypal balance is not loading and we cannot get our money into cash please fix this.",transfer_issue,GCash,Google Play (Kaggle public dataset),2,2021-12-02T08:25:14.000Z,strict_rule_relabel,presentation
ewallet_01775,This app is scammer... If you forgot your mpin then you wont retrieve your account even your money.. dont install this... The update sucks,account_access_issue,GCash,Google Play (Kaggle public dataset),1,2020-09-06T01:44:12.000Z,strict_rule_relabel,presentation
ewallet_01783,"(02/26/2021): I think GCash received similar suggestions like mine. Now I can use my Postal ID for updating my profile to open a savings account. THANK YOU SO MUCH! (10/31/2020): Please allow other IDs that you recognize in the app. I only have a Postal ID and it's not available in the app. I had to fill up my details and send it in email to get fully verified. Now, I also want to open a savings account but I can't because I have to update my profile and needed an ID again. Thank you!",feature_request,GCash,Google Play (Kaggle public dataset),5,2021-02-25T22:19:17.000Z,strict_rule_relabel,presentation
ewallet_01789,"Very Bad... help! wrong mpin... don't i have account recovery in the change my sim is TNT ""Account Locked!"" how i can reset my mpin?",account_access_issue,GCash,Google Play (Kaggle public dataset),1,2019-08-19T12:01:56.000Z,strict_rule_relabel,presentation
ewallet_01797,I updated the app.but I can't log in anymore.I still have money in my account.Please fix it...,account_access_issue,GCash,Google Play (Kaggle public dataset),1,2019-08-23T03:50:43.000Z,strict_rule_relabel,presentation
ewallet_01798,This app is Gbage.. At first it worked but when i reopened it always says sorry an error ocured Please submit a ticket for blahblah blah... And also this app is easily hacked youll justbe surprised why your receiving messages saying that you have to pay bills over and over again while your money continues to drop down... Come on GCash upgrase your system..,payment_failure,GCash,Google Play (Kaggle public dataset),1,2020-09-09T03:53:00.000Z,strict_rule_relabel,presentation
ewallet_01800,It's been 3 days since I can open my gcash I need to pay my bills but it's not working so bad,payment_failure,GCash,Google Play (Kaggle public dataset),1,2021-09-29T23:33:31.000Z,strict_rule_relabel,presentation
ewallet_01807,I much prefer this app when it wasn't updated. It requires a huge memory to my phone and I can't open it. Hate it. Please bring back the old version.,feature_request,GCash,Google Play (Kaggle public dataset),4,2021-03-02T03:11:43.000Z,strict_rule_relabel,presentation
ewallet_01821,im having a problem with this app now.please be responsible to credit my fund transfer from my bank...its been two days already yet i did not receive or credited my money to my gcash,transfer_issue,GCash,Google Play (Kaggle public dataset),1,2022-01-05T15:53:44.000Z,strict_rule_relabel,presentation
ewallet_01833,Please add student's id for verification purposes,feature_request,GCash,Google Play (Kaggle public dataset),1,2021-03-08T07:01:22.000Z,strict_rule_relabel,presentation
ewallet_01835,"I give 5 star because it will work very will and it's a big help for me specially when I pay my bills, my groceries,my gaming etc... i do not have any problem of this apps...for me, if it is not working will, maybe because of the internet connection., I'm looking forward of this apps.",payment_failure,GCash,Google Play (Kaggle public dataset),5,2021-10-16T05:45:20.000Z,strict_rule_relabel,presentation
ewallet_01840,i wish you include student id on preferable ids because a lot of us rn need this to pay or receive some money from our scholarships.,feature_request,GCash,Google Play (Kaggle public dataset),1,2021-03-11T06:58:45.000Z,strict_rule_relabel,presentation
ewallet_01848,Can you please add a School ID for verifying so that students can also verify theirs,feature_request,GCash,Google Play (Kaggle public dataset),3,2021-03-13T04:56:13.000Z,strict_rule_relabel,presentation
ewallet_01863,it's good for transactions but kindly add a feature where the students ID can be verified. Due to the pandemic some students might not get their money through pawnshops,feature_request,GCash,Google Play (Kaggle public dataset),3,2021-03-28T14:35:57.000Z,strict_rule_relabel,presentation
ewallet_01878,Cash in from Paypal to Gcash is not working!,transfer_issue,GCash,Google Play (Kaggle public dataset),1,2022-02-17T12:12:37.000Z,strict_rule_relabel,presentation
ewallet_01900,Wish you'll bring back the load rebate,feature_request,GCash,Google Play (Kaggle public dataset),3,2021-04-11T23:55:32.000Z,strict_rule_relabel,presentation
ewallet_01901,Verry inconvinience. I need to cash out my money but I can't login to my account. Because I reached the maximum login attempts.,transfer_issue,GCash,Google Play (Kaggle public dataset),1,2019-10-06T09:36:29.000Z,strict_rule_relabel,presentation
ewallet_01902,What happened to this app. I really need to cash out. But there was an error G ULIT LATER! what was that can you please fix it asap. I really need my money. Whoever create this app should fix it. I encounter same issue over and over again. And you guys doesn't even try to fix it. Also i can't even buy load What kind of service or issue you are fixing? huh,transfer_issue,GCash,Google Play (Kaggle public dataset),1,2022-02-28T11:15:30.000Z,strict_rule_relabel,presentation
ewallet_01908,Can you please add Student ID to the ID choices needed?,feature_request,GCash,Google Play (Kaggle public dataset),3,2021-04-12T08:21:30.000Z,strict_rule_relabel,presentation
ewallet_01911,QR payment is faulty i thought its my phones failt but as i see comments here its not my phones fault,payment_failure,GCash,Google Play (Kaggle public dataset),3,2021-11-25T14:24:24.000Z,strict_rule_relabel,presentation
ewallet_01912,Why can't I cash in ?? It's been 3 weeks since I have this issue. Please fix it Asap,transfer_issue,GCash,Google Play (Kaggle public dataset),5,2022-03-03T03:24:28.000Z,strict_rule_relabel,presentation
ewallet_01918,"When i needed to cash out money , you exactly not working, fixes fixes... Ugh i waited so long... I need to cash out immediately...",transfer_issue,GCash,Google Play (Kaggle public dataset),3,2022-03-03T06:18:20.000Z,strict_rule_relabel,presentation
ewallet_01920,I can't log in on my account .,account_access_issue,GCash,Google Play (Kaggle public dataset),1,2019-10-23T05:08:45.000Z,strict_rule_relabel,presentation
ewallet_01923,"It's good but may I ask how would I fix this issue when I scan qr codes to pai, it always say invalid qr everytime.",payment_failure,GCash,Google Play (Kaggle public dataset),3,2021-11-30T03:41:24.000Z,strict_rule_relabel,presentation
ewallet_01931,"masyado mabagal response ng help center, especially if urgent yung problem like cash in error stuff like this should be solve as quickly as possible kasi you never know anong grave situation we were in dahil sa error ng system or app nyo especially if the money was badly needed tas very slow response ng help center tas paulit ulit lang ng nangyayari cash in error buti kung one lang...wont even give 1 star rating if i can...",transfer_issue,GCash,Google Play (Kaggle public dataset),1,2022-03-06T04:31:21.000Z,strict_rule_relabel,presentation
ewallet_01937,It's a good app..But i hope they can add a email in sign up- since it's really hard for me to sign up.,feature_request,GCash,Google Play (Kaggle public dataset),3,2021-04-18T23:48:22.000Z,strict_rule_relabel,presentation
ewallet_01939,"I got charged twice last time I bought load, umay sa performance",payment_failure,GCash,Google Play (Kaggle public dataset),1,2021-12-07T10:09:37.000Z,strict_rule_relabel,presentation
ewallet_01956,"Nice way to add INVESTMENT features in the app. Next MAJOR update should include advanced view of the NAVPU history in Tabular Form or in Graph. A graphical chart of weekly NAVPU (last 3 months) is enough for BASIC view, but there should be a more ADVANCED viewing options.",feature_request,GCash,Google Play (Kaggle public dataset),2,2021-04-22T06:41:24.000Z,strict_rule_relabel,presentation
ewallet_01959,"If a negative star rating was possible I would really give it to this app. There will always be a time that their system will be down for no reason and will cause problem to you when using their app. In my case I used a 9 digit account number to pay for my internet bill to sky broadband however, when the receipt came the account number was missing one digit and now the issue is born we wanted to have it corrected and went to call them multiple times. In the end I think we are not going to get my money back since their support team are a bunch of morons. Well this is what happens when companies hire bunch of people who are not motivated to work and are paid with a very small salary. If ever these a-holes still want to resolve my issue with them here is the ticket #7274700 that i was given the first time we called. PS: NOVEMBER EFFING 5 pa yung issue namin and whenever we call the agents are always busy. oh and another para sa mga agents nyo please talk slowly and listen to the callers. by the way di ako nagaask ng refund sa pera i just want it to be paid to our internet provider. Pero bottomline is I will uninstall this trash app because of this.",payment_failure,GCash,Google Play (Kaggle public dataset),1,2019-11-11T08:42:41.000Z,strict_rule_relabel,presentation
ewallet_01972,I sent money but the receipt was shown delayed and now i doubled the sended money and the person sended run away it got delayed thats why it got double.fix this!!!,payment_failure,GCash,Google Play (Kaggle public dataset),1,2022-03-22T12:51:12.000Z,strict_rule_relabel,presentation
ewallet_01976,"It has been almost two weeks and my submitted ticket regarding my concerns are still processing - also haven't received any responses or updates. GCash also adjusted my account balance to P0 from P610 - and when I called GCash, they said that they don't know what is the reason behind it. No emails, no responses, and no updates until now. Rating a 1 star for GCash and the company itself. I hope you'll improve your services and bring back the money you deducted from my account. :)",feature_request,GCash,Google Play (Kaggle public dataset),1,2021-05-03T09:58:55.000Z,strict_rule_relabel,presentation
ewallet_01982,"Having trouble transferring money due to qr code problems. It keeps saying ""invalid qr"" whenever I upload it, despite having a decent photo of the said qr.",payment_failure,GCash,Google Play (Kaggle public dataset),1,2021-12-24T20:06:29.000Z,strict_rule_relabel,presentation
ewallet_01987,Horrible app. Got my account locked because I can't log in. I only changed my MPIN once and it's the only MPIN I registered but it always says that it's incorrect. Very inconvenient,account_access_issue,GCash,Google Play (Kaggle public dataset),1,2019-11-22T21:44:54.000Z,strict_rule_relabel,presentation
ewallet_01991,"Please help to fix my problem , i transfer to bank and i did not get the cofirmation reciepts and i see that also not recieve the amount of money i sent.",transfer_issue,GCash,Google Play (Kaggle public dataset),1,2022-04-01T12:32:04.000Z,strict_rule_relabel,presentation
ewallet_02003,"Hard to cash out,, always problem,,",transfer_issue,GCash,Google Play (Kaggle public dataset),1,2022-04-10T08:46:31.000Z,strict_rule_relabel,presentation
ewallet_02004,"I dont understand why student ID is not on the list when majority of the users are students. It's supposed to be convenient ofcourse I understand that we are handling money here and security is top priority but I hope there is a more versatile way of account verification, something applicable for everyone especially students.",feature_request,GCash,Google Play (Kaggle public dataset),3,2020-11-04T07:58:21.000Z,strict_rule_relabel,presentation
ewallet_02007,Gcash is helpful in terms of paying some bills my problem is when maintaining is happen when I need to cash out the money,transfer_issue,GCash,Google Play (Kaggle public dataset),3,2022-04-10T12:48:44.000Z,strict_rule_relabel,presentation
ewallet_02017,"One word, NAKAKAURAT. There have been numerous instances wherein your app cannot read and scan store's QR code. Ang hassle nyong gamitin sa totoo lang. You promote cashless transaction pero ending cash pa rin ang gagamitin dahil sa mga palpak na QR codes na yan. Ask stores if they encounter such issues kasi for sure meron, madami. Unless you do not pay attention to users' feedbacks. Update kayo ng update wala naman nangyayari. Magsi-resign kayo, punyeta!",payment_failure,GCash,Google Play (Kaggle public dataset),1,2022-01-07T10:57:45.000Z,strict_rule_relabel,presentation
ewallet_02020,Cant pay bills . Always error,payment_failure,GCash,Google Play (Kaggle public dataset),1,2022-01-10T05:36:20.000Z,strict_rule_relabel,presentation
ewallet_02027,Why i can't proceed in paying BIR bills? It says that transaction failed and this bill has been processed but my balance is still the same. Pls pls answer my problem.,payment_failure,GCash,Google Play (Kaggle public dataset),1,2022-01-13T06:58:05.000Z,strict_rule_relabel,presentation
ewallet_02028,Heyyyy gcash plz fix this emidiately... Need send money on time but i cannot because of ur problem fixes lol... Annoying,transfer_issue,GCash,Google Play (Kaggle public dataset),1,2022-04-13T12:24:01.000Z,strict_rule_relabel,presentation
ewallet_02039,"Can't verify my email, It said that they sent the verification code but there's none.",account_access_issue,GCash,Google Play (Kaggle public dataset),1,2019-12-12T12:37:02.000Z,strict_rule_relabel,presentation
ewallet_02045,"Why i cant login my account?.. it says ""error""",account_access_issue,GCash,Google Play (Kaggle public dataset),1,2019-12-13T05:04:15.000Z,strict_rule_relabel,presentation
ewallet_02046,how long it takes for you to fix your maintenance issue? I can't open my gcash application since this morning. I can't even cash out my money or withdraw my money because of the maintenance issue.,transfer_issue,GCash,Google Play (Kaggle public dataset),1,2022-04-25T23:08:22.000Z,strict_rule_relabel,presentation
ewallet_02047,LONGTIME TO LOGIN G-CASH APP PLEASE FIX YOUR APPS ASAP AND PLEASE ADD MORE SETTING AND PLEASE AD OPTION TO DELETE G-CASH ACCOUNT PERMANENTLY,feature_request,GCash,Google Play (Kaggle public dataset),1,2021-06-02T07:17:36.000Z,strict_rule_relabel,presentation
ewallet_02051,Edited: it would not let you monitor your incoming and outgoing transactions. It would be nice if there would be a summary/report of the total transactions to keep track of the monthly limit.,feature_request,GCash,Google Play (Kaggle public dataset),1,2021-06-02T10:57:22.000Z,strict_rule_relabel,presentation
ewallet_02056,So many problems in KKB My cousin in my friends send money in gcash using kkb. But now cant use it download old models still not working alwys try again. Canr verified because my cousin in my friends no Valid ID. Thats why KKB using please fix the old model to accept payment. Requests. Can send payment because of no id cant verified. Please help help gcash fix the KKb so many people. Use kkb but now alwys fail.,transfer_issue,GCash,Google Play (Kaggle public dataset),2,2022-04-28T09:06:42.000Z,strict_rule_relabel,presentation
ewallet_02057,"I have had no problems using this app,I can pay my bills and put load on my mobile(globe roam sim)while I'm abroad.",payment_failure,GCash,Google Play (Kaggle public dataset),5,2022-02-11T09:26:19.000Z,strict_rule_relabel,presentation
ewallet_02059,"I hate this app, paymaya is the best as soon as you get verified just add 100php and you can get the credit card immediately. unlike this stupid and scammed app, you have to get credit point to see credit card info and mines stuck in 350 like this is scam. i got higher than that but it got minus and i was so mad. what do you want us to do deposit money every hour? or pay bill everday? i think i added money more than 20,000 already and still at 350, i pay bills every month. SCAMMER.",payment_failure,GCash,Google Play (Kaggle public dataset),1,2020-11-21T06:42:03.000Z,strict_rule_relabel,presentation
ewallet_02062,NAPAKAWALANG KWENTA NG SUPPORT NETO. SPELL USELESS: GCASH! if u send money to a wrong gcash user or there is only a single digit error u have to wait for them to reply which takes forever if u dont follow it up on ur email. this is the problem with the Philippines app. THEY LACK SUPPORT and if they does NO ONE SEEM TO CARE TO ANSWER U PROPERLY. i dont even know how th they get 4+ rating when there are lot of bad issues/comments on the app.,transfer_issue,GCash,Google Play (Kaggle public dataset),1,2022-05-03T02:16:37.000Z,strict_rule_relabel,presentation
ewallet_02072,Na scam ako sa gcash.. Bakit ganun di ko manfully verity gcash ko maynagpadala skin friend ko 2k Di ko ma cash out Pero na scam alko agad agad nia bar transfer sa shoppe pay.... Pano kopa mkuha ulit un,transfer_issue,GCash,Google Play (Kaggle public dataset),5,2020-11-28T15:07:55.000Z,strict_rule_relabel,presentation
ewallet_02079,"this app is getting worst and worst by the day, always on abrupt maintenance that took eons hrs and hrs without notification ahead of time. and now their having issues on cash in and out we can't cash in or cash out exceeding 100php. what the f.. your always updating your app but not for the better but for being worst.",transfer_issue,GCash,Google Play (Kaggle public dataset),1,2022-05-09T00:02:06.000Z,strict_rule_relabel,presentation
ewallet_02087,This app is good but my problem is sometimes I can't cash in thru WU please fix issue,transfer_issue,GCash,Google Play (Kaggle public dataset),4,2022-05-21T07:52:32.000Z,strict_rule_relabel,presentation
ewallet_02091,"Okay naman siya nung una pero biglang nag karoon ng issues. Dko expected, HUHUHU. Nag cash in ako through link UnionBank online pero hindi ako naka received ng money. Pero nabawasan yung savings sa UB ko. :( maibabalik pa kaya yun?",transfer_issue,GCash,Google Play (Kaggle public dataset),1,2022-05-23T03:37:16.000Z,strict_rule_relabel,presentation
ewallet_02092,"I have an s20 samsung. Device is not an issue. Suddenly, I can't cash-in from my paypal to gcash. It keeps saying relink your paypal, but no unlink feature in gcash. I've called gcash many times and talked with cs, they do nothing. Just a bunch of tickets waiting for a week or so turn-around-time. I've called Paypal U.S., no problem on their end. I can send money to my bank account with paypal. I've uninstalled and reinstalled the app. Nothing happened. Now, I'm ready to quit using gcash.",transfer_issue,GCash,Google Play (Kaggle public dataset),1,2022-05-25T11:16:35.000Z,strict_rule_relabel,presentation
ewallet_02098,"Okay. So this is my 2nd time reviewing. I haven't open my gcash recently and now im trying to log in, it says i need to update and so I did. But as I went thru it say my MPIN is wrong! I tried many times and it says to submit a ticket. But when I did the page crashes. Is it a new form of a scam? Please clear this. Or at least let me receive an email of instructions as to how I can retrieve it. Im so tired trying.",account_access_issue,GCash,Google Play (Kaggle public dataset),1,2020-12-11T02:16:07.000Z,strict_rule_relabel,presentation
ewallet_02106,Not working.. Cannot log in.. Need help for password,account_access_issue,GCash,Google Play (Kaggle public dataset),1,2020-01-15T12:53:44.000Z,strict_rule_relabel,presentation
ewallet_02109,RFG1 error whenever fund transfer is initiated.,transfer_issue,GCash,Google Play (Kaggle public dataset),1,2022-05-29T07:21:16.000Z,strict_rule_relabel,presentation
ewallet_02111,Can you add back the school id when verifying pls i will rate this 5 star when you add it back,feature_request,GCash,Google Play (Kaggle public dataset),3,2021-07-07T02:44:05.000Z,strict_rule_relabel,presentation
ewallet_02124,"I can't log in using mobile data, but I can use it using WiFi",account_access_issue,GCash,Google Play (Kaggle public dataset),3,2020-01-20T03:54:16.000Z,strict_rule_relabel,presentation
ewallet_02132,Pay gcash qr and all qr features in this update not working anymore. Kindly fix it.,payment_failure,GCash,Google Play (Kaggle public dataset),1,2022-03-09T12:52:24.000Z,strict_rule_relabel,presentation
ewallet_02135,The app is frequently down. Failed transaction but you still get charged. Then it'll be credited back after a month. Customer service channels are useless.,payment_failure,GCash,Google Play (Kaggle public dataset),5,2022-03-11T11:04:02.000Z,strict_rule_relabel,presentation
ewallet_02144,Lost connection always please do something i cannot login,account_access_issue,GCash,Google Play (Kaggle public dataset),3,2020-02-02T21:42:41.000Z,strict_rule_relabel,presentation
ewallet_02148,"I will change this rating not until they refund my money after such ""ERROR"" in my transaction. Why would you credit my account and then seconds after it was payment failed? It happened not just once but twice already. I NEED REFUND!",payment_failure,GCash,Google Play (Kaggle public dataset),1,2022-03-14T10:08:32.000Z,strict_rule_relabel,presentation
ewallet_02149,Useful to me.. But i reinstall it because there was an issue of cash in. But hopefully it will back to normal.,transfer_issue,GCash,Google Play (Kaggle public dataset),5,2022-06-25T02:48:44.000Z,strict_rule_relabel,presentation
ewallet_02151,"Why can't I link my BPI account? Every time I try to do so, my BPI account gets locked and I have to change the password again. My username and password is correct. I tried more than 3 times.",account_access_issue,GCash,Google Play (Kaggle public dataset),3,2020-02-12T02:39:39.000Z,strict_rule_relabel,presentation
ewallet_02157,"scan QR not working anymore, idk what happened",payment_failure,GCash,Google Play (Kaggle public dataset),5,2022-03-17T12:04:24.000Z,strict_rule_relabel,presentation
ewallet_02160,"I have a problem with the verification. Every capture it said perfect but it doesn't go to next step, it's just stay on standby. Please take action I'm using philippine identification card cause its on the valid id list. I wish to send money but i can't bacause of verification error.",transfer_issue,GCash,Google Play (Kaggle public dataset),1,2022-06-29T02:25:56.000Z,strict_rule_relabel,presentation
ewallet_02172,"I cant verify my email, otp not sent to my provided email addr ess .please fix this isssue.",account_access_issue,GCash,Google Play (Kaggle public dataset),4,2020-02-20T00:30:15.000Z,strict_rule_relabel,presentation
ewallet_02173,"I am using the app long time and was never able to send or transfer money. Since ING is leaving the Philippines, I have a problem, since other digital banks don't accept foreign residents. I shared my complaints several times with the customer service. Always the same, check internet, empty cache bla bla. Until I read the reviews. I noticed that not English users experienced the same problem. So I changed system language into English... PROBLEM SOLVED. I think that Gcash has to solve that error.",transfer_issue,GCash,Google Play (Kaggle public dataset),3,2022-07-05T11:50:00.000Z,strict_rule_relabel,presentation
ewallet_02181,I've been using gcash for long time and it's hard to cash in using PayPal. Never made an announcement regarding this issue and it's frustrating.,transfer_issue,GCash,Google Play (Kaggle public dataset),1,2022-07-09T00:03:13.000Z,strict_rule_relabel,presentation
ewallet_02184,Very useful app. I hope they can add more services or can act as alternative acceptable option for online payment purchases worldwide like paypal.,feature_request,GCash,Google Play (Kaggle public dataset),4,2021-08-03T00:21:35.000Z,strict_rule_relabel,presentation
ewallet_02191,"I've been using gcash for more than 2 years now and it has been improving alot. From the services offered to customer service. Kudos to the gcash team for making it a lot easier to navigate and for opening new features such as padala and many more. However, gcash team please allow students to fully verify their accounts using their IDs since many now are struggling to verify their accounts for not having the required IDs, though we understand that it is for safety purposes it. Thank you.",feature_request,GCash,Google Play (Kaggle public dataset),5,2021-08-04T16:09:04.000Z,strict_rule_relabel,presentation
ewallet_02192,"Worst update, if you send money always system error and system unavailable.",transfer_issue,GCash,Google Play (Kaggle public dataset),1,2022-07-13T21:38:40.000Z,strict_rule_relabel,presentation
ewallet_02197,"I was using this for more than a year now and it was very convenient to pay bills. But suddenly yesterday i keep on getting error the whole day saying to try again later. 1 day of no gcash i decide to uninstall and install the app. But upon registration, it now says that gcash app does not support android ver 4.4 and lower. The developers should have foresee that many people have different cp and some may have not the latest cp model. So the developers should have been able to adjust the app",payment_failure,GCash,Google Play (Kaggle public dataset),5,2022-04-06T03:59:55.000Z,strict_rule_relabel,presentation
ewallet_02198,Can you fix my problem...i can't send money gcash to gcash..always say submit a ticket after submitting a ticket..and i send money again submit a ticket again..hahzzz thats why uninstall this app...,transfer_issue,GCash,Google Play (Kaggle public dataset),1,2022-07-16T12:50:50.000Z,strict_rule_relabel,presentation
ewallet_02203,"Can't log in or register, both in mobile data connection or using wi-fi.",account_access_issue,GCash,Google Play (Kaggle public dataset),1,2020-03-13T23:46:04.000Z,strict_rule_relabel,presentation
ewallet_02204,Developers I don't know what happened to your app but i have a fully verified account and when i was going to open it to send money it went into error and came back to registereng option in the beginning pls respond because i still have my money in that acc.,transfer_issue,GCash,Google Play (Kaggle public dataset),2,2022-07-17T08:27:16.000Z,strict_rule_relabel,presentation
ewallet_02210,"This E-wallet is really Frustating. I tried to verify my Gcash account using my PRC ID but It's still Update In Progress, it's been a month since I sudmitted all the details needed properly and clearly. I also tried to submit a ticket about my problem! But there's still No Response! This is so frustating. There's a lot of Gcash issues such as bank transfer error, bug error issue, and slow response. Please, I hope in new update of Gcash, all issue in Gcash will be solved. I more prefer the old Gc",transfer_issue,GCash,Google Play (Kaggle public dataset),1,2022-07-28T01:11:10.000Z,strict_rule_relabel,presentation
ewallet_02219,"just encountered problem I can't send money today it says i need to verify but i know I am already verified , but when trying to click verify it prompted. ""Oops please try again.""",transfer_issue,GCash,Google Play (Kaggle public dataset),4,2022-08-02T10:57:22.000Z,strict_rule_relabel,presentation
ewallet_02221,PAY QR GCASH STOPPED ERROR Always have been REPORTED. Not working until now.,payment_failure,GCash,Google Play (Kaggle public dataset),1,2022-04-09T09:00:15.000Z,strict_rule_relabel,presentation
ewallet_02229,Can't log in phone number,account_access_issue,GCash,Google Play (Kaggle public dataset),1,2020-03-25T04:09:12.000Z,strict_rule_relabel,presentation
ewallet_02233,It's nice. But why is there no option to verify yourself using your school/student id? I don't have any of those other IDs but I need gcash so I can have income. Please add the option to verify using a school ID.,feature_request,GCash,Google Play (Kaggle public dataset),4,2021-08-23T08:23:35.000Z,strict_rule_relabel,presentation
ewallet_02246,It's nice to have gcash but I hope you will add the Tin ID in your gcash ID verification,feature_request,GCash,Google Play (Kaggle public dataset),2,2021-08-30T10:33:02.000Z,strict_rule_relabel,presentation
ewallet_02247,I am retracting my previous negative review dated july 2019. This app started to work great after the update. Now I don't have any issues logging in and it became easy to tranfer funds and pay bills,payment_failure,GCash,Google Play (Kaggle public dataset),5,2022-04-20T00:16:07.000Z,strict_rule_relabel,presentation
ewallet_02263,"This app is nice l, but I can't still verified couz the other valid ID is not in the list like student I D and PWD ID i hope those ID wil add .",feature_request,GCash,Google Play (Kaggle public dataset),5,2021-09-10T06:14:00.000Z,strict_rule_relabel,presentation
ewallet_02264,"I always use gcash on paying bills, as of now I know how to use online banking responsibly and no problems coming in. Continue your safe cashless convenience transaction features gcash.",payment_failure,GCash,Google Play (Kaggle public dataset),5,2022-04-30T15:00:11.000Z,strict_rule_relabel,presentation
ewallet_02265,I have been using because of the gcredit option. However it seems that my Gscore is stuck at 350 even though i have been reaching the cash in limit monthly. So dissapointed,transfer_issue,GCash,Google Play (Kaggle public dataset),2,2022-08-16T11:33:26.000Z,strict_rule_relabel,presentation
ewallet_02273,i have a problem. i don't know where to find or claim the pay bills amount 2600 send to my gmail account.,payment_failure,GCash,Google Play (Kaggle public dataset),5,2022-05-04T07:23:38.000Z,strict_rule_relabel,presentation
ewallet_02274,I can't log in please help me,account_access_issue,GCash,Google Play (Kaggle public dataset),1,2020-04-06T03:45:13.000Z,strict_rule_relabel,presentation
ewallet_02278,"After I will be able to settle my issue with this frickin cash in, never will I ever use GCash again! You thought its perfect to use it during emergency times because it's posting the transfers real time but this is the first having this issue! Nakakainis! And with the customer service na walang magawa at sabihan kang it'll take up to 5 days to be received back either to your gcash account or savings account! I've been using GCash for long time now and this one really had me mad, really mad!",transfer_issue,GCash,Google Play (Kaggle public dataset),1,2022-08-24T07:11:00.000Z,strict_rule_relabel,presentation
ewallet_02281,Nakakagigil ka GCash.. kailangan ko na mag cash out ehh nakailang verifications na Ako puro failed.. haysstt,transfer_issue,GCash,Google Play (Kaggle public dataset),1,2022-08-30T12:37:29.000Z,strict_rule_relabel,presentation
ewallet_02282,I send money to my friend but he cant cash out because he need to full verify his account but your service is always error or your always offline please help my friend to full verify his account to cash out he realy need to cash out.,transfer_issue,GCash,Google Play (Kaggle public dataset),1,2020-04-08T04:11:47.000Z,strict_rule_relabel,presentation
ewallet_02283,I love it. But it so hard to log in this time. Because it need to changed network it should be work only on wifi i cant used it through data only. Please help me to fix this app its so kinda hassle now to cash out.. I could only give 3 stars for now. How will happen if you're not at home and no wifi connection in any areas that are free.. I should have to go home and to connect on the internet for logging in and for cashout. Please fix this problem.,transfer_issue,GCash,Google Play (Kaggle public dataset),3,2022-08-31T10:30:39.000Z,strict_rule_relabel,presentation
ewallet_02292,why always cant transfer my money in gcash all the devs of this app is useless and brainless fix this problem and i cant even cash out stupids devs,transfer_issue,GCash,Google Play (Kaggle public dataset),1,2022-09-07T05:00:20.000Z,strict_rule_relabel,presentation
ewallet_02295,"What does mpin use for,i cannot register anymore.It says incorrect passcode",account_access_issue,GCash,Google Play (Kaggle public dataset),1,2020-04-12T10:54:29.000Z,strict_rule_relabel,presentation
ewallet_02296,"CS are clowns. Had an issue with my cash in, took a week to get a reply from them. no surprises here, they can't do anything about it.",transfer_issue,GCash,Google Play (Kaggle public dataset),1,2022-09-09T00:10:06.000Z,strict_rule_relabel,presentation
ewallet_02306,"Suggestion. If there us an update, users should still use the app. They can't use the updated features until they updated the app",feature_request,GCash,Google Play (Kaggle public dataset),1,2021-09-17T14:11:01.000Z,strict_rule_relabel,presentation
ewallet_02322,there's no sms text that the bank transfer is have some issue,transfer_issue,GCash,Google Play (Kaggle public dataset),1,2022-10-07T12:28:31.000Z,strict_rule_relabel,presentation
ewallet_02330,I can't log in. What's the problem?,account_access_issue,GCash,Google Play (Kaggle public dataset),3,2020-04-21T01:49:19.000Z,strict_rule_relabel,presentation
ewallet_02331,Your Customer Service is sucks!!! Your response are slow!!! Too many updates and make the application error!! Until now my cash in not received! Useless platform!!! I raised my concern many times but no one is answering!,transfer_issue,GCash,Google Play (Kaggle public dataset),1,2022-10-09T04:19:13.000Z,strict_rule_relabel,presentation
ewallet_02336,"Great app...very usable app.. No hassle on everything....i need to change the ratings into 0 if i can..... What happened to u gcash,,,i did cash in through remittance to gcash but until now my cash in was missing....and the hard part was u cannot speak to anyone to help u,,,waiting for 3 days on ur help center to answer this matter......but until now there is no update.....since october 7tj,,it's my birthday when u did this,,until now there is no action oct.11.....i'll just wait and wait for you",transfer_issue,GCash,Google Play (Kaggle public dataset),1,2022-10-11T08:37:41.000Z,strict_rule_relabel,presentation
ewallet_02338,Can you please add ML10 to the denominations? Thank you!,feature_request,GCash,Google Play (Kaggle public dataset),5,2021-09-27T11:50:41.000Z,strict_rule_relabel,presentation
ewallet_02349,"I have issue this was happened last month my Gscore was changed from 728 into 350 despite of my consistent using thru online payment transactions, so weird and rediculous app. Just now encountered error on cashin, ia this due to system enhancement AGAIN??! Without prior notice. rating this app 2/10.so disappointing",transfer_issue,GCash,Google Play (Kaggle public dataset),1,2022-10-13T08:50:42.000Z,strict_rule_relabel,presentation
ewallet_02350,Gcash will not take care of your remittance problem. I cash in via remittance but my money hasnt been cash in to my gcash and its almost 3 days. Customer service is useless because you cannot contact them and does not respond to your ticket. This is the 3rd time it happend to me. I cant even remit my money becauts its already with gcash!,transfer_issue,GCash,Google Play (Kaggle public dataset),1,2022-10-13T13:07:26.000Z,strict_rule_relabel,presentation
ewallet_02357,Problem with support. I need refund for double payment but no one seems to care.,payment_failure,GCash,Google Play (Kaggle public dataset),1,2022-06-06T07:13:23.000Z,strict_rule_relabel,presentation
ewallet_02368,"I ordered food from kfc via gcash but i didn't received my order. Then i requested a refund. The refund transaction took a very long time. It was 17 days. Then they said that it was delivered and i should be the one to contact the kfc. Very poor service. This was a scam. They give promos but in the end, they will get money from us.",payment_failure,GCash,Google Play (Kaggle public dataset),1,2021-03-07T14:44:45.000Z,strict_rule_relabel,presentation
ewallet_02370,This app useless if your using gcash to bank transfer always delayed you have to wait for five days.. dont use this app specially when you are on online betting this app is useless,transfer_issue,GCash,Google Play (Kaggle public dataset),1,2022-10-18T13:21:47.000Z,strict_rule_relabel,presentation
ewallet_02372,You should add a Student ID to get fully verified.,feature_request,GCash,Google Play (Kaggle public dataset),3,2021-10-06T03:23:34.000Z,strict_rule_relabel,presentation
ewallet_02383,now I cant cash in at all! keeps getting an error. Created a ticket but still nothing! Poor Service!,transfer_issue,GCash,Google Play (Kaggle public dataset),1,2022-11-02T18:51:19.000Z,strict_rule_relabel,presentation
ewallet_02385,Can't log in!!!! Ngayon pa talaga nagloloko ung app? Plsss fix thiiiiisss asap.,account_access_issue,GCash,Google Play (Kaggle public dataset),1,2020-04-22T13:11:45.000Z,strict_rule_relabel,presentation
ewallet_02387,the app itself was very useful and convenient. But I hope that somehow autofill would be part of the system 'cause it's a bit of a hassle when your switching into other accounts you still need to manually type number. I hope that they could do more about it,feature_request,GCash,Google Play (Kaggle public dataset),4,2021-10-08T10:29:23.000Z,strict_rule_relabel,presentation
ewallet_02390,"Hi! You may have experienced a delay with your GCash Bank Transfer due to an ongoing bank validation. Once your bank confirms the transaction, your funds will be reflected in your nominated bank account within 3-5 banking days. We apologize for the inconvenience. But 8 days before we have no text comfermation.. 2 weeks no txt confirmation",transfer_issue,GCash,Google Play (Kaggle public dataset),4,2022-11-08T11:11:05.000Z,strict_rule_relabel,presentation
ewallet_02406,I hope gcash would have cryptocurrency,feature_request,GCash,Google Play (Kaggle public dataset),5,2021-10-12T15:39:51.000Z,strict_rule_relabel,presentation
ewallet_02417,"BEWARE OF USING THIS APP!! when using Gcash Gcredit. They like to deduct your gcredit balance even if the transaction was failed. This is the fourth time they have done this. The worst thing is when you pay to other merchants using Pay QR, the app would say that it was successful but the merchant DIDN'T receive any confirmation text. but your Gcredit Balance was already deducted. THE HASSLE OF WAITING AT THE MERCHANT STORE AND THE DELAY IN THEIR CONFIRMATION TEXT WOULD MAKE ANYONE CRAZY!",payment_failure,GCash,Google Play (Kaggle public dataset),1,2022-07-02T13:37:31.000Z,strict_rule_relabel,presentation
ewallet_02420,Bugs qlways present. No info from globe that tje service is down. Too scary when you cash in due to many scammers using gcash. Hope if.prepaid theu wpnt allow to be fully verified,transfer_issue,GCash,Google Play (Kaggle public dataset),1,2021-10-15T05:10:25.000Z,strict_rule_relabel,presentation
ewallet_02422,"Before, it was easy and convenient to use. Now it's worse: I can't open the Gcash app and make transactions unless I update the app. Now, even after the update, I can't send money. I'm getting an error: ""Oops! ""Please check your internet connection and try again."" even though I'm connected to the internet and have a strong internet connection.",transfer_issue,GCash,Google Play (Kaggle public dataset),1,2022-11-30T12:45:11.000Z,strict_rule_relabel,presentation
ewallet_02426,"After i update my gcash app, bank transfer was not working. I need my gcash to do transactions on sales.",transfer_issue,GCash,Google Play (Kaggle public dataset),1,2022-12-01T12:55:41.000Z,strict_rule_relabel,presentation
ewallet_02435,Only problem is there's a limited store to cash out..,transfer_issue,GCash,Google Play (Kaggle public dataset),5,2022-12-02T02:05:53.000Z,strict_rule_relabel,presentation
ewallet_02439,Please add NBI CLEARANCE and POLICE CLEARANCE for verification. Yung paymaya meron nito.,feature_request,GCash,Google Play (Kaggle public dataset),1,2021-10-19T05:27:02.000Z,strict_rule_relabel,presentation
ewallet_02442,"Transaction fees anywhere and still offers a terrible customer support, when you need it the most they always have issues about cash in, unconvient app",transfer_issue,GCash,Google Play (Kaggle public dataset),1,2022-12-02T03:00:04.000Z,strict_rule_relabel,presentation
ewallet_02445,since they update this gcash app i always encountering problems many times for example if u want to cash in or send money to your relatives the gcash replying please check your main wallet balance and you have insufincient balance even though i have cash in my gcash wallet.. please fix this problem gcash..,transfer_issue,GCash,Google Play (Kaggle public dataset),1,2022-12-02T04:02:35.000Z,strict_rule_relabel,presentation
ewallet_02464,can you add the students ID back? i want to verify my account but i can't because currently student ID is my only valid ID.,feature_request,GCash,Google Play (Kaggle public dataset),2,2021-10-25T11:53:11.000Z,strict_rule_relabel,presentation
ewallet_02467,"i top up 300 gcash into pitmasters online sabong from gcash..and i did not recieve at pitmaster points,i wish i could claim it again i wasted my money how does it happen??",transfer_issue,GCash,Google Play (Kaggle public dataset),1,2021-10-25T14:56:09.000Z,strict_rule_relabel,presentation
ewallet_02470,Can you please add the School ID for the Fully Verified,feature_request,GCash,Google Play (Kaggle public dataset),2,2021-10-27T07:51:44.000Z,strict_rule_relabel,presentation
ewallet_02483,"I can't log in , please do something.",account_access_issue,GCash,Google Play (Kaggle public dataset),1,2020-04-30T08:36:16.000Z,strict_rule_relabel,presentation
ewallet_02487,"Can't process my pay bills - credit card error message bcc3 422, old version is much better than updated one.",payment_failure,GCash,Google Play (Kaggle public dataset),1,2022-07-16T01:45:21.000Z,strict_rule_relabel,presentation
ewallet_02488,I cannot login to my account please fix this immediately i need the money that was sent to me,account_access_issue,GCash,Google Play (Kaggle public dataset),1,2020-04-30T11:07:19.000Z,strict_rule_relabel,presentation
ewallet_02494,Nice app. But can you please add the students ID in the verification process.,feature_request,GCash,Google Play (Kaggle public dataset),4,2021-11-02T14:38:48.000Z,strict_rule_relabel,presentation
ewallet_02498,Error in cash in and withdrawal transactions,transfer_issue,GCash,Google Play (Kaggle public dataset),1,2022-12-20T02:42:35.000Z,strict_rule_relabel,presentation
ewallet_02501,"My PayPal was already linked to GCash, but everytime I cash in via paypal, I always get an error message and I can't cash in because it needs to link again, but now I can't link my PayPal and error message keeps pop ups.",transfer_issue,GCash,Google Play (Kaggle public dataset),3,2022-12-22T03:20:47.000Z,strict_rule_relabel,presentation
ewallet_02503,GCASH TO BANK TRANSFER KEPT SAYING CONTAINS SPECIAL CHARACTERS. I DON'T KNOW WHAT YOUR SYSTEM IS REFFERING TO? IS IT THE BANK ACCT. NAME (ALL OF IT ARE JUST LETTERS)? THE ACCOUNT NUMBER (CONTAINS ONLY NUMBERS? OR IS IT THE EMAIL ADDRESS TO SEND THE RECEIPT (OBVIOUSLY WILL CONTAIN A SPECIAL CHARACTER/S)? SO HOPEFULLY SOMEONE FROM GCASH CAN HELP ME SINCE I CAN'T EVEN SEND YOU A CONCERN THROUGH YOUR GCASH SUPPORT BECAUSE OF A TRANSACTION NUMBER(WHICH I DONT HAVE BCUZ OF THE SPECIAL CHARACTERS ERROR,transfer_issue,GCash,Google Play (Kaggle public dataset),5,2022-07-24T13:31:34.000Z,strict_rule_relabel,presentation
ewallet_02506,Scammer .. charge me on Google without my MPIN... Useless app and low security,account_access_issue,GCash,Google Play (Kaggle public dataset),1,2021-04-12T08:13:41.000Z,strict_rule_relabel,presentation
ewallet_02508,"this app is almost unusable during emergencies. the scan QR is not reliable and at most times, not working.",payment_failure,GCash,Google Play (Kaggle public dataset),1,2022-07-24T14:01:54.000Z,strict_rule_relabel,presentation
ewallet_02509,Tangina cannot login error tas server maintenance kung kelan na kailangan gamitin sana sinabi nyo may schedule pag gamit sa depotang app nyo Till what time MAINTENANCE NYO? NEVER NA NATAPOS MAINTENANCE NYO GALING GALING 0 stars if pwede,account_access_issue,GCash,Google Play (Kaggle public dataset),1,2020-04-30T23:21:01.000Z,strict_rule_relabel,presentation
ewallet_02510,Error cash in via PayPal please re-link your PayPal account to your gcash account. pls fix this.,transfer_issue,GCash,Google Play (Kaggle public dataset),1,2023-01-01T06:25:49.000Z,strict_rule_relabel,presentation
ewallet_02516,Unable to login after installing again,account_access_issue,GCash,Google Play (Kaggle public dataset),1,2020-05-01T02:36:42.000Z,strict_rule_relabel,presentation
ewallet_02524,Sent multiple emails and raised multiple tickets but the issue with my PayPal cash in still isn't resolved.,transfer_issue,GCash,Google Play (Kaggle public dataset),2,2023-01-08T22:49:47.000Z,strict_rule_relabel,presentation
ewallet_02525,Just a suggestion... Would you inform all GCASH USER if there is maintenance in this app.. So that we are aware..thank u,feature_request,GCash,Google Play (Kaggle public dataset),3,2021-11-10T00:44:14.000Z,strict_rule_relabel,presentation
ewallet_02526,"Cannot log in. Everytime I open the app, as the Acknowledgment pops up its loading. Please dont waste our time. Fix this.",account_access_issue,GCash,Google Play (Kaggle public dataset),1,2020-05-01T14:24:58.000Z,strict_rule_relabel,presentation
ewallet_02530,"I have been using this for everything and now i changed my ratings as my issue was happening since November 2022 and until now they cannot resolve it. templates here and there even if i told them i am DONE with troubleshooting. No 24/7 phone support, chat bot sucks, tickets that goes months and months to resolve. Paypal already verified there is nothing wrong with my account with them, I would be able to transact well to other apps or people but my GCASH CASHIN VIA PAYPAL is still not working.",transfer_issue,GCash,Google Play (Kaggle public dataset),1,2023-01-17T14:30:29.000Z,strict_rule_relabel,presentation
ewallet_02559,Always need iUpdate but still lageng error! Di pa makapag bank transfer!,transfer_issue,GCash,Google Play (Kaggle public dataset),1,2023-02-16T04:56:22.000Z,strict_rule_relabel,presentation
ewallet_02562,what happen to my gcash... i cannot pay my gas due to your errors.. please fix this asap.,payment_failure,GCash,Google Play (Kaggle public dataset),5,2022-08-22T20:47:50.000Z,strict_rule_relabel,presentation
ewallet_02568,Always maintenance and can't log in. for mobile wallet i think this is not Good or Safe,account_access_issue,GCash,Google Play (Kaggle public dataset),1,2020-05-12T07:09:11.000Z,strict_rule_relabel,presentation
ewallet_02573,Please Add. BOHICO 1 Bohol electric cooperative inc.,feature_request,GCash,Google Play (Kaggle public dataset),5,2021-11-23T09:01:59.000Z,strict_rule_relabel,presentation
ewallet_02582,"Fix your problems, i need to cash out for an emergency and your app saying that they're fixing something. Whole day of fixing, dang it!",transfer_issue,GCash,Google Play (Kaggle public dataset),1,2023-03-08T10:18:40.000Z,strict_rule_relabel,presentation
ewallet_02583,The IDs you need are very limited. That's just a serious hassle. I hope you add acceptable IDs such as philhealth or tin ID only,feature_request,GCash,Google Play (Kaggle public dataset),1,2021-11-26T03:57:48.000Z,strict_rule_relabel,presentation
ewallet_02587,i hope that they can add other id for full verification like student id and national id,feature_request,GCash,Google Play (Kaggle public dataset),3,2021-11-27T04:36:53.000Z,strict_rule_relabel,presentation
ewallet_02593,Can you please add TIN id as a verification id again?,feature_request,GCash,Google Play (Kaggle public dataset),3,2021-11-29T05:56:26.000Z,strict_rule_relabel,presentation
ewallet_02605,What's wrong with the app now?? I badly needed to cash out but still the error message showed up it's so frustrated,transfer_issue,GCash,Google Play (Kaggle public dataset),1,2023-03-18T07:35:40.000Z,strict_rule_relabel,presentation
ewallet_02606,I can't log in the authentication process takes too long and the 6 digit code doesn't match it also takes too long to recieve a new code,account_access_issue,GCash,Google Play (Kaggle public dataset),1,2020-05-19T10:44:27.000Z,strict_rule_relabel,presentation
ewallet_02621,Can you please add PRC license for verification. Thank you,feature_request,GCash,Google Play (Kaggle public dataset),4,2021-12-05T11:04:45.000Z,strict_rule_relabel,presentation
ewallet_02622,"I must rate this fkng app, it says send tikcet... Stop.ut be simpleeee gcashhhh im in a rush, I have to cash out but this problem came. Please be simpleeeeeeeeee I hate so it",transfer_issue,GCash,Google Play (Kaggle public dataset),1,2023-03-27T23:17:20.000Z,strict_rule_relabel,presentation
ewallet_02629,"I've been using this up for years and it works properly until when the double safe update arrive, it requires me to use the face scan upon logining in new devices. I keep on trying to scan my face but it always error. I have balance in my gcash account that i can't cash out because of the new update. Please just make it manual for all the users so they can choose to activate it or not. Ps. We will rate 5 stars if you make it manual. I know many users encountered the same problem",transfer_issue,GCash,Google Play (Kaggle public dataset),1,2023-04-01T06:32:00.000Z,strict_rule_relabel,presentation
ewallet_02630,I hope they include student id for verification but overall it's good.,feature_request,GCash,Google Play (Kaggle public dataset),4,2021-12-07T07:45:39.000Z,strict_rule_relabel,presentation
ewallet_02632,Pay bills issue.. check your application update release for this issue.,payment_failure,GCash,Google Play (Kaggle public dataset),2,2022-09-11T12:31:24.000Z,strict_rule_relabel,presentation
ewallet_02637,"App is working. But I'm having a hard time to verify my email... everytime I request for verification I received it late, so I cannot verify my email cause it's not realtime.",account_access_issue,GCash,Google Play (Kaggle public dataset),3,2020-05-23T06:30:41.000Z,strict_rule_relabel,presentation
ewallet_02638,How can I verify my email if your verification code are late?,account_access_issue,GCash,Google Play (Kaggle public dataset),1,2020-05-23T07:44:02.000Z,strict_rule_relabel,presentation
ewallet_02642,I was disapointed because I could not receive the Email Verification code on time. Because of that can't verify me Gscore.,account_access_issue,GCash,Google Play (Kaggle public dataset),1,2020-05-24T18:20:13.000Z,strict_rule_relabel,presentation
ewallet_02652,Please add more ID in option to get verified,feature_request,GCash,Google Play (Kaggle public dataset),2,2021-12-10T07:58:50.000Z,strict_rule_relabel,presentation
ewallet_02656,Pls make an update that offers an school id for verification. Many students like me needs to pay tuition fee and other activities that need to pay tru gcash. But i can't pay because i'm not verified. I really hope that you bring back that student id option for verification. thanks.,feature_request,GCash,Google Play (Kaggle public dataset),3,2021-12-10T13:05:46.000Z,strict_rule_relabel,presentation
ewallet_02660,Qr code error .,payment_failure,GCash,Google Play (Kaggle public dataset),4,2022-10-06T09:48:48.000Z,strict_rule_relabel,presentation
ewallet_02662,To many issues and bank transfer not available,transfer_issue,GCash,Google Play (Kaggle public dataset),1,2023-05-09T15:33:41.000Z,strict_rule_relabel,presentation
ewallet_02669,Why its so hard for us that only have Student ID to fully verified thats unfair please add Student ID to make it easy,feature_request,GCash,Google Play (Kaggle public dataset),1,2021-12-14T09:05:47.000Z,strict_rule_relabel,presentation
ewallet_02674,"Walang kwenta tlaga kayo gcash ang transfer k n ipang bayad ng bills delay nyo pa ng 3-5 days, mga wala tlaga kayong awa. Nag sisisi tlaga ako bakit sa inyo pa ako nag cash in. Panu na ngayon yan wala na ako ng pambayad.",transfer_issue,GCash,Google Play (Kaggle public dataset),1,2023-05-12T02:38:39.000Z,strict_rule_relabel,presentation
ewallet_02675,Generate QR code not working,payment_failure,GCash,Google Play (Kaggle public dataset),1,2022-10-12T11:11:15.000Z,strict_rule_relabel,presentation
ewallet_02676,Always have a problem losing cash in app,transfer_issue,GCash,Google Play (Kaggle public dataset),1,2023-05-13T02:00:06.000Z,strict_rule_relabel,presentation
ewallet_02683,"This update is sucks! The authentication is delayed that's why I can't send money. I know why it needs to have an authentacation to protect the user for losing money. But what thr heck! Can't even do transaction always says ""something went worng"". Fix it!",transfer_issue,GCash,Google Play (Kaggle public dataset),2,2023-05-15T10:53:15.000Z,strict_rule_relabel,presentation
ewallet_02684,"Not safe. Beware, there are lots of verified scammer. If you want to ask for assistance they always need many things before they can help you.",security_concern,GCash,Google Play (Kaggle public dataset),1,2021-06-03T23:24:17.000Z,strict_rule_relabel,presentation
ewallet_02686,"suddenly I can not open the app, when I top the icon it goes to app info... I am receiving my salary and side works through GCash, right now I dont have money and I can't pay bills because yhe app is not working...",payment_failure,GCash,Google Play (Kaggle public dataset),1,2022-10-16T23:37:54.000Z,strict_rule_relabel,presentation
ewallet_02690,Where can I raise an issue regarding missing cash in from your end. From link bank tansfer.,transfer_issue,GCash,Google Play (Kaggle public dataset),1,2023-05-17T08:47:30.000Z,strict_rule_relabel,presentation
ewallet_02692,"Had to reinstall the app because it's not working and I couldn't even see this app on my app list despite being installed. Had to use Maya instead for bill payments. Frustrating. And one more thing, if you fail to pay your GCredit dues on time because you were out on quarantine for COVID, they'll remove you from having GCredit and will keep on reverting your GScore to 350 even if you were already on 352. Tsk.",payment_failure,GCash,Google Play (Kaggle public dataset),1,2022-10-19T10:54:27.000Z,strict_rule_relabel,presentation
ewallet_02699,"This might be helpful for Student's. Please include Student's I.D for verification process, student's only have One valid I.D as of this time and it would be better if you'll include student I.D for us.",feature_request,GCash,Google Play (Kaggle public dataset),1,2021-12-22T09:29:28.000Z,strict_rule_relabel,presentation
ewallet_02701,"May problem po ba sa gcash to bank transfer? Nag transfer ako sa bank account bumawas sa gcash account pero wala naman puma pasok sa bank account. Hays, pa ayos naman po sana. Salamat po.",transfer_issue,GCash,Google Play (Kaggle public dataset),3,2023-05-23T00:02:41.000Z,strict_rule_relabel,presentation
ewallet_02703,Always need to update everytime you use. Lots of errors. Review 2: Inamoka! Laging maintenance bank transfer kung kelan kailangan. Service na bulok,transfer_issue,GCash,Google Play (Kaggle public dataset),1,2023-05-23T02:58:57.000Z,strict_rule_relabel,presentation
ewallet_02704,"This app is good, but please add the student's ID in the choices so that student/s like me can verify our accounts and use the other services of your app.",feature_request,GCash,Google Play (Kaggle public dataset),4,2021-12-23T05:28:12.000Z,strict_rule_relabel,presentation
ewallet_02705,"I paid bills using gcash. then just now, it does not generate a downloadable receipt of my transaction nor sent me a text message. It only says that ""oops! there seems to be a problem with bills payment. please try again later."" BUT the bill was still deducted in my account balance, now I do not know if my transaction was successful or not. I am sharing it here in reviews so the dev would be able to fix this kind of errors. Thanks.",payment_failure,GCash,Google Play (Kaggle public dataset),2,2022-10-20T08:18:16.000Z,strict_rule_relabel,presentation
ewallet_02708,"I have no report since I have installed it, like everyone got a problem, unlike now, i just need to cash out my money right now, but I can't get in to the app, what happened?",transfer_issue,GCash,Google Play (Kaggle public dataset),1,2023-05-23T09:21:16.000Z,strict_rule_relabel,presentation
ewallet_02727,Can U please enable Students ID.I am a student and I cant verify my acc because I dont have any other IDs.Its not usable for students.Please enable students ID for verification.Also You keep on updating and I cant use your app,account_access_issue,GCash,Google Play (Kaggle public dataset),1,2021-12-29T13:04:02.000Z,strict_rule_relabel,presentation
ewallet_02730,Please include student ID on the choices for verification card so that anyone can use and have verified gcash account.,feature_request,GCash,Google Play (Kaggle public dataset),3,2022-01-06T09:54:55.000Z,strict_rule_relabel,presentation
ewallet_02733,"The app is great, and I've been using it since 2010. I hope transactions can still be made even without app updates. Weak internet signal causes delays in updates. We depend on GCash for loading and remittance, but I can't send money to my sibling now due to connectivity issues in our area. We rely on internet satellite for connectivity. I hope the app adds the option to send OTPs to registered email addresses, not just phone numbers.",feature_request,GCash,Google Play (Kaggle public dataset),4,2023-05-27T07:02:26.000Z,strict_rule_relabel,presentation
ewallet_02737,I HATE THIS APP! FORST OF ALL I CASH IN 50 AND BOUGHT 50 GARENA SHELLS THEN I CHECKED MY GAME AND JT WAS 0! AND THEN I CHECKED GCASH IT WAS 0 TOO!! DONT DOWNLOAD THIS APP ITS A SCAM!!!,transfer_issue,GCash,Google Play (Kaggle public dataset),1,2021-06-16T06:09:56.000Z,strict_rule_relabel,presentation
ewallet_02740,They dont have customer representative to solve the app issues if ever you're payment transaction may failed they just have customer hotline but its useless,payment_failure,GCash,Google Play (Kaggle public dataset),1,2022-11-14T00:58:41.000Z,strict_rule_relabel,presentation
ewallet_02749,I hope they can bring back the Student's ID as one of the verification IDs.,feature_request,GCash,Google Play (Kaggle public dataset),2,2022-01-12T14:38:49.000Z,strict_rule_relabel,presentation
ewallet_02760,"I can't verify my account because you removed the student's id option. Bring back that option, we students also need to use this kind of apps",feature_request,GCash,Google Play (Kaggle public dataset),1,2020-06-22T13:38:43.000Z,strict_rule_relabel,presentation
ewallet_02762,A good app but please can you add some free promos like free 10$,feature_request,GCash,Google Play (Kaggle public dataset),5,2022-01-23T07:33:42.000Z,strict_rule_relabel,presentation
ewallet_02769,"there is always an issue, the bank transfer is always unusable.",transfer_issue,GCash,Google Play (Kaggle public dataset),4,2023-06-19T15:29:32.000Z,strict_rule_relabel,presentation
ewallet_02770,You verification is pathetic. I've been taking clear picture of my valid ID numerous times and you system can't read it?? Maybe it would be better if you make an option to scan the IDs and not taking picture of it,feature_request,GCash,Google Play (Kaggle public dataset),1,2022-01-28T04:26:06.000Z,strict_rule_relabel,presentation
ewallet_02775,You have a good work but please add a student id for the verified account,feature_request,GCash,Google Play (Kaggle public dataset),5,2022-02-02T13:58:38.000Z,strict_rule_relabel,presentation
ewallet_02783,You're just supporting scammers by hiding the name whenever we send money. Hope you fixed this issue SOON.,transfer_issue,GCash,Google Play (Kaggle public dataset),1,2023-07-08T00:02:38.000Z,strict_rule_relabel,presentation
ewallet_02784,"In your next update, you should include student IDs as a valid ID in verifying an account. Nowadays, online cash transaction became necessary for safety purposes. It will be easier to have a gcash account if you include student IDs as a valid ID.",feature_request,GCash,Google Play (Kaggle public dataset),3,2022-02-08T01:23:51.000Z,strict_rule_relabel,presentation
ewallet_02788,"The app only accepts limited ID's, aside from that it keeps on giving an error message during verification process. Hence, even if you have a valid and accpted ID, it's still difficult to verify your account. And an unverified user CAN receive money but cannot do other transactions - your money will be stuck there. Lastly, even email verification has errors too. Plus you won't receive the initial code unless you click on the resend code. But the code you will receive won't work anymore.",account_access_issue,GCash,Google Play (Kaggle public dataset),1,2023-07-13T11:26:36.000Z,strict_rule_relabel,presentation
ewallet_02791,omg! i cash in money ang canr use it because it was not verify. its more than 2 weeks and pass all necessary requirements . and yet nothing happen! this is a kind of estafa or fraud!! please change ur system! if not verify u cant cash in and cash out. misleading!!,transfer_issue,GCash,Google Play (Kaggle public dataset),1,2021-07-17T05:19:00.000Z,strict_rule_relabel,presentation
ewallet_02792,It takes more than 4mins to received the code and even though i added the correct password it will give an error messages.,account_access_issue,GCash,Google Play (Kaggle public dataset),1,2020-07-06T17:10:36.000Z,strict_rule_relabel,presentation
ewallet_02796,Gcash what's happening!!!! I cannot login!!!!,account_access_issue,GCash,Google Play (Kaggle public dataset),1,2020-07-07T06:26:25.000Z,strict_rule_relabel,presentation
ewallet_02807,"The latest update is just disappointing!! The moment i updated the app and opened it, it just disappears in my homescreen and when i go to the playstore to check only the uninstall button exists. Please fix this issue as soon as possible since i have bills to pay!! I am very frustrated rn.",payment_failure,GCash,Google Play (Kaggle public dataset),1,2022-12-02T13:02:15.000Z,strict_rule_relabel,presentation
ewallet_02811,Palagi nalang service unavailable ang pag cash in via PayPal to gcash Baka pwde naman maayos tong issue na to?,transfer_issue,GCash,Google Play (Kaggle public dataset),3,2023-07-26T01:59:12.000Z,strict_rule_relabel,presentation
ewallet_02816,"At first I was able to cash in from BPI to Gcash with no issues but after the latest update I was having issues with my cash in. I'm not able to enroll my BPI due to error, I was so frustrated, please fix this immediately!",transfer_issue,GCash,Google Play (Kaggle public dataset),1,2023-07-26T15:25:13.000Z,strict_rule_relabel,presentation
ewallet_02820,"Please improve. I can't verify my account and I need to send money. I only have student's id because I'm only student. Please notice, I urgently need to send money. Thankyou Godbless",transfer_issue,GCash,Google Play (Kaggle public dataset),5,2020-07-12T13:16:53.000Z,strict_rule_relabel,presentation
ewallet_02829,"It's good bcoz I can send money immediately to my children, but now my problem is 5 days already I can't open my gcash ok So what is ur concern about it.",transfer_issue,GCash,Google Play (Kaggle public dataset),5,2023-07-29T23:34:02.000Z,strict_rule_relabel,presentation
ewallet_02836,"Hi, kindly provide option to remove friends from gcash forest. This review will be edited once there's already have an option to remove them. Thanks.",feature_request,GCash,Google Play (Kaggle public dataset),1,2022-03-04T17:57:16.000Z,strict_rule_relabel,presentation
ewallet_02837,"This usually is a helpful app for me to pay my bills, but suddenly now I can't use it. It's stuck on ""Uninstalling..."" status yesterday. That meant that it started to uninstall but it's not completed so I can't reinstall it. What do I do?",payment_failure,GCash,Google Play (Kaggle public dataset),3,2022-12-10T17:37:30.000Z,strict_rule_relabel,presentation
ewallet_02841,"Very worse, your updating requires more spaces and memories in my phone, even my banking apps needs to be removed or erased to accommodate your GCash. Your digital wallet should not do that. It seems your updating is too much. Indirectly, it seems it wants to erase other services installed in my phone. With that I gove ypu a very bad rating! Suggestion: some of ypur clients do not want too many updates, it is enough to give them the leeway to decide whether they want the update or not. Thanks.",feature_request,GCash,Google Play (Kaggle public dataset),1,2022-03-05T03:21:54.000Z,strict_rule_relabel,presentation
ewallet_02849,"I'm unable to verify my email. The verification codes sent to my email are always so delayed that by the time I receive them in my email, the app would no longer accept them",account_access_issue,GCash,Google Play (Kaggle public dataset),2,2020-07-16T10:23:29.000Z,strict_rule_relabel,presentation
ewallet_02850,Unable to cash in. Eversince this update happened. I'm having issues cashing in funds from my BPI to my GCash. I have no idea what's the issues. It's pissing me off.,transfer_issue,GCash,Google Play (Kaggle public dataset),1,2023-08-05T00:31:14.000Z,strict_rule_relabel,presentation
ewallet_02856,"worst experience, i want to verified my gcash because i want to send money in other gcash but its almost 3 weeks my verification was stuck",transfer_issue,GCash,Google Play (Kaggle public dataset),1,2023-08-10T04:06:02.000Z,strict_rule_relabel,presentation
ewallet_02858,"I can't verify my account. I saw one of the reviews here, and it's right. I'm also encountering it. I know that I'm just a student but why is my account doesn't have the option of ""student id"" to be verified? please fix this!",feature_request,GCash,Google Play (Kaggle public dataset),1,2020-07-17T17:29:32.000Z,strict_rule_relabel,presentation
ewallet_02860,"Maganda sana gcash platform nio almost perfect na sana at malaking tulong sa mamamayang pilipino,pero suggestion ko lang po sana kasi sa issue ng mga nawawalang sim at hindi na makalogin sa account nayun ay mglagay din po sana kau ng feature na mkakarecieve ng OTP through email,pag nalagyan nyo po nito babalik po ako gagawin ko 5 star ratings ko sa app",feature_request,GCash,Google Play (Kaggle public dataset),3,2022-03-07T04:44:39.000Z,strict_rule_relabel,presentation
ewallet_02874,"I like GCash because nowadays , it's useful in our everyday life , paying bills , sending money , etc. BUT it's hard to get fully verified ,I wish TIN ID is included on valid ID's that can use to be fully verified. Please Include the TIN ID in the next update on the lists of the valid ID.",feature_request,GCash,Google Play (Kaggle public dataset),2,2022-03-09T10:13:47.000Z,strict_rule_relabel,presentation
ewallet_02880,Hassle to pay bills with this app. Either maintenance or error.,payment_failure,GCash,Google Play (Kaggle public dataset),1,2023-01-05T01:22:34.000Z,strict_rule_relabel,presentation
ewallet_02882,This app is helping our problem to pay bills easier,payment_failure,GCash,Google Play (Kaggle public dataset),5,2023-01-07T05:44:20.000Z,strict_rule_relabel,presentation
ewallet_02888,Couldn't verify account on this up 5mins verification takes you 2days or more still waiting to verify upgrade in progress not useful at all,account_access_issue,GCash,Google Play (Kaggle public dataset),1,2020-07-20T04:12:03.000Z,strict_rule_relabel,presentation
ewallet_02896,"Always has an issue.you cant cash out your money anytime since theres an issue.incase of emergency,this app is not helpful.",transfer_issue,GCash,Google Play (Kaggle public dataset),1,2023-09-04T10:37:08.000Z,strict_rule_relabel,presentation
ewallet_02912,Gcash is a nice application but the problem I can't send money to family in Africa Nigeria are they any easy way or strategy I can sending money from gcash app to other app to Africa Nigeria. Guide me,transfer_issue,GCash,Google Play (Kaggle public dataset),3,2023-09-18T18:03:42.000Z,strict_rule_relabel,presentation
ewallet_02918,"there is a glitch i somehow double pay may due bills due to an error say ' something went wrong"" but the process is succesfull",payment_failure,GCash,Google Play (Kaggle public dataset),4,2023-02-03T10:23:35.000Z,strict_rule_relabel,presentation
ewallet_02922,"I hope that gcash will add up in the user interface or features about how much limit left in my account in this month. Just like coins.ph, you can see your Limits there per day, a month, and a year.",feature_request,GCash,Google Play (Kaggle public dataset),5,2022-03-30T15:21:29.000Z,strict_rule_relabel,presentation
ewallet_02923,App is great but I couldn't log in since yesterday. There's an HJL3 error. update: password recovery a bit complicated.,account_access_issue,GCash,Google Play (Kaggle public dataset),4,2020-07-22T23:11:35.000Z,strict_rule_relabel,presentation
ewallet_02929,easy to send money but always have an error service i want my money and account back! paypal was an easy and convenient app unlike gcash need to load your data,transfer_issue,GCash,Google Play (Kaggle public dataset),1,2023-09-30T01:41:30.000Z,strict_rule_relabel,presentation
ewallet_02952,there are many problems in this app I can't pay my bills because i could not open the app,payment_failure,GCash,Google Play (Kaggle public dataset),1,2023-02-25T06:02:59.000Z,strict_rule_relabel,presentation
ewallet_02960,"Wish you could send cashback again, when loading any sim card and pay bills just like before..",payment_failure,GCash,Google Play (Kaggle public dataset),1,2022-04-06T11:21:41.000Z,strict_rule_relabel,presentation
ewallet_02961,I hate this app. Please fix your pay bills right NOW!!!. PLEASE I PAY THE BILLS FOR PLDT AND THERES A PROBLEM FOR MY PAYMENT PLEASE FIX THIS ASAP. We don't have load now pleaseewe!!!!,payment_failure,GCash,Google Play (Kaggle public dataset),1,2023-02-28T09:21:56.000Z,strict_rule_relabel,presentation
ewallet_02965,This app is not good because of the cash out problem,transfer_issue,GCash,Google Play (Kaggle public dataset),5,2023-10-09T03:05:12.000Z,strict_rule_relabel,presentation
ewallet_02968,Please add an instant messaging or chat feature,feature_request,GCash,Google Play (Kaggle public dataset),4,2022-04-07T22:14:06.000Z,strict_rule_relabel,presentation
ewallet_02969,WHY IS THIS ISSUE NOT FIXED YET? THE APP KEEPS ON DISAPPEARING. YOU ALREADY HAVE A LOT OF REVIEWS LIKE THIS AND IT'S STILL AN ISSUE. I'M TRYING TO SEND MONEY AS WELL AND IT SAYS CHECK MY BALANCE WHEN I CLEARLY HAVE THOUSANDS. FIX THIS.,transfer_issue,GCash,Google Play (Kaggle public dataset),1,2023-10-09T03:32:00.000Z,strict_rule_relabel,presentation
ewallet_02970,"The app is great and really helpful in saving money online. But I hope that gcash could support more games or apps that can earn money online because a lot of people needed it specially in time like this, but overall this app is the best and secure when it comes to money and transactions. Please keep it that way thank you.",feature_request,GCash,Google Play (Kaggle public dataset),5,2022-04-08T12:58:00.000Z,strict_rule_relabel,presentation
ewallet_02971,"This app is so slow. And it has so much problem like rn, i cant even send money because of a vague reason gcash doesnt wanna tell me.",transfer_issue,GCash,Google Play (Kaggle public dataset),1,2023-10-09T03:39:57.000Z,strict_rule_relabel,presentation
ewallet_02976,"Nice apps but need more development like ever time you stay the amount of your gcash, atleast increasing like savings account. It's just a suggestion, it's up to you if you do this as a more advance in other.",feature_request,GCash,Google Play (Kaggle public dataset),5,2022-04-13T02:52:08.000Z,strict_rule_relabel,presentation
ewallet_02997,"Too inconvenient. Keeps on asking me to verify email address even though i am fully verified. The verification code sent to my email was received tooooo late, which causes the aps to log-out due to in-activity. Un-installing now as this apps is useless..",account_access_issue,GCash,Google Play (Kaggle public dataset),1,2020-07-28T05:23:56.000Z,strict_rule_relabel,presentation
ewallet_03016,"It was fine when my VERIFICATION was REJECTED, but now i CAN'T EVEN CASH OUT because i am not verified, day by day gcash is becoming more and more corrupted.",transfer_issue,GCash,Google Play (Kaggle public dataset),1,2023-10-10T02:45:52.000Z,strict_rule_relabel,presentation
ewallet_03021,its seem that gcash always had a problem there are times that when we needed it most wecant send money or transfer it is not available ..hoping that you can do someyhing about it,transfer_issue,GCash,Google Play (Kaggle public dataset),2,2023-10-10T14:33:07.000Z,strict_rule_relabel,presentation
ewallet_03022,Very poor customer service should provide better assistance with your new applicants especially to those who wanted to verify their accounts i already submitted my verification problem in your ticket 5x but u will only reset my verification process right from the start and will send a message again that should wait atleast seven days come on we know that this application is really useful and already required in some companies so can you please fix this issues right away?,account_access_issue,GCash,Google Play (Kaggle public dataset),1,2022-04-26T13:38:33.000Z,strict_rule_relabel,presentation
ewallet_03035,Easy to cash in and cash out. But sometimes the systems error,transfer_issue,GCash,Google Play (Kaggle public dataset),1,2023-10-11T15:03:45.000Z,strict_rule_relabel,presentation
ewallet_03049,i can't download this app.. what happened? i can't cash out my money because it's has an error to download.. please response me quickly.,transfer_issue,GCash,Google Play (Kaggle public dataset),1,2023-10-13T03:06:17.000Z,strict_rule_relabel,presentation
ewallet_03052,bakit dina maopen ang app nio?? ka cash in para ipMbayad tapos di magagamit ni walang error message... inunstall ko and install ang app wala pa din,transfer_issue,GCash,Google Play (Kaggle public dataset),1,2023-10-13T04:07:42.000Z,strict_rule_relabel,presentation
ewallet_03060,Please allow ID student to verified,feature_request,GCash,Google Play (Kaggle public dataset),5,2022-05-19T10:26:01.000Z,strict_rule_relabel,presentation
ewallet_03061,Gcash is not good in every update I'm so very disappointed.every time that i login my account well it's ok but when i try to send money something went rong.please fixed this issues for the sake of your clients gcash.,transfer_issue,GCash,Google Play (Kaggle public dataset),1,2023-10-15T12:07:35.000Z,strict_rule_relabel,presentation
ewallet_03064,Before it's very fast and convenience if u needed to send money fast.. But for now I have a problems I can't open it my Gcash apps even in other units of cellphone.. Wat happened I have a money in my account to use..but y like this.. Pls fixed Gcash apps so that I can open my Gcash apps and I need to send money to my family.. Thanks,transfer_issue,GCash,Google Play (Kaggle public dataset),3,2023-10-15T15:27:03.000Z,strict_rule_relabel,presentation
ewallet_03067,"Very unreliable and many time it freezes despite having excellent internet connection. Moreover, the devs focuses more on the look and feel of the app rather than fixing the bugs. Lastly, my overall experience of the app is very frustrating as it not working when you needed it the most. To the devs and the people behind this app, Globe. Please, fix the bugs since there are people like me who like to cash out but can't due to your app not working properly.",transfer_issue,GCash,Google Play (Kaggle public dataset),1,2023-10-16T02:42:27.000Z,strict_rule_relabel,presentation
ewallet_03074,"Please fix the disappearing money already. Also, when I pay bills I get an error message but the transaction gets deducted from my wallet. On the other hand, it's useful for cashless transactions.",payment_failure,GCash,Google Play (Kaggle public dataset),3,2023-04-29T00:46:29.000Z,strict_rule_relabel,presentation
ewallet_03103,The worst experience ever. No physical technical support. I failed to cash out my money right away because staff from Villarica said it will take 7 days (1 week) for it to be fully verified.,transfer_issue,GCash,Google Play (Kaggle public dataset),5,2023-10-23T08:11:26.000Z,strict_rule_relabel,presentation
ewallet_03110,"I am just kind of disappointed. Could you please allow 18 years old and above to validate their account using school ID? We don't have any valid IDs available except school ID. Our national ID is not yet in our hands, especially that we are living in a province and we're not sure when will the government take action about distributing national IDs o far flung areas.",feature_request,GCash,Google Play (Kaggle public dataset),1,2022-06-05T16:43:28.000Z,strict_rule_relabel,presentation
ewallet_03125,Plenty of problems in terms of security. Refund denied when unauthorized transactions happens. System security is horrible. I lost 626.99 with unathorized transaction.,payment_failure,GCash,Google Play (Kaggle public dataset),1,2021-09-25T07:02:57.000Z,strict_rule_relabel,presentation
ewallet_03136,I have a problem with the app I will transfer all of my money to my other bank I think Gcash can't be trusted anymore.. my app always uninstalled in my phone when I installed my application,transfer_issue,GCash,Google Play (Kaggle public dataset),1,2023-10-31T11:02:32.000Z,strict_rule_relabel,presentation
ewallet_03140,Darn why I can't open my account there's always MPIN if I going to log in every time I log out I forget my password because I have so many account of game how I can remove this MPIN suck more like my money was gone this GCash was scam why you need MPIN if you log in and why don't you use account and password only that's not hard but MPIN sometimes you will foget,account_access_issue,GCash,Google Play (Kaggle public dataset),1,2021-09-28T23:02:45.000Z,strict_rule_relabel,presentation
ewallet_03141,I hope the developer is allow the user to it even it's need to update,feature_request,GCash,Google Play (Kaggle public dataset),1,2022-06-09T11:41:45.000Z,strict_rule_relabel,presentation
ewallet_03148,"I like this app, but I hope you'll include DEX (crypto currencies) in your platform soon.",feature_request,GCash,Google Play (Kaggle public dataset),4,2022-06-09T17:33:03.000Z,strict_rule_relabel,presentation
ewallet_03151,"Bad Performance overall. It's good when transferring money, but I encounter problems TOO OFTEN. I want to cash out? Okay, then I'll use my DATA in a FULL SIGNAL COVERAGE with PROPER INTERNET Speed. What? You mean I can't receive my OTP when I have clicked it 6 times already? Fix your system, it's also very laggy. I can't claim my money in an emergency because of that one problem, it's annoying. Your app is annoying.",transfer_issue,GCash,Google Play (Kaggle public dataset),1,2023-11-03T10:20:34.000Z,strict_rule_relabel,presentation
ewallet_03168,Automatically debits my account even if the transaction fails on merchant's end. Will change my rating upon resolution of this issue.,payment_failure,GCash,Google Play (Kaggle public dataset),1,2023-05-27T06:20:17.000Z,strict_rule_relabel,presentation
ewallet_03170,It's good app but I have a suggestion to the developer that they have to connect the update to each individual app of the user para hindi na every time mag-update sa Google play. Isang hussle kasi ang halos every month na mag-update sa play store. Please lang ano po. Gawin niyo ng paraan na may auto update na direct sa each user app.,feature_request,GCash,Google Play (Kaggle public dataset),3,2022-06-14T12:49:13.000Z,strict_rule_relabel,presentation
ewallet_03171,Can't verify my email since no Verification Code is being sent to my email. Can't cash in via bank.,transfer_issue,GCash,Google Play (Kaggle public dataset),1,2020-08-06T21:40:50.000Z,strict_rule_relabel,presentation
ewallet_03198,"Please add more ID like a national ID to fully verify,",feature_request,GCash,Google Play (Kaggle public dataset),2,2022-06-26T23:26:07.000Z,strict_rule_relabel,presentation
ewallet_03216,Can you add a prepaid load to cash function?,feature_request,GCash,Google Play (Kaggle public dataset),3,2022-07-04T08:25:44.000Z,strict_rule_relabel,presentation
ewallet_03218,I really hope you'll include a night mode on your next update because this ui hurts my eyes...,feature_request,GCash,Google Play (Kaggle public dataset),3,2022-07-04T10:14:33.000Z,strict_rule_relabel,presentation
ewallet_03220,"Gonna rate 1 star only, I can't verify my account using student ID. You have to include student ID in the recommended section. Please make a way on it.",feature_request,GCash,Google Play (Kaggle public dataset),1,2020-08-11T06:14:20.000Z,strict_rule_relabel,presentation
ewallet_03225,Please add dark mode option. Thanks,feature_request,GCash,Google Play (Kaggle public dataset),4,2022-07-05T04:53:39.000Z,strict_rule_relabel,presentation
ewallet_03227,Please allow me for update,feature_request,GCash,Google Play (Kaggle public dataset),3,2022-07-05T13:07:44.000Z,strict_rule_relabel,presentation
ewallet_03230,Please add crypto TRC20 and BEP20 ....,feature_request,GCash,Google Play (Kaggle public dataset),5,2022-07-06T08:20:27.000Z,strict_rule_relabel,presentation
ewallet_03241,Please bring back the student ID verification,feature_request,GCash,Google Play (Kaggle public dataset),3,2022-07-09T03:44:01.000Z,strict_rule_relabel,presentation
ewallet_03244,Please include Student ID as a verification tool because not everyone are able to get their valid government ID's yet. Fix this issue. Thank you!,feature_request,GCash,Google Play (Kaggle public dataset),4,2022-07-11T11:27:35.000Z,strict_rule_relabel,presentation
ewallet_03246,I love this app more improvements to come and I wish you can add unlimited cash in cash out Or we can make more account same name and I'd but not same number and please a discord server channel for the customer service center,transfer_issue,GCash,Google Play (Kaggle public dataset),5,2022-07-11T20:12:13.000Z,strict_rule_relabel,presentation
ewallet_03249,Goog but can you add crypto,feature_request,GCash,Google Play (Kaggle public dataset),3,2022-07-14T01:25:25.000Z,strict_rule_relabel,presentation
ewallet_03265,Pls get back my money someone hack my gcash acct..how can I report this hacker?,security_concern,GCash,Google Play (Kaggle public dataset),1,2021-10-22T02:04:10.000Z,strict_rule_relabel,presentation
ewallet_03266,"Please include/display the remaining gcash amount when depositing to BPI gsave, same with the gsave CIMB. I don't know if it is a bug. But why is the transaction history only display max of 15transaction? I hope it display atleast the total transactions per day.",feature_request,GCash,Google Play (Kaggle public dataset),2,2022-08-02T14:00:30.000Z,strict_rule_relabel,presentation
ewallet_03267,"Problem encountered when paying my Meralco Bill yesterday. Didn't success the transaction but it's deducted on my balance and no notification received. And the Pop up message says. ""Oops! There seems to be a similar transaction you have submitted"" Pls help and fix the problem.",payment_failure,GCash,Google Play (Kaggle public dataset),1,2023-07-29T13:29:17.000Z,strict_rule_relabel,presentation
ewallet_03277,Please add crypto in this app,feature_request,GCash,Google Play (Kaggle public dataset),5,2022-08-04T10:19:57.000Z,strict_rule_relabel,presentation
ewallet_03286,can you add up some valid id so we can easily verified,feature_request,GCash,Google Play (Kaggle public dataset),4,2022-08-07T10:57:28.000Z,strict_rule_relabel,presentation
ewallet_03288,i cashin using the bank account that i link in my account but its stand error and try again later..then i go back to home and try it again then its same..i check my bank account and the 2000 at first i cashin and the second 2000 i try again is already taken by gcash but the i only receive 2000 and try to call 2882 but its so useless no one will answer and email same.its pandemic now and people badly needed money that money i cashin is for medical.assistance until now im waiting but no responce,transfer_issue,GCash,Google Play (Kaggle public dataset),1,2020-08-29T05:22:49.000Z,strict_rule_relabel,presentation
ewallet_03294,I can't log in to my GCash app and I am so frustrated right now because I just recently put my money in to it,account_access_issue,GCash,Google Play (Kaggle public dataset),1,2020-08-30T10:22:55.000Z,strict_rule_relabel,presentation
ewallet_03297,its ok but can you add a pwd id for verication of account please,feature_request,GCash,Google Play (Kaggle public dataset),4,2022-08-16T00:58:41.000Z,strict_rule_relabel,presentation
ewallet_03299,We trust gcash but its so sad that everytime they have an advisory its not true that it will resumed the service on bank transfer as what the gcash was posted to the public .Very disguating eapecilally thia is an emergency transaction to save lives but you failed always,transfer_issue,GCash,Google Play (Kaggle public dataset),1,2023-08-28T10:28:20.000Z,strict_rule_relabel,presentation
ewallet_03301,My money didn't return your withdrawal transaction worth PHP 1000.0 from your CIMB Bank GSave account was unsuccessful.,transfer_issue,GCash,Google Play (Kaggle public dataset),1,2023-08-30T01:55:59.000Z,strict_rule_relabel,presentation
ewallet_03303,Please add a new option for loading business for discount.,feature_request,GCash,Google Play (Kaggle public dataset),3,2022-08-21T02:03:51.000Z,strict_rule_relabel,presentation
ewallet_03304,Very bad experience. I recently tried to open the app and use it to pay bills when all of a sudden I saw error message. I went to the help center and was told that the account was put on hold. I tried to create a ticket and received an email. Not even telling any reasons as to why my account was put on hold. This was the first time that such thing happen to me.,payment_failure,GCash,Google Play (Kaggle public dataset),1,2023-08-30T03:40:06.000Z,strict_rule_relabel,presentation
ewallet_03306,Some hacker is waiting for your money in this app... no 24/7 customer service will help you once you been hack... better not use this app.,security_concern,GCash,Google Play (Kaggle public dataset),1,2021-11-01T14:23:58.000Z,strict_rule_relabel,presentation
ewallet_03309,"Worked great, except for the fact that I need to re connect PayPal after every few weeks. Also developers, PLEASE ADD DARK MODE. Thank you!",feature_request,GCash,Google Play (Kaggle public dataset),4,2022-08-26T13:23:50.000Z,strict_rule_relabel,presentation
ewallet_03317,Can't verify account I suggest that allow student id for those minor mostly now that we are in pandemic We can't afford to go to the barangay because of the protocol,feature_request,GCash,Google Play (Kaggle public dataset),1,2020-09-01T09:57:46.000Z,strict_rule_relabel,presentation
ewallet_03319,"Please add more ID choices, like TIN ID or etc, I can't fully verified my account",feature_request,GCash,Google Play (Kaggle public dataset),4,2022-09-04T09:32:25.000Z,strict_rule_relabel,presentation
ewallet_03321,"Hope you add some suplementary ID like NBI clearance, student ID something like that .",feature_request,GCash,Google Play (Kaggle public dataset),5,2022-09-04T13:35:31.000Z,strict_rule_relabel,presentation
ewallet_03327,I don't like the feature on how to buy load. Its kinda hard to look for other phone number such as my loved ones number for me to buy them load. Kindly bring back the favorites on buy load. Thank you,feature_request,GCash,Google Play (Kaggle public dataset),3,2022-09-06T02:18:51.000Z,strict_rule_relabel,presentation
ewallet_03341,Can't log in with my mpin.. I already submitted a ticket but still requiring me again and again and again,account_access_issue,GCash,Google Play (Kaggle public dataset),1,2020-09-06T15:40:41.000Z,strict_rule_relabel,presentation
ewallet_03343,My camera become so freaking blurry when it comes to the scanning I.D Please bring back the old way..,feature_request,GCash,Google Play (Kaggle public dataset),1,2022-10-01T00:49:57.000Z,strict_rule_relabel,presentation
ewallet_03344,"Please cooperate with me gcash. Please email me or responce to my report. Please do help me refund my money that has stolen from my gcash acc. Someone hack my gcash. Please help me,my mother had sent money to my gcash to buy goods/foods and to pay our debt in store. I don't have any money on my hand. If u have a big heart please do help me.",payment_failure,GCash,Google Play (Kaggle public dataset),1,2021-11-20T15:00:16.000Z,strict_rule_relabel,presentation
ewallet_03345,Getting frustrated with the updates. Suddeny cannot log in to my account. It happened 3x already that I needed to uninstall then re install for it to work,account_access_issue,GCash,Google Play (Kaggle public dataset),1,2020-09-09T21:23:46.000Z,strict_rule_relabel,presentation
ewallet_03357,Scan QR option is not working with android phone. Causing screen freeze,payment_failure,GCash,Google Play (Kaggle public dataset),1,2023-10-07T12:08:21.000Z,strict_rule_relabel,presentation
ewallet_03358,Ok for now. it would be better to show the complete name of the recipient via express send to confirm.,transfer_issue,GCash,Google Play (Kaggle public dataset),3,2022-10-08T12:48:49.000Z,strict_rule_relabel,presentation
ewallet_03361,There's always a problem with you guys. I'm trying to pay my bills today however your having internal server which is so inconvenience,payment_failure,GCash,Google Play (Kaggle public dataset),3,2023-10-09T00:16:39.000Z,strict_rule_relabel,presentation
ewallet_03364,My account was reverted into basic level and I want to upgrade into fully verification. But the problem is I can't access to verify my account because it has system error. Fix your system please...,account_access_issue,GCash,Google Play (Kaggle public dataset),1,2020-09-16T06:54:34.000Z,strict_rule_relabel,presentation
ewallet_03369,Howmany times do i have to register? And When we send money to those people who don't have gcash account it's supposed to be error. But no they don't saw anything and your money goes somewhere you don't even know. transaction complete but your fund don't reach to the person you have sended. From the customers service they will never give you answer about that. This is totally suck. So finally I'm downloading PayMaya so you don't have to fix I was so loyal to you but your service no longer good,transfer_issue,GCash,Google Play (Kaggle public dataset),1,2020-09-18T10:47:58.000Z,strict_rule_relabel,presentation
ewallet_03374,System is very poor everytime I want to pay some bills still have problem,payment_failure,GCash,Google Play (Kaggle public dataset),3,2023-10-09T05:59:57.000Z,strict_rule_relabel,presentation
ewallet_03377,what happen to gcash? i can't log in and verification code didn't arrived to many times of trying? sucks!,account_access_issue,GCash,Google Play (Kaggle public dataset),1,2020-09-22T02:27:49.000Z,strict_rule_relabel,presentation
ewallet_03378,"The app suddenly disappear in my phone, when I go to setting apps, it's installed but I can't find it in my wall. When I search it on the play store the only option is uninstalled! It means that the app is already installed but can't find it on my wall. What should I do? I hope you could me with this issue.",feature_request,GCash,Google Play (Kaggle public dataset),1,2022-10-20T12:16:22.000Z,strict_rule_relabel,presentation
ewallet_03382,"So disappointed..at first all transactions were easy but when they update this apps I can't open my account anymore it always says wrong mpin, answer security questions when in fact I have not set it yet in them. And one more I can't transact my card in ATM machine..always error..kindly fix this please",account_access_issue,GCash,Google Play (Kaggle public dataset),2,2021-11-28T22:38:49.000Z,strict_rule_relabel,presentation
ewallet_03386,I CAN'T LOG IN! LAGI NA LANG GCASH!!!!,account_access_issue,GCash,Google Play (Kaggle public dataset),1,2020-09-24T04:37:00.000Z,strict_rule_relabel,presentation
ewallet_03389,I cannot log in to my gcash account now...,account_access_issue,GCash,Google Play (Kaggle public dataset),3,2020-09-24T14:44:53.000Z,strict_rule_relabel,presentation
ewallet_03392,Can't log in in any ways I did. Please fix it!,account_access_issue,GCash,Google Play (Kaggle public dataset),5,2020-09-25T08:08:25.000Z,strict_rule_relabel,presentation
ewallet_03396,Please bring back the feature where you can include a short message when using Express Send.,feature_request,GCash,Google Play (Kaggle public dataset),4,2022-11-03T13:37:48.000Z,strict_rule_relabel,presentation
ewallet_03397,"It says that I need an MPIN even though I just registered, now I can't register",account_access_issue,GCash,Google Play (Kaggle public dataset),1,2020-09-26T15:12:44.000Z,strict_rule_relabel,presentation
ewallet_03399,Please include email address to account recovery. its really hard to retrieve the account once na ma block ang sim.There is no way to get the money back. Ang hirap macontact ng support.,feature_request,GCash,Google Play (Kaggle public dataset),2,2022-11-04T00:29:43.000Z,strict_rule_relabel,presentation
ewallet_03401,Always with a problem to open. We can't pay our bills on time. It's a horrible application.,payment_failure,GCash,Google Play (Kaggle public dataset),1,2023-10-10T07:04:45.000Z,strict_rule_relabel,presentation
ewallet_03405,Use my g credit and open my gscore thankyou . Eligible and fast transaction 5 star because kindly support our gcash team And to all promos give aways reward buy paying bills and investment and G credit.. 100percent faster and business buying to restaurant pay electrical bill and transportation very comfortable and flexible thankyou..,payment_failure,GCash,Google Play (Kaggle public dataset),5,2022-11-08T19:15:05.000Z,strict_rule_relabel,presentation
ewallet_03410,Please add a verification for student. gacsh always ask for updates and its always hanging,feature_request,GCash,Google Play (Kaggle public dataset),1,2022-11-09T06:32:07.000Z,strict_rule_relabel,presentation
ewallet_03421,It's useless I actually log out my account and when I open it I can't log in unable to process request please fix,account_access_issue,GCash,Google Play (Kaggle public dataset),1,2020-10-02T12:47:46.000Z,strict_rule_relabel,presentation
ewallet_03423,Can't log in??? Unreliable... When u needed it most.. You can't used it due to app need to uninstall then install it again... Inconvenient to use,account_access_issue,GCash,Google Play (Kaggle public dataset),1,2020-10-03T05:24:54.000Z,strict_rule_relabel,presentation
ewallet_03424,"Lost money, the app did not refund me but charged me for a transaction to an online store that failed to l continue. Now the app is unusable.",payment_failure,GCash,Google Play (Kaggle public dataset),1,2023-10-13T11:33:25.000Z,strict_rule_relabel,presentation
ewallet_03429,I have issues scanning qr codes when paying. Nagla-lag siya and ang tagal ma scan ng qr code and ang tagal mag process kung ma scan ko man yung qr and okay naman yung data connection ko nung nagbabayad ako.,payment_failure,GCash,Google Play (Kaggle public dataset),2,2023-10-15T03:00:07.000Z,strict_rule_relabel,presentation
ewallet_03434,Please bring back the message feature when sending money.,feature_request,GCash,Google Play (Kaggle public dataset),1,2022-11-19T05:28:56.000Z,strict_rule_relabel,presentation
ewallet_03451,Internal server error? I need the money now. I need to pay my bills . Can you please fix the problem immediately,payment_failure,GCash,Google Play (Kaggle public dataset),1,2023-10-23T12:15:29.000Z,strict_rule_relabel,presentation
ewallet_03457,Low security my account got hack by another device,security_concern,GCash,Google Play (Kaggle public dataset),1,2021-12-26T08:53:55.000Z,strict_rule_relabel,presentation
ewallet_03462,"just vanishes from the screen, and nowhere to be found. But when I try to re install it, it says ""uninstall"" instead of ""install"". This happened a lot of times. I hope this would be fixed asap.",feature_request,GCash,Google Play (Kaggle public dataset),1,2022-12-03T05:04:46.000Z,strict_rule_relabel,presentation
ewallet_03466,"Recently, the app keeps getting closed when I opened it. I still have a money on that app and I couldn't use for emergency purposes. Stupid really. I've uninstall the app, reinstalled it but still the same error. I couldn't use my money. I can't pay bills with this errors.",payment_failure,GCash,Google Play (Kaggle public dataset),1,2023-10-27T03:18:44.000Z,strict_rule_relabel,presentation
ewallet_03471,"I haven't been using gcash in a while so I decided to reinstall and log in, but then I couldn't log in to my account for some reasons as it keeps saying ""something went wrong, please try again later"". Please fix this issue/error!",transfer_issue,GCash,Google Play (Kaggle public dataset),2,2020-10-23T03:08:05.000Z,strict_rule_relabel,presentation
ewallet_03473,"Hello Gcash Team, I hope you could help me out. GCash is definitely installed but it doesn't show on my phone I tried re- installimg it an saw it appear but after logging in it disappears again.",feature_request,GCash,Google Play (Kaggle public dataset),3,2022-12-08T11:09:30.000Z,strict_rule_relabel,presentation
ewallet_03478,"Refund process sucks! I call the the cs (the agent's tone is not pleasant, like she's angry, that should be me!) and created a ticket like 7days with no reply, there reason is they have overwhelming ticket. I also work for a cs, but omg, i cannottttt! Normally payment issues are priorities in tickets since its involving money. I guess not for GCash. Better pay with actual money than online (ofc its GCash). Btw, my refund process still not solve and still in pending, 16days and counting. Great",payment_failure,GCash,Google Play (Kaggle public dataset),1,2023-10-31T10:59:35.000Z,strict_rule_relabel,presentation
ewallet_03482,"The app sometimes would just stopped working and will disappear from the phone, but it will still show ""installed"" on my device. I hope you could fix this.",feature_request,GCash,Google Play (Kaggle public dataset),2,2022-12-14T22:49:59.000Z,strict_rule_relabel,presentation
ewallet_03488,"please kindly add a ""mark multiple message to delete "" feature within your inbox app. Because if a pile of message wasn't bad enough, the torture of deleting them ONE BY ONE is worst .",feature_request,GCash,Google Play (Kaggle public dataset),3,2022-12-21T01:16:48.000Z,strict_rule_relabel,presentation
ewallet_03489,I cannot log in after the app update.,account_access_issue,GCash,Google Play (Kaggle public dataset),1,2020-10-27T09:40:30.000Z,strict_rule_relabel,presentation
ewallet_03492,I hope they soon add an option where we can convert regular load into cash,feature_request,GCash,Google Play (Kaggle public dataset),4,2022-12-26T02:26:08.000Z,strict_rule_relabel,presentation
ewallet_03501,"App is great for transferring money and transactions, but I'm so frustrated that it kept crashing and I cannot open it. After typing my IP, it instantly crashes and leaves the app. I can't send money or buy things because of this and hope they fix it. Its been weeks since this started and there is some important stuff that I need to pay so please fix this problem. Edit 1: I actually can't open the app at all and it's saying my phone is not secure when it is secure!! WHEN WILL YOU GUYS FIX IT???",transfer_issue,GCash,Google Play (Kaggle public dataset),1,2023-11-09T12:54:26.000Z,strict_rule_relabel,presentation
ewallet_03504,Please add 2FA feature and other layers of protection.,feature_request,GCash,Google Play (Kaggle public dataset),3,2023-01-03T02:17:31.000Z,strict_rule_relabel,presentation
ewallet_03510,"Its convenient and very reliable, but you basically need to update it to be use. So, my suggestion is that lessen the update.",feature_request,GCash,Google Play (Kaggle public dataset),3,2023-01-12T10:17:32.000Z,strict_rule_relabel,presentation
ewallet_03511,I hope this would be the last time of this app to be updated...my phone can't handle anymore update..,feature_request,GCash,Google Play (Kaggle public dataset),2,2023-01-12T13:02:43.000Z,strict_rule_relabel,presentation
ewallet_03514,"I can't verify my account because of my ugly camera.. it's always saying that ""your picture need to be clear try again"" why is it there's no flash in the camera or just to find the picture into my gallery.i can't send money to my friend because of it",transfer_issue,GCash,Google Play (Kaggle public dataset),1,2020-11-06T12:02:48.000Z,strict_rule_relabel,presentation
ewallet_03526,it's so hard to the reason that don't have a valid ID on the list and they don't even accept a barangay Id so please allow barangay id to be verify we are not rich to have a bank account and to have id don't make the situation so hard,feature_request,GCash,Google Play (Kaggle public dataset),1,2023-02-21T00:18:26.000Z,strict_rule_relabel,presentation
ewallet_03530,02/24/23: ALMOST 2 YEARS AFTER SENDING THIS COMMENT IT'S STILL THE SAME CASE. SUGGESTION: USE FINGERPRINT LIKE OTHER BANKING APPS OR PIN FOR CONFIRMATION. THIS IS MUCH MORE EFFICIENT. THANK YOU! 09/19/21: 6 times out of 10. OTP is not sending!!!,feature_request,GCash,Google Play (Kaggle public dataset),1,2023-02-24T02:45:52.000Z,strict_rule_relabel,presentation
ewallet_03547,I can't log in using my MPIN. So i try to re download it. But im not sure if this will be okay.,account_access_issue,GCash,Google Play (Kaggle public dataset),1,2020-11-26T18:11:27.000Z,strict_rule_relabel,presentation
ewallet_03560,"Dahil sa panahon ngayon dumadami ang scams kaya dapat ibalik nyo nalang ang text notification kapag nag sesend ng money sa ibang users para ma notify ang mga users kung ano ang nagiging flow ng account, hindi yung magugulat nalang kame na wala ng laman ang mga gcash namen. Sana mabigyan ng pansin ang suggestion na ito. O kaya mas patibayin pa ang ang OTP para mas secure ang aming pera. Salamat po.",feature_request,GCash,Google Play (Kaggle public dataset),2,2023-04-13T09:14:02.000Z,strict_rule_relabel,presentation
ewallet_03562,Tumatagal miron na pay mag load interest at mabagal na gusto ata ma uninstall ano gcash anong maganda suggestion mo?,feature_request,GCash,Google Play (Kaggle public dataset),1,2023-04-15T10:36:21.000Z,strict_rule_relabel,presentation
ewallet_03567,I hate your new update which is face recognition.... Not everyone have a great camera. It would be great if not to include that feature.,feature_request,GCash,Google Play (Kaggle public dataset),2,2023-04-19T02:26:34.000Z,strict_rule_relabel,presentation
ewallet_03570,I just had only suggestion for Gloan to make customer have an option to pay back the money 1 time and not to pay more interest if they could pay back in short time and don't have to wait to 5 months . And also 5 months or more for me is reasonable if you got loan for 5k to 10 k,feature_request,GCash,Google Play (Kaggle public dataset),4,2023-04-22T07:30:48.000Z,strict_rule_relabel,presentation
ewallet_03583,Please make it easily to verify gcash account please allow student ID to verify,feature_request,GCash,Google Play (Kaggle public dataset),1,2023-05-03T06:20:50.000Z,strict_rule_relabel,presentation
ewallet_03587,This app is pretty usefull tho i cannot log in when theres no load or wifi connection.,account_access_issue,GCash,Google Play (Kaggle public dataset),3,2020-12-19T01:02:41.000Z,strict_rule_relabel,presentation
ewallet_03591,Please bring back tin i d for fully verified please,feature_request,GCash,Google Play (Kaggle public dataset),2,2023-05-14T04:01:28.000Z,strict_rule_relabel,presentation
ewallet_03595,Uhm I kind of hate this app I wish I could literally remember my mpin.. I accidentally putted the wrong gmail and forgot my mpin I wish they could add like a new account button huhuu,account_access_issue,GCash,Google Play (Kaggle public dataset),2,2023-05-18T07:35:45.000Z,strict_rule_relabel,presentation
ewallet_03605,It's very disheartening how badly this app got after updating it. The worst part is trying to use GiGi for AI help. Please bring back human help. Gigi is trash and not at all helpful.,feature_request,GCash,Google Play (Kaggle public dataset),2,2023-05-27T05:49:53.000Z,strict_rule_relabel,presentation
ewallet_03610,"Hey Gcash, I have verified my account for a month now and the status still says ""we are verifying your account, you will receive an sms within 7 days"" i hope you guys would check on it.",feature_request,GCash,Google Play (Kaggle public dataset),2,2023-05-28T04:55:05.000Z,strict_rule_relabel,presentation
ewallet_03622,Hope you can Add Student ID when it comes to verification ID.,feature_request,GCash,Google Play (Kaggle public dataset),2,2023-06-17T08:16:11.000Z,strict_rule_relabel,presentation
ewallet_03625,Can you please allow us to use our school ID? THANK YOU!,feature_request,GCash,Google Play (Kaggle public dataset),2,2023-06-23T07:08:09.000Z,strict_rule_relabel,presentation
ewallet_03635,Please include PhilHealth on Gcash Verification. All of Valid ID's in Philippines took so long to process.,feature_request,GCash,Google Play (Kaggle public dataset),1,2023-07-11T11:07:09.000Z,strict_rule_relabel,presentation
ewallet_03639,hope bring back can access with out data.,feature_request,GCash,Google Play (Kaggle public dataset),2,2023-07-14T05:34:50.000Z,strict_rule_relabel,presentation
ewallet_03648,Its good and easy to use. I have just 1 isue its tiring to delete the inbox 1 by 1. Can you add a delete all or delete mark settings.,feature_request,GCash,Google Play (Kaggle public dataset),4,2023-07-17T01:17:39.000Z,strict_rule_relabel,presentation
ewallet_03651,"I did not like the update, it can't be open when you don't have internet connection, unlike before even I don't have load or internet I can still open and use the app, please bring back that! Kingyna something went wrong daw.",feature_request,GCash,Google Play (Kaggle public dataset),1,2023-07-17T11:55:00.000Z,strict_rule_relabel,presentation
ewallet_03653,"Well having an e-wallet is great because you can go with cashless transactions and also to avoid thiefs to steal your money on hands. I have another concern about gcash and it is about the access on it i hope gcash can have a free access on the app in case the user runs out of data on his/her phone. Because you know if you are on a transactions and you are about to pay through gcash and you don't have a data then you can't access on the app. So, i hope these suggestion could be noticed.",feature_request,GCash,Google Play (Kaggle public dataset),3,2023-07-17T12:19:08.000Z,strict_rule_relabel,presentation
ewallet_03657,"I am glad to be a Gcash user, its so easy and convinient for me so with the others.. I am hoping for protection of our right/privacy to SCAMMERS..May you be blessed on your good deeds.",security_concern,GCash,Google Play (Kaggle public dataset),5,2022-03-13T12:04:38.000Z,strict_rule_relabel,presentation
ewallet_03660,"Magnanakaw po ang App na ito... I'll keep on posting this so para wala nang manakawan ang app na ito...Very poor app, i dont know when will they open my locked account, is this a scam? They just keep on requesting useless verification items, again and again. Don't download this app. Believe me it's not worth your time using their promos.",account_access_issue,GCash,Google Play (Kaggle public dataset),1,2022-03-14T15:41:19.000Z,strict_rule_relabel,presentation
ewallet_03665,I don't know why it updates every time I open it. This is so inconvenient. I hope the team would look for this. It should be convenient for people using it.,feature_request,GCash,Google Play (Kaggle public dataset),1,2023-07-24T00:42:53.000Z,strict_rule_relabel,presentation
ewallet_03666,"I can't log in , and it says android version 4.4 and lower is not supported",account_access_issue,GCash,Google Play (Kaggle public dataset),1,2021-01-22T05:50:00.000Z,strict_rule_relabel,presentation
ewallet_03668,I cannot log in my account,account_access_issue,GCash,Google Play (Kaggle public dataset),4,2021-01-22T10:13:13.000Z,strict_rule_relabel,presentation
ewallet_03669,Tried using my passport ID to get fully verified but it always say that the photo isn't clear enough. Its frankly disappointing. You should allow the picture of the ID to be uploaded from a gallery instead of on the spot camera shots.,feature_request,GCash,Google Play (Kaggle public dataset),4,2023-07-27T05:59:25.000Z,strict_rule_relabel,presentation
ewallet_03671,"Tbh, this app needs to improve their services. They don't consider my student ID to be fully verified since I am at legal age, 18 yrs old to be exact. I told the Gcash Help Center that I don't have the following ID that was required still they don't understand it. Words keep on looping my gosh. I hope Gcash will add student ID as the required ID for 18 yrs old since not all of the students who just turned to legal age have acquired valid ID's.",feature_request,GCash,Google Play (Kaggle public dataset),1,2023-07-28T06:25:11.000Z,strict_rule_relabel,presentation
ewallet_03684,After update now can't log in.,account_access_issue,GCash,Google Play (Kaggle public dataset),1,2021-01-30T06:58:05.000Z,strict_rule_relabel,presentation
ewallet_03695,"Please add a notification alert now that you omitted the sms alert for cash received and moved it to the app's inbox. Furthermore, add a way to delete multiple inbox entries at once. That will be a great help for clearing app's bloated inbox.",feature_request,GCash,Google Play (Kaggle public dataset),3,2023-08-17T00:37:43.000Z,strict_rule_relabel,presentation
ewallet_03697,Please bring back the confirmation recieved,feature_request,GCash,Google Play (Kaggle public dataset),1,2023-08-18T10:18:38.000Z,strict_rule_relabel,presentation
ewallet_03699,Please bring back the text messages,feature_request,GCash,Google Play (Kaggle public dataset),1,2023-08-19T16:09:10.000Z,strict_rule_relabel,presentation
ewallet_03704,i cant log in and the otp code was already expired,account_access_issue,GCash,Google Play (Kaggle public dataset),2,2021-02-09T03:24:38.000Z,strict_rule_relabel,presentation
ewallet_03710,I can't log in my old account it's still loading.,account_access_issue,GCash,Google Play (Kaggle public dataset),1,2021-02-14T15:21:42.000Z,strict_rule_relabel,presentation
ewallet_03718,Please add an option where you can chooss to send OTP ON EITHER SMS OR EMAIL NOT JUST SMS BECAUSE IM HAVING A HARD TIME RECOVERING MY ACCOUNT BECAUSE I LOST MY SIMCARD. PLEASE ADD IT ASAP.,feature_request,GCash,Google Play (Kaggle public dataset),1,2023-09-03T16:59:04.000Z,strict_rule_relabel,presentation
ewallet_03723,Can you add more acceptable ID's,feature_request,GCash,Google Play (Kaggle public dataset),4,2023-09-08T02:22:19.000Z,strict_rule_relabel,presentation
ewallet_03724,Please include philhealth ID for verification atleast semi verified,feature_request,GCash,Google Play (Kaggle public dataset),1,2023-09-21T15:16:27.000Z,strict_rule_relabel,presentation
ewallet_03725,"hi there, can you add the on the ID list like BIR and Philhealth, because some of the users only have that ID because its just free, you know what i mean right?",feature_request,GCash,Google Play (Kaggle public dataset),5,2023-09-21T16:36:22.000Z,strict_rule_relabel,presentation
ewallet_03734,One start for me becuase being a student its hard to verified my gcash account becauase student ID is not on the list for Valid ID So GCash being a student please allow student ID to verified gcash Account,feature_request,GCash,Google Play (Kaggle public dataset),1,2023-10-07T09:55:03.000Z,strict_rule_relabel,presentation
ewallet_03736,Please bring back the text in the inbox. Not in the apps. It is very hard to check for the reference number if you have many transactions!!!!!!,feature_request,GCash,Google Play (Kaggle public dataset),1,2023-10-08T19:16:44.000Z,strict_rule_relabel,presentation
ewallet_03743,I can't log in to my gcash apps even if i tried so many times i reuninstalled it poors apps,account_access_issue,GCash,Google Play (Kaggle public dataset),1,2021-03-19T11:52:12.000Z,strict_rule_relabel,presentation
ewallet_03758,gcash na hack ang account ko nakuha ang 2000 bwisit ka gcash walang kwenta ang system nyo ah nawalan ako nung monday pa ako nagtratransact kahit bank transfer laging lumalabas ay send ticket lang nag report ako sa system nyo my humingi ng details ko from gcash ah now wala na pera ko balikan nyo sana ako,transfer_issue,GCash,Google Play (Kaggle public dataset),1,2022-04-17T02:54:44.000Z,strict_rule_relabel,presentation
ewallet_03761,Sometimes GCASH app is crashing and cannot log in.. Ty,account_access_issue,GCash,Google Play (Kaggle public dataset),4,2021-04-04T12:15:29.000Z,strict_rule_relabel,presentation
ewallet_03766,"Well its the best ewallet out there, but it still needs some work to be ""perfect"". Please consider adding 2FA via Google Authenticator or Email, so that even if our phone and sim is steal they cant easily open our account. Try reducing your promotional banner its f**king annoying. Stop recommending us to change our mpin whenever we fail on putting the mpin. Add 8 digit password beside our mpin. I've heard many people have hacked Gcash because of its poor security.",account_access_issue,GCash,Google Play (Kaggle public dataset),5,2022-04-20T08:22:51.000Z,strict_rule_relabel,presentation
ewallet_03773,I don't know this app took a money. I can't log in my account. And there's a balance already .,account_access_issue,GCash,Google Play (Kaggle public dataset),1,2021-04-06T13:22:19.000Z,strict_rule_relabel,presentation
ewallet_03782,Cannot log in gcash my pin,account_access_issue,GCash,Google Play (Kaggle public dataset),3,2021-04-10T23:34:45.000Z,strict_rule_relabel,presentation
ewallet_03790,Will not allow me to use the app while developer options on. A slight problem would cause it to close the app claiming the device is not secured. Making this feature an optional would be great(I have not found anything in the setting yet at the time of this writing).,feature_request,GCash,Google Play (Kaggle public dataset),1,2023-11-11T11:03:00.000Z,strict_rule_relabel,presentation
ewallet_03796,"Very very slow and it always crash everytime I try opening it I'm si very disappointed, it's been like these for few months now I hope gcash could fix this, coz how will I be able to use my funds that's in it if I'm not able to open it.",feature_request,GCash,Google Play (Kaggle public dataset),1,2023-11-13T01:02:18.000Z,strict_rule_relabel,presentation
ewallet_03803,"Cannot login it says something went wrong grrrrrrrrr umayos kayo , sa isang selpon ko not compatible #$%&%$",account_access_issue,GCash,Google Play (Kaggle public dataset),1,2021-04-16T22:47:05.000Z,strict_rule_relabel,presentation
ewallet_03805,"After the update, I can't log in because the app doesn't let me type in my number. Please fix this, I need to do online transactions.",account_access_issue,GCash,Google Play (Kaggle public dataset),1,2021-04-19T03:27:38.000Z,strict_rule_relabel,presentation
ewallet_03806,"I create a new account to gcash but it went something went worng when I login my acc because my old account got hacked and my savings there are gone. When I reset my MPIN. Please, improve your app and services.",account_access_issue,GCash,Google Play (Kaggle public dataset),1,2022-05-12T06:13:58.000Z,strict_rule_relabel,presentation
ewallet_03807,I already missed my transaction because I can't log in to my gcash account. It's always unavailable. And they have some issue to fixed but it's already 1week I can't login.so please let your service back,account_access_issue,GCash,Google Play (Kaggle public dataset),1,2021-04-19T18:54:07.000Z,strict_rule_relabel,presentation
ewallet_03815,My gcash account and money was hacked! Napakawalang kwenta ng App nyo. Verified kyo ng verified kahit scammer. Tapos pahirapan ma contact ang costumer service niyo!! Hindi pa ma refund yung pera! Walang kwenta mag tago nga pera sa inyo!!!,payment_failure,GCash,Google Play (Kaggle public dataset),1,2022-05-16T09:10:54.000Z,strict_rule_relabel,presentation
ewallet_03817,"Damn the customer representative is so long to reply. It's been 2 weeks since I cash in from 7/11 and when I check my account there was no amount entry. Until now I got no response, just give me back my money. This app is a scam. F gcash",transfer_issue,GCash,Google Play (Kaggle public dataset),1,2022-05-16T13:16:49.000Z,strict_rule_relabel,presentation
ewallet_03833,Because may gcash is i can't log in Gcash says something went wrong,account_access_issue,GCash,Google Play (Kaggle public dataset),1,2021-05-08T00:36:52.000Z,strict_rule_relabel,presentation
ewallet_03838,"It takes days before they can authenticate my number? God. I already provided the OTP that was sent to me. I just logged out, now I cannot log in.",account_access_issue,GCash,Google Play (Kaggle public dataset),1,2021-05-14T01:52:06.000Z,strict_rule_relabel,presentation
ewallet_03839,"I will raise my rating once solve this log in problem,it shows It needs to have higher version than 4.4 to log in my account.",account_access_issue,GCash,Google Play (Kaggle public dataset),1,2021-05-17T16:02:46.000Z,strict_rule_relabel,presentation
ewallet_03841,"I cannot log in with my number anymore like it did before, its been months, still not logging in, it just says something went wrong, i dont know what to do with it anymore, i tried reinstalling it a couple times, deleting the cache, etc. Still not working, its a good thing I haven't placed any money on it when it became like this, i could have lost the 2k+ i could have put here. Please fix this.",account_access_issue,GCash,Google Play (Kaggle public dataset),1,2021-05-18T12:40:41.000Z,strict_rule_relabel,presentation
ewallet_03842,Can't log in. I just transferred money to my gcash account.,account_access_issue,GCash,Google Play (Kaggle public dataset),1,2021-05-19T03:42:21.000Z,strict_rule_relabel,presentation
ewallet_03844,"I can't log in in my account anymore. It says ""something went wrong. please try again"" but it has been days but still no changes. Still not working. Please, fix this. I need the money in that account.",account_access_issue,GCash,Google Play (Kaggle public dataset),1,2021-05-20T07:59:33.000Z,strict_rule_relabel,presentation
ewallet_03849,Recently I cannot log in or hard to log in.my Gcash account,account_access_issue,GCash,Google Play (Kaggle public dataset),3,2021-05-25T06:58:03.000Z,strict_rule_relabel,presentation
ewallet_03856,"Poor service, I can't log in in my gcash app I used my phone number then it says logging shock it is stock for almost couple of hours.",account_access_issue,GCash,Google Play (Kaggle public dataset),1,2021-05-28T22:13:34.000Z,strict_rule_relabel,presentation
ewallet_03857,this app is not safe they have lot of users who scam other users,security_concern,GCash,Google Play (Kaggle public dataset),1,2022-06-01T21:58:00.000Z,strict_rule_relabel,presentation
ewallet_03860,wag na kayo mag install nito mahina security nila madaling ma scam tapos wala na silang magagawa pag nakuha na yung pera di nila maibabalik ikaw mag fifile ng report sa police station. pahihirapan kapa tapos wala lng namang mapapala dmo na makukuha pera mo. diko kasalanan na late ako naka report hirap makontak ng customer service nila laging hindi pumapasok yung tawag tapos pag too late na wala na silang magagawa,security_concern,GCash,Google Play (Kaggle public dataset),1,2022-06-03T05:54:26.000Z,strict_rule_relabel,presentation
ewallet_03864,I cannot log in again,account_access_issue,GCash,Google Play (Kaggle public dataset),3,2021-05-31T08:07:59.000Z,strict_rule_relabel,presentation
ewallet_03869,Always need to update ..cannot log in if not updated ...,account_access_issue,GCash,Google Play (Kaggle public dataset),2,2021-06-04T05:10:22.000Z,strict_rule_relabel,presentation
ewallet_03870,Super duper annoying apps coz always i can't log in when it's urgent.,account_access_issue,GCash,Google Play (Kaggle public dataset),1,2021-06-04T15:34:48.000Z,strict_rule_relabel,presentation
ewallet_03880,cannot cash in from security bank even though it clearly states I can cannot also link my mastercard very useless app,transfer_issue,GCash,Google Play (Kaggle public dataset),5,2022-06-11T05:14:06.000Z,strict_rule_relabel,presentation
ewallet_03890,I cannot log in to my account why,account_access_issue,GCash,Google Play (Kaggle public dataset),1,2021-07-06T02:09:39.000Z,strict_rule_relabel,presentation
ewallet_03893,Cant login app have problem cant login using pin or biometrics already un-install and re-install and clear the cache but same problem occure fix it,account_access_issue,GCash,Google Play (Kaggle public dataset),1,2021-07-08T17:15:09.000Z,strict_rule_relabel,presentation
ewallet_03896,Ever since the latest update I cannot login anymore!!! FIX THIS,account_access_issue,GCash,Google Play (Kaggle public dataset),1,2021-07-08T17:23:58.000Z,strict_rule_relabel,presentation
ewallet_03897,"I CAN'T LOG IN OR REGISTER AN ACCOUNT BECAUSE OF THE EROR THAT SAYS ""SOMETHING WEN'T WRONG PLEASE SUBMIT A TICKET"" PLEASE GCASH FIX THIS",account_access_issue,GCash,Google Play (Kaggle public dataset),1,2021-07-08T17:54:44.000Z,strict_rule_relabel,presentation
ewallet_03900,"Calling out GCash !!! Hope you can improve your services to protect your clients. Your customer service hotline is open from 8am-5pm only. During urgent times, we rely on your Help Center App which is no help at all. Given the nature of your business and since the transactions made using your app entails money, your customer hotline should be open like any other banks or financial institutions so that even after office hours, fraudulent transactions would be mitigated.",security_concern,GCash,Google Play (Kaggle public dataset),1,2022-06-30T18:54:41.000Z,strict_rule_relabel,presentation
ewallet_03902,"My account was hack then i used to forgot my password to recover it but, I cannot proceed because the app send me that I need to submit a ticket.",account_access_issue,GCash,Google Play (Kaggle public dataset),1,2022-07-02T02:44:46.000Z,strict_rule_relabel,presentation
ewallet_03903,Ok so I thought this app will suck or will be buggy and yah it goes buggy can't log in but then the next day I decided to uninstall and install it again and luckily it work,account_access_issue,GCash,Google Play (Kaggle public dataset),5,2021-07-10T22:28:47.000Z,strict_rule_relabel,presentation
ewallet_03906,What's with your app now? I can't log in. Are you even testing your updates before deploying it?,account_access_issue,GCash,Google Play (Kaggle public dataset),1,2021-07-12T21:53:29.000Z,strict_rule_relabel,presentation
ewallet_03907,I can't log in. Ano pong problema ng gcash?,account_access_issue,GCash,Google Play (Kaggle public dataset),4,2021-07-13T00:19:59.000Z,strict_rule_relabel,presentation
ewallet_03910,It is convenient to use GCash since it's pandemic however it malfunctions most of the time. I am using GCash sine 2020 and I'm not logging out my account so why suddenly it is logged out and I can't log in it anymore.,account_access_issue,GCash,Google Play (Kaggle public dataset),3,2021-07-13T01:29:36.000Z,strict_rule_relabel,presentation
ewallet_03915,"I like this app i can pay bills and transfer money easily, One thing i don't like is the GLoan, it takes too much interest, 2000 GLoan can cost you 520 per month which only pay your debpt for 320 and the rest of it would be the interest fee. Imagine paying it for 5months, totally feels like a scam. It won't help you it will just take your money.",payment_failure,GCash,Google Play (Kaggle public dataset),1,2022-07-04T23:34:38.000Z,strict_rule_relabel,presentation
ewallet_03916,"I cannot cash in using bpi, I try to relink mg account but it always promt that there is a problem kindly fix this issue",transfer_issue,GCash,Google Play (Kaggle public dataset),2,2021-07-17T12:27:19.000Z,strict_rule_relabel,presentation
ewallet_03918,"Cant log in, i keep getting ""something went wrong"" error",account_access_issue,GCash,Google Play (Kaggle public dataset),1,2021-07-22T16:21:57.000Z,strict_rule_relabel,presentation
ewallet_03919,Customer service sucks! Why would i invest on this app its not safe easy to hack,security_concern,GCash,Google Play (Kaggle public dataset),1,2022-07-06T00:24:04.000Z,strict_rule_relabel,presentation
ewallet_03925,Someone hacked my gcash acct. Use my funds in it to pay her bill.,payment_failure,GCash,Google Play (Kaggle public dataset),3,2022-07-07T02:30:26.000Z,strict_rule_relabel,presentation
ewallet_03930,sometimes cannot log in,account_access_issue,GCash,Google Play (Kaggle public dataset),1,2021-08-02T05:19:50.000Z,strict_rule_relabel,presentation
ewallet_03934,I can't log in to my account. It is always Try again later.,account_access_issue,GCash,Google Play (Kaggle public dataset),3,2021-08-04T23:00:34.000Z,strict_rule_relabel,presentation
ewallet_03947,I can't log in my gcsah app,account_access_issue,GCash,Google Play (Kaggle public dataset),1,2021-08-16T00:07:20.000Z,strict_rule_relabel,presentation
ewallet_03948,"I can't log in my new registered gcash account because the error says ""please submit a ticket"" please do something fix your app.",account_access_issue,GCash,Google Play (Kaggle public dataset),1,2021-08-16T04:13:43.000Z,strict_rule_relabel,presentation
ewallet_03953,1st: their 2882 hotline is NOT WORKING. 2nd: they will not gonna help you with those scammers. Even though you provided all the evidence that you have they will still not gonna block the user that scammed you and there is no way for them to return the funds that were scammed to you. 3rd: My GSCORE is decreasing instead of increasing no matter how many times you use ur GCASH to pay bills and loans and buy loads ur GSCORE will NOT INCREASE,payment_failure,GCash,Google Play (Kaggle public dataset),1,2022-07-28T08:09:48.000Z,strict_rule_relabel,presentation
ewallet_03957,"Its a total disaster after kong magupdate just now. Pag open ko, hindi ko na magamit nang maayos ung app ndi ako makalog in sa account ko. Need ko pa magsend ng ticket as if locked n aaccount ko. Tpos nagtry ako ulit with the correct MPIN ayaw padin. Ano ba naman to? Kaya auko magupdate e nagkakabirya lage e. Now it seems like ""locked"" pa account ko?!",account_access_issue,GCash,Google Play (Kaggle public dataset),1,2021-08-21T10:55:01.000Z,strict_rule_relabel,presentation
ewallet_03959,Very satisfied... I can pay all my bills thru it Just beware to scammer Pretending that they are one of the staff to assist.,payment_failure,GCash,Google Play (Kaggle public dataset),5,2022-08-02T07:41:07.000Z,strict_rule_relabel,presentation
ewallet_03961,Please help. I can't verify my account with any type of id. I only have student's id yet it for that in verification area is gone again. Please help.,account_access_issue,GCash,Google Play (Kaggle public dataset),5,2021-08-22T04:25:16.000Z,strict_rule_relabel,presentation
ewallet_03965,I can't log in my gacsh account! Why? What happened?,account_access_issue,GCash,Google Play (Kaggle public dataset),1,2021-08-23T01:36:38.000Z,strict_rule_relabel,presentation
ewallet_03966,Too slow I can't log in,account_access_issue,GCash,Google Play (Kaggle public dataset),1,2021-08-24T02:35:52.000Z,strict_rule_relabel,presentation
ewallet_03969,It's work i can pay my bills faster not like other app some app is scamming people but this app is so usefull you should try it,payment_failure,GCash,Google Play (Kaggle public dataset),5,2022-08-03T02:26:34.000Z,strict_rule_relabel,presentation
ewallet_03972,"The app is discriminatory against PWDs. I can't verify my account because I can't blink to take a selfie owing to my facial paralysis. When I use messenger, I'm always told to ""please try again later."" I also can't find the pawnshop where I can verify. I've contacted GCash care via messenger re: my conern, and they answer me with how to recover my MPIN. I have to repeat my concern. When they aren't able to give a satisfactory answer, they ignore me. Until now (8/25/2021), I still can't verify",account_access_issue,GCash,Google Play (Kaggle public dataset),1,2021-08-25T05:55:01.000Z,strict_rule_relabel,presentation
ewallet_03981,"they should have an option ""send OTP on email"" . now my phone had factory reset .. my sim not working anymore . can't login to my account . city is too far from here to have my sim to change with same number.",account_access_issue,GCash,Google Play (Kaggle public dataset),1,2021-08-30T03:03:06.000Z,strict_rule_relabel,presentation
ewallet_03989,"I'll using this apps almost a year but now this month of September when the apps need to update, I ready update but afterward when I change a number to log in, very very loading. You can't log in if you can't, uninstall and install again. Please make your customer easy not to make us hard.",account_access_issue,GCash,Google Play (Kaggle public dataset),2,2021-09-09T13:25:26.000Z,strict_rule_relabel,presentation
ewallet_04000,I can't log in.. It keeps on saying connection lost even though I have an internet connection... Why?? Kindly fix it!,account_access_issue,GCash,Google Play (Kaggle public dataset),1,2021-09-10T13:32:08.000Z,strict_rule_relabel,presentation
ewallet_04004,I can't log in my gcash account till yesterday...gcash admin did'nt notice the user if there is a trouble or under maintenance on the app.,account_access_issue,GCash,Google Play (Kaggle public dataset),1,2021-09-11T00:28:47.000Z,strict_rule_relabel,presentation
ewallet_04009,Not Safe using for scam/,security_concern,GCash,Google Play (Kaggle public dataset),1,2022-08-14T11:26:51.000Z,strict_rule_relabel,presentation
ewallet_04013,"I can't log in, it also says need to update but when you click let's go, the app doesn't work, can anyone help me?",account_access_issue,GCash,Google Play (Kaggle public dataset),1,2021-09-12T04:15:35.000Z,strict_rule_relabel,presentation
ewallet_04016,Nah your app is suck I can't log in my acc when I log out it,account_access_issue,GCash,Google Play (Kaggle public dataset),1,2021-09-12T09:13:26.000Z,strict_rule_relabel,presentation
ewallet_04017,Deplorable - I was told my account was a fraud but it was a scam report and money was stolen. I called support and chatted support and was disconnected both on me as well. All they can help is delete the scammers account. Its scary how scammers can just manipulate this app and use your own account details to make them seem official. Your details are on risk with this service and once you fall for it your money is lost and nothing we can do about it,security_concern,GCash,Google Play (Kaggle public dataset),1,2022-08-18T05:15:32.000Z,strict_rule_relabel,presentation
ewallet_04027,"I'll been using my gcash good, but why i cannot log in",account_access_issue,GCash,Google Play (Kaggle public dataset),5,2021-09-14T22:22:07.000Z,strict_rule_relabel,presentation
ewallet_04030,cannot log in after updating the app.,account_access_issue,GCash,Google Play (Kaggle public dataset),1,2021-09-15T03:17:55.000Z,strict_rule_relabel,presentation
ewallet_04032,"I can't log in, it's been 3 days, i already uninstalled and clear data and cache",account_access_issue,GCash,Google Play (Kaggle public dataset),1,2021-09-16T02:05:33.000Z,strict_rule_relabel,presentation
ewallet_04035,"Can't log in into my account, I already submitted a ticket, but how long would it take to be fixed?",account_access_issue,GCash,Google Play (Kaggle public dataset),4,2021-09-17T02:12:47.000Z,strict_rule_relabel,presentation
ewallet_04036,"Every update stabilizes the app and improves the services it's offering. For security purposes, I'd like to see a feature that allows us to set a nickname that will be shown in the send money transaction confirmation screen instead of our first name and middle initial.",transfer_issue,GCash,Google Play (Kaggle public dataset),5,2022-08-31T14:18:18.000Z,strict_rule_relabel,presentation
ewallet_04039,CAN'T LOG IN! TRIED ALL THE TROUBLESHOOTING STEPS BUT CAN'T STILL LOG IN!,account_access_issue,GCash,Google Play (Kaggle public dataset),1,2021-09-17T04:35:22.000Z,strict_rule_relabel,presentation
ewallet_04040,"I really love the app it is phenomenal and convenient , but the issue we're having is when we switch numbers (say changing accounts by logging into a new number) the app suddenly stops working and crashes. I did some troubleshooting steps to forcestop but eventually the only option is to uninstall and reinstall the app to login once more. I hope gcash fixes this issue thanks!",feature_request,GCash,Google Play (Kaggle public dataset),3,2021-09-17T08:23:28.000Z,strict_rule_relabel,presentation
ewallet_04041,I send money to my coinsph account but I did not receive it yet until now. The transaction was process but the i haven't received sms gcash confirmation yet but the money in my account was gone. Pls help me with this problem.,transfer_issue,GCash,Google Play (Kaggle public dataset),2,2021-09-17T12:52:12.000Z,strict_rule_relabel,presentation
ewallet_04049,I'm experiencing a technical problem in logging in everytime i log out and i can't log in back. I have to uninstall and install the app 1st for me to be able to log in again.,account_access_issue,GCash,Google Play (Kaggle public dataset),1,2021-09-19T12:44:45.000Z,strict_rule_relabel,presentation
ewallet_04054,There's an unauthorized transactions in my account I submitted a ticket but until now there's no refund and response,payment_failure,GCash,Google Play (Kaggle public dataset),1,2022-09-06T02:37:26.000Z,strict_rule_relabel,presentation
ewallet_04055,Loading icon and cannot login. Problem is seen for 1 week already.,account_access_issue,GCash,Google Play (Kaggle public dataset),1,2021-09-20T08:36:20.000Z,strict_rule_relabel,presentation
ewallet_04080,"Gcash has become very essential nowadays, it is very convenient. However, many problems and issues has arised involving Gcash (scamming is one of them). It is my dismay that Gcash has sent me a text message saying ""You don't have enough balance to complete your payment of P1,500.00 to Google"". I have not made any subscription or transaction of the said amount, never in my life because I can't afford such amount. I'm afraid someone has used my account number for the transaction.",payment_failure,GCash,Google Play (Kaggle public dataset),3,2022-09-13T05:16:08.000Z,strict_rule_relabel,presentation
ewallet_04081,"I need an refund, my account was deducted and the problem is i have not recieve the items.",payment_failure,GCash,Google Play (Kaggle public dataset),1,2021-10-03T03:01:13.000Z,strict_rule_relabel,presentation
ewallet_04086,Always show submit a ticket. And Can't log in to other numbers. It keeps on buffering even if the internet is strong.,account_access_issue,GCash,Google Play (Kaggle public dataset),1,2021-10-05T08:17:12.000Z,strict_rule_relabel,presentation
ewallet_04101,Why I can't log in my account? I just only change my phone not my phone #,account_access_issue,GCash,Google Play (Kaggle public dataset),3,2021-10-11T11:13:29.000Z,strict_rule_relabel,presentation
ewallet_04106,Lucky load winnings didnt receive. My winnings didnt receive they said they send automaticaly in my acct. But nothing happens i win 2 ticket at first 3 ticket for the other draw and my winning didnt receive. Its total of 5 tickets already! Dont think lucky load draw is real or scam or something.,transfer_issue,GCash,Google Play (Kaggle public dataset),3,2022-09-27T05:30:26.000Z,strict_rule_relabel,presentation
ewallet_04109,VERY DISAPPOINTED!!!!!!! 6X NA NAGDEDUCT YUNG FUNTECH TECHNOLOGY LIMITED SA ACCOUNT KO KAHIT DI NAMAN AKO NAKASUBSCRIBE! AND THEN YOU ALLOW THEM TO DEDUCT THE MONEY ON MY ACCOUNT WITHOUT ANY CONFIRMATION! ANONG KLASENG SERVICE MERON KAYO? ILANG BESES KO NA NIREMOVE ANG NUMBER KO SA PAYMENT METHOD PERO NAGDEDEDUCT PA DIN NG MONEY! SCAM! PINAGHIHIRAPAN NAMIN ANG PERANG KINUKUHA NYO! SANA NAMAN MAGAWAN NYO NG SOLUSYON TO!,feature_request,GCash,Google Play (Kaggle public dataset),1,2022-09-28T03:54:32.000Z,strict_rule_relabel,presentation
ewallet_04113,Can you fix this new update I can't log in there say mpi code or what shhh thefvck,account_access_issue,GCash,Google Play (Kaggle public dataset),1,2021-10-22T08:59:53.000Z,strict_rule_relabel,presentation
ewallet_04114,"Scam, i order gcash mastercard and i never received any notification on delivery day, they refund my payment but they charge the delivery fee... Very poor service..",payment_failure,GCash,Google Play (Kaggle public dataset),1,2022-09-30T01:40:17.000Z,strict_rule_relabel,presentation
ewallet_04116,I cannot log in to my account and it says get a new ticket and I'm trying to log in to my account it doesn't work,account_access_issue,GCash,Google Play (Kaggle public dataset),1,2021-10-24T02:55:10.000Z,strict_rule_relabel,presentation
ewallet_04159,"I cannot log in to my account since last week,, an error prompts,, why,,",account_access_issue,GCash,Google Play (Kaggle public dataset),3,2021-11-21T08:28:10.000Z,strict_rule_relabel,presentation
ewallet_04165,"I got scam by your gcash help center on messenger...how come the biometric log in was removed when its only the safe and i see way to log in...now i got stock on that ""Submit Ticket""...i got reset my password but still the same it says submit ticket...i change my password and face scan twice but still not working and cant log in yet",account_access_issue,GCash,Google Play (Kaggle public dataset),1,2022-10-15T10:26:50.000Z,strict_rule_relabel,presentation
ewallet_04168,"Pls check your maintenance, I still cannot verify my Gcash just because I can't click the Passport ID and needs to get to Help Center which I did and after I apply all requirements it says it is under maintenance. Pls fix it I need to get verified so I can send money. Thankyou!",transfer_issue,GCash,Google Play (Kaggle public dataset),1,2021-11-26T00:39:34.000Z,strict_rule_relabel,presentation
ewallet_04169,The apps keeps on hiding it self from the app list although its already installed. I think the apps have some kind of security issue that is why my phone keeps on removing it from app list,security_concern,GCash,Google Play (Kaggle public dataset),2,2022-10-16T09:58:54.000Z,strict_rule_relabel,presentation
ewallet_04170,I hate this app when I tried to login into my acc I can't even I have the verification code it just say error and I hate it I tried many times as I can but it's not working I hate it!!!!!!!!!!!,account_access_issue,GCash,Google Play (Kaggle public dataset),1,2021-11-27T06:08:13.000Z,strict_rule_relabel,presentation
ewallet_04173,"It is difficult to ask for a refund. I've already provided the infos they've asked , and yet I didn't receive it yet. They don't know how to take a good care to their customers especially those who are asking for help because they were scammed. They cannot give you any help with regards to your complaint. They are asking for a written complaint which come from police, ita inconvient. They are letting scammers and fraudster be their member. They are playing ignorance.",payment_failure,GCash,Google Play (Kaggle public dataset),1,2022-10-18T03:40:30.000Z,strict_rule_relabel,presentation
ewallet_04184,I dont like it i can not unable to login on my account when i just used it 2 days i tried everything but did not work,account_access_issue,GCash,Google Play (Kaggle public dataset),1,2021-12-09T22:00:01.000Z,strict_rule_relabel,presentation
ewallet_04188,"This app can easily hack, lack of security features,",security_concern,GCash,Google Play (Kaggle public dataset),1,2022-10-26T23:54:49.000Z,strict_rule_relabel,presentation
ewallet_04193,I can't log in my gcash app,account_access_issue,GCash,Google Play (Kaggle public dataset),1,2021-12-14T11:38:27.000Z,strict_rule_relabel,presentation
