review_id,text,label,app_name,store_source,rating,review_date,label_source,dataset_role
ewallet_00006,"Saw the message. Keep the updates up, Globe. Though those app permissions, that might be for security reasons are making me paranoid haha.",security_concern,GCash,Google Play (Kaggle public dataset),4,2015-10-25T01:06:07.000Z,strict_rule_relabel,training
ewallet_00007,I know this is an error since yesterday. I would just like to know if when will be fix? I have pending Ioad here in my sim to be cash in anytime and Im worried about my Ioad because load do expire. Please fix this ASAP!,transfer_issue,GCash,Google Play (Kaggle public dataset),1,2016-04-19T08:31:01.000Z,strict_rule_relabel,training
ewallet_00008,"After installing the update, it's not letting me login. I get an error that says they can't authenticate me.",account_access_issue,GCash,Google Play (Kaggle public dataset),1,2014-04-11T09:57:26.000Z,strict_rule_relabel,training
ewallet_00009,I cant convert my prepaid load to gcash..it sucks!!! On the blog it says everything but in actual..its failure. I want to do cash in but on BPI is available!!,transfer_issue,GCash,Google Play (Kaggle public dataset),1,2016-04-25T16:53:38.000Z,strict_rule_relabel,training
ewallet_00011,Cash in not working,transfer_issue,GCash,Google Play (Kaggle public dataset),1,2016-04-29T11:05:24.000Z,strict_rule_relabel,training
ewallet_00012,"I always have to call their hotline to fix the tech issue i usually encounter and it takes a couple of months before they can fix it. They don't have other options to convert prepaid load to gcash in sim self-service option. I like gcash because it's more convenient than the other payment methods but I found it more inconvenient when im unable to do transactions due to error on their end. Believe me, it takes forever to get everything sorted out.",transfer_issue,GCash,Google Play (Kaggle public dataset),1,2016-06-15T02:05:18.000Z,strict_rule_relabel,training
ewallet_00013,"I cannot log in! After entering MPIN it always say, ""Sorry, we were unable to send a message. Please call the GCASH Hotline at 2882 for assistance."" And when I called your hotline, they dont even know how to solve my problem. Please fix this.",account_access_issue,GCash,Google Play (Kaggle public dataset),1,2014-06-03T08:10:52.000Z,strict_rule_relabel,training
ewallet_00014,Cash in error,transfer_issue,GCash,Google Play (Kaggle public dataset),2,2016-05-06T16:45:40.000Z,strict_rule_relabel,training
ewallet_00015,Please add feature to buy supporter on osu!,feature_request,GCash,Google Play (Kaggle public dataset),5,2014-10-06T14:53:34.000Z,strict_rule_relabel,training
ewallet_00017,Extended maintenance most of the time. Filed a fraud claim 3 months ago and still did not get a response. Crappy service,security_concern,GCash,Google Play (Kaggle public dataset),1,2017-09-10T07:33:06.000Z,strict_rule_relabel,training
ewallet_00018,It was working fine before. Why the change now? I can't log in!,account_access_issue,GCash,Google Play (Kaggle public dataset),1,2014-07-14T03:53:18.000Z,strict_rule_relabel,training
ewallet_00020,"Cash in is not working been calling several times, customer service always telling me that my sim is definetly okay!! I cant use your apps wasting my time and my money just to get the gcash card! Globe better stop this apps! Really not working",transfer_issue,GCash,Google Play (Kaggle public dataset),1,2016-06-06T02:47:29.000Z,strict_rule_relabel,training
ewallet_00021,"I'm starting to hate this since Globe turns a blind eye to all of us & keeps on ignoring users like me! If it wasn't for MasterCard I would've ditched this! For the last time I'll repeat my suggestion to change something on Load to GCash feature such as try cutting down the 15% fee to 10% or if that can't be I suggest that you change your denomination from 10,25,50,100,200,300 to a better one such as any amount between 20-1K with 10% interest or 10,20,30,50,100,300,500,1K with 15% fee. Sounds better?!",feature_request,GCash,Google Play (Kaggle public dataset),1,2015-06-17T18:50:07.000Z,strict_rule_relabel,training
ewallet_00023,please update it for MM without manually changing permissions in settings for it to work. and please add material design too :),feature_request,GCash,Google Play (Kaggle public dataset),4,2016-02-06T03:52:03.000Z,strict_rule_relabel,training
ewallet_00025,Their Paypal to Gcash cash-in is not working anymore. This app is kind of a scam now. They will always ask you to upgrade the app but their services will not be updated. They have lots of ads but be skeptical about their system. Not recommended for freelancers.,transfer_issue,GCash,Google Play (Kaggle public dataset),1,2018-02-24T10:21:24.000Z,strict_rule_relabel,training
ewallet_00027,"GCash app is very very convenient to use most especially during emergency cases. But these past few days I'm having a hard time to log in and use the app. It'll always says that ""Sorry we are unable to process transaction"" Whyyy",payment_failure,GCash,Google Play (Kaggle public dataset),4,2016-09-26T03:04:18.000Z,strict_rule_relabel,training
ewallet_00028,Waste of time! Cash in from paypal to gcash not working at all! Rubbish! Dumb developers.,transfer_issue,GCash,Google Play (Kaggle public dataset),1,2017-01-21T10:17:14.000Z,strict_rule_relabel,training
ewallet_00029,"people, be aware of using GCASH, as you may kiss the money you transderred into it goodbye. i did transfer money into GCASH hoping to pay my bills ""the easy way"". that money is nowhere to be found now. customer service advised to email the GCASH team. not worth it. i tried to log in 15million times already and got the same reply : ""sorry unable to process transaction please call ****"". if i want to call for every transaction i wouldnt need the apps, would i? useless apps, a waste of storage space.",payment_failure,GCash,Google Play (Kaggle public dataset),1,2016-09-29T02:02:35.000Z,strict_rule_relabel,training
ewallet_00031,TRASHY APP! CASH IN FROM PP NOT WORKING! WASTE OF MONEY AND WASTE OF TIME,transfer_issue,GCash,Google Play (Kaggle public dataset),1,2017-01-21T10:18:51.000Z,strict_rule_relabel,training
ewallet_00032,Since they discountinued the prepaid load to cash option I don't see any purpose of this app at all I even tried calling their cust. serv. hotline and it sucks. That option is their edge to other wallet applications but they did this. Due to security reasons? How about those in rural areas wherein some of them cant hardly access your cash in stations?,transfer_issue,GCash,Google Play (Kaggle public dataset),1,2018-03-22T03:01:27.000Z,strict_rule_relabel,training
ewallet_00033,"Amazing app for managing ur account.. pair it with a gcash Mastercard and you won't need to bring your wallet anymore.. can you add a fingerprint option in addition to the pincode, thanks!",feature_request,GCash,Google Play (Kaggle public dataset),5,2016-07-03T09:08:12.000Z,strict_rule_relabel,training
ewallet_00034,I just bought my master card lately and they already make my account so when i trying to login .. It says that unable to process transaction,payment_failure,GCash,Google Play (Kaggle public dataset),2,2016-09-30T13:31:40.000Z,strict_rule_relabel,training
ewallet_00035,i already receive the confirmation that i'm registed in GCash. but i can't Log In?,account_access_issue,GCash,Google Play (Kaggle public dataset),4,2015-04-14T09:01:21.000Z,strict_rule_relabel,training
ewallet_00036,It sucks! I have been trying to look for an answer to my problem but it seems that they dont have any resolution!!! I cant cash in my paypal to gcash coz incant login to my account. I have called their hotline number but there is no way for me to speak to someone for help! I will change my rate you fix my problem.,transfer_issue,GCash,Google Play (Kaggle public dataset),1,2017-03-17T06:20:07.000Z,strict_rule_relabel,training
ewallet_00037,Please enable SSS loan payments. And add BDO to GCASH cash in. Thanks.,transfer_issue,GCash,Google Play (Kaggle public dataset),2,2016-08-02T22:41:07.000Z,strict_rule_relabel,training
ewallet_00038,My internet connection works fine but i can't log in my account pin,account_access_issue,GCash,Google Play (Kaggle public dataset),1,2015-06-19T04:22:14.000Z,strict_rule_relabel,training
ewallet_00039,may problema paypal cash in. ayusin nyu yan,transfer_issue,GCash,Google Play (Kaggle public dataset),1,2017-04-01T17:08:06.000Z,strict_rule_relabel,training
ewallet_00040,"Please pay attention to dual/triple SIM devices. To use this app with my Dual SIM device -- and both SIMs are working, I must set the SIM slot of call/SMS to Globe SIM. When I set both settings into 'always ask,' I cannot login.",account_access_issue,GCash,Google Play (Kaggle public dataset),2,2015-08-07T16:15:17.000Z,strict_rule_relabel,training
ewallet_00041,Pls fix the cash in thru paypal option. The currency selection is not appearing so when i just input the amout i want to cash in. It will error! Pls fix this asap! Thanks!,transfer_issue,GCash,Google Play (Kaggle public dataset),2,2017-05-06T07:20:52.000Z,strict_rule_relabel,training
ewallet_00042,Easy to use but I hope it will support phones with dual sim,feature_request,GCash,Google Play (Kaggle public dataset),3,2017-02-06T01:46:30.000Z,strict_rule_relabel,training
ewallet_00043,I cannot log in or register for both android and ios app please fix imnediately!,account_access_issue,GCash,Google Play (Kaggle public dataset),1,2015-11-02T14:21:46.000Z,strict_rule_relabel,training
ewallet_00044,"Useless! PayPal to gcash transfer is a pain! i keep getting an error. a quick search in google shows A LOT of your customers are experiencing the same error. by the way, their customer service are useless too.",transfer_issue,GCash,Google Play (Kaggle public dataset),1,2017-08-28T06:41:08.000Z,strict_rule_relabel,training
ewallet_00045,I think you should bring back the load - cash feature,feature_request,GCash,Google Play (Kaggle public dataset),2,2017-02-17T10:05:47.000Z,strict_rule_relabel,training
ewallet_00047,I wish the developers could enhance the U.I. for much better user experience and an option to switch using fingerprints when verifying instead of using pin code. Because it will be much convenient and much secure by using biometric authentications featured in most high end smartphones.,feature_request,GCash,Google Play (Kaggle public dataset),4,2017-03-31T08:26:06.000Z,strict_rule_relabel,training
ewallet_00049,I cannot log in to my account,account_access_issue,GCash,Google Play (Kaggle public dataset),2,2016-02-04T03:27:02.000Z,strict_rule_relabel,training
ewallet_00050,Still cannot cash out from paypal with error UYE7. Anyone from Globe who can addreas this problem?,transfer_issue,GCash,Google Play (Kaggle public dataset),1,2018-02-19T06:49:06.000Z,strict_rule_relabel,training
ewallet_00052,Pay bills button is not working... I couldn't pay Meralco anymore. Laging error.,payment_failure,GCash,Google Play (Kaggle public dataset),3,2017-04-01T03:44:05.000Z,strict_rule_relabel,training
ewallet_00057,I can't cash in from paypal to Gcash! This is so frustrating! my paypal was already linked with gcash but whenever I try to cash in it's giving me an error!!,transfer_issue,GCash,Google Play (Kaggle public dataset),1,2018-02-20T01:04:47.000Z,strict_rule_relabel,training
ewallet_00063,Cannot pay my bills. error message always pops up.,payment_failure,GCash,Google Play (Kaggle public dataset),2,2017-04-08T10:05:54.000Z,strict_rule_relabel,training
ewallet_00066,Can you please Add BENECO & BAGUIO WATER DISTRICT to the Utilities then I shall give you 5 stars,feature_request,GCash,Google Play (Kaggle public dataset),2,2017-07-11T01:45:12.000Z,strict_rule_relabel,training
ewallet_00067,please fix cash in paypal to gcash. paypal has no problem. be considerate to you customers.,transfer_issue,GCash,Google Play (Kaggle public dataset),1,2018-02-24T00:53:52.000Z,strict_rule_relabel,training
ewallet_00070,Useless app .. most of the time you cannot login.,account_access_issue,GCash,Google Play (Kaggle public dataset),1,2016-04-20T12:00:08.000Z,strict_rule_relabel,training
ewallet_00072,"Please bring back ""Prepaid load to Gcash"" because it is too hard to cash-in in our provinces. It is the easiest way I think we can transfer our funds.",transfer_issue,GCash,Google Play (Kaggle public dataset),1,2017-07-24T04:42:50.000Z,strict_rule_relabel,training
ewallet_00074,"I cannot log in with my mpin, very bad first impression..",account_access_issue,GCash,Google Play (Kaggle public dataset),1,2016-05-16T11:52:03.000Z,strict_rule_relabel,training
ewallet_00075,"At first it was fine, very convenient to cash in from paypal. Then all of a sudden without any notice gcash suspends cash in transactions from paypal (UYE7 ERROR) Worst part no concrete turn around time till when or if for good!",transfer_issue,GCash,Google Play (Kaggle public dataset),1,2018-02-25T04:35:05.000Z,strict_rule_relabel,training
ewallet_00076,Still Can't log in,account_access_issue,GCash,Google Play (Kaggle public dataset),1,2016-05-23T17:21:37.000Z,strict_rule_relabel,training
ewallet_00078,still encountered problem in bill payment functionality.. Everytime I tried to pay for our meralco bill the (Code: BBC3) error is displayed,payment_failure,GCash,Google Play (Kaggle public dataset),1,2017-08-06T08:37:38.000Z,strict_rule_relabel,training
ewallet_00079,Always have error on update for paypal to g-cash transfer,transfer_issue,GCash,Google Play (Kaggle public dataset),1,2018-03-28T03:19:44.000Z,strict_rule_relabel,training
ewallet_00080,Please bring back the load to g-cash feature,feature_request,GCash,Google Play (Kaggle public dataset),1,2017-08-31T21:15:48.000Z,strict_rule_relabel,training
ewallet_00083,Dogshit service. Always can't log in to this app when you need it. Sorry for the inconvenience my ass,account_access_issue,GCash,Google Play (Kaggle public dataset),1,2016-06-07T01:29:07.000Z,strict_rule_relabel,training
ewallet_00088,"nice application,, convenient for bir payment,, the only thing that i don't like everytime im trying to pay my meralco bill its Always error.. :(",payment_failure,GCash,Google Play (Kaggle public dataset),5,2017-12-20T04:38:57.000Z,strict_rule_relabel,training
ewallet_00089,i cant cash in using my union bank.. it was stuck,transfer_issue,GCash,Google Play (Kaggle public dataset),1,2018-08-03T09:18:08.000Z,strict_rule_relabel,training
ewallet_00090,Thanks GCash. All transactions made easy.. Please add BTC bitcoin wallet account like coinsph. Thankyou.,feature_request,GCash,Google Play (Kaggle public dataset),5,2017-09-29T14:29:06.000Z,strict_rule_relabel,training
ewallet_00091,Fund transfer is always delay it takes more than the promise time of credit for 24hrs :( it takes 2days,transfer_issue,GCash,Google Play (Kaggle public dataset),2,2018-09-03T15:24:35.000Z,strict_rule_relabel,training
ewallet_00093,"i hope instead of mobile number, email adress is way better to be used in logging in with a password. Hackers can easily access your account if they know ur number and guess your mpin. #victimhere very low security for users.",account_access_issue,GCash,Google Play (Kaggle public dataset),2,2018-07-27T19:40:48.000Z,strict_rule_relabel,training
ewallet_00094,Please bring back the prepaid load to gcash! It's not convenient for us to find cash in centers. Sometimes 7/eleven refuses to accept cash ins as they say its offline etc etc etc,transfer_issue,GCash,Google Play (Kaggle public dataset),3,2017-11-17T01:31:52.000Z,strict_rule_relabel,training
ewallet_00095,Fix your system. Failed transaction on the google games but you still charged. Its felt like im being robbed!!,payment_failure,GCash,Google Play (Kaggle public dataset),1,2018-02-21T02:46:07.000Z,strict_rule_relabel,training
ewallet_00096,Cannot log in fix it,account_access_issue,GCash,Google Play (Kaggle public dataset),1,2016-11-27T13:20:09.000Z,strict_rule_relabel,training
ewallet_00097,Useful app. I just can't send money to bank accounts as advertised. Kept getting an error. Their support chat is not responding.,transfer_issue,GCash,Google Play (Kaggle public dataset),2,2018-10-16T03:14:30.000Z,strict_rule_relabel,training
ewallet_00100,Ung pinarefund may plano pa ba kayong ibalik? July 17 pa un. September 17 na ngayon. Sa mga gumagamit ng gcash through paypal pag nag panrefund kayo aabutin ng bwan bwan bago nila ibabalik ang pera nyo. Scammer kayo,payment_failure,GCash,Google Play (Kaggle public dataset),1,2018-09-17T08:38:43.000Z,strict_rule_relabel,training
ewallet_00101,"Can you add the features where i can see my last balance record history, thanks",feature_request,GCash,Google Play (Kaggle public dataset),3,2017-11-23T05:02:48.000Z,strict_rule_relabel,training
ewallet_00102,Hey! Please fix the issue under cash in option. Thanks and keep up the good work!,transfer_issue,GCash,Google Play (Kaggle public dataset),5,2018-10-17T00:02:52.000Z,strict_rule_relabel,training
ewallet_00103,Your app is really good. But can you please bring back the donate option just like before? There is no more option after the update or I am just missing something. Anyway ty dev for the app..,feature_request,GCash,Google Play (Kaggle public dataset),5,2017-11-23T17:41:23.000Z,strict_rule_relabel,training
ewallet_00104,Cannot log in .no improvement.,account_access_issue,GCash,Google Play (Kaggle public dataset),1,2016-12-25T15:01:20.000Z,strict_rule_relabel,training
ewallet_00106,"I hate this app i cannot pay my bills in PLDT it says NULL error, sometimes internal server error. Please fix this problem i used this app over a year .",payment_failure,GCash,Google Play (Kaggle public dataset),1,2018-04-16T23:10:27.000Z,strict_rule_relabel,training
ewallet_00107,"Even I've put a correct PIN, still I can't log in.",account_access_issue,GCash,Google Play (Kaggle public dataset),1,2016-12-28T07:55:19.000Z,strict_rule_relabel,training
ewallet_00108,Transfer to bank stopped working. Now my money is stuck!,transfer_issue,GCash,Google Play (Kaggle public dataset),1,2018-11-24T08:58:33.000Z,strict_rule_relabel,training
ewallet_00109,"Paymaya has update, meron na si paymaya na unique QR link sa wallet of every subscriber nila were in advantage sa mga small business hindi na kailangan humingi pa ng unique qr sa CS ng paymaya, gcash na unahan na kayo saan na ung update nyu sana every subscriber nyu meron din QR CODE magagamit namit to hindi na namin kukunin mga no. Ng tao para mag send ng pera o mag bayad sakanila for contact no. Privacy",payment_failure,GCash,Google Play (Kaggle public dataset),1,2018-10-26T19:34:54.000Z,strict_rule_relabel,training
ewallet_00114,"So my cash, which I need on my bank account, is stuck with gcash. Was going to use GCASH for bank transfer. it let me send the cash, even deducted the amount immediately. Only to be reversed a day later then stating send to bank is not available. unable to speak to hotline, waited 1 hour. no rep on globe store.",transfer_issue,GCash,Google Play (Kaggle public dataset),1,2018-11-25T06:02:11.000Z,strict_rule_relabel,training
ewallet_00116,"Easy and convenient. Although it took a while to load other network. Can the maintenance be done on a time that will not be hassle when doing transaction? It's annoying. In a spam of 3 weeks I have been charged unknowing twice and debited once. It's so stressfull talking to your rep, also, a turn around time of 3weeks to return my money?! It's so inconvenient!",payment_failure,GCash,Google Play (Kaggle public dataset),1,2018-06-15T14:10:24.000Z,strict_rule_relabel,training
ewallet_00117,"Your bank transfer is not working, i topped up tens of thousands and now it's stucked on gcash cause i cant transfer it to other banks",transfer_issue,GCash,Google Play (Kaggle public dataset),1,2018-11-26T01:53:27.000Z,strict_rule_relabel,training
ewallet_00118,Hey gcash can you add a features that we can deposit using our prepaid load pls there is no near 7-eleven store in our area,feature_request,GCash,Google Play (Kaggle public dataset),5,2018-01-05T11:03:28.000Z,strict_rule_relabel,training
ewallet_00120,The app was good but after the latest update I can't cash in using Paypal. So frustrating! Please fix this issue.,transfer_issue,GCash,Google Play (Kaggle public dataset),3,2018-11-27T20:23:15.000Z,strict_rule_relabel,training
ewallet_00121,No always easy to find outlet to cash in or out. Would be better allow all the load retailers to do it,transfer_issue,GCash,Google Play (Kaggle public dataset),4,2018-02-11T03:11:36.000Z,strict_rule_relabel,training
ewallet_00122,I send money to.my friend but deducted twice to my account.but the my friend only received it once..,transfer_issue,GCash,Google Play (Kaggle public dataset),1,2018-07-19T03:32:08.000Z,strict_rule_relabel,training
ewallet_00123,I can't log in half the time.,account_access_issue,GCash,Google Play (Kaggle public dataset),1,2017-02-17T08:03:03.000Z,strict_rule_relabel,training
ewallet_00127,"Full of bugs and problems. It always reject my cash in transactions. When it did, it did not reflect in my balance.",transfer_issue,GCash,Google Play (Kaggle public dataset),2,2018-12-07T10:43:02.000Z,strict_rule_relabel,training
ewallet_00128,Got my account locked instantly. Thanks,account_access_issue,GCash,Google Play (Kaggle public dataset),1,2017-04-04T09:12:03.000Z,strict_rule_relabel,training
ewallet_00131,Unable to pay bills after app update,payment_failure,GCash,Google Play (Kaggle public dataset),1,2018-08-02T08:57:09.000Z,strict_rule_relabel,training
ewallet_00132,Cash in issues and they don't resolve it seems like they don't care,transfer_issue,GCash,Google Play (Kaggle public dataset),1,2018-12-13T00:54:05.000Z,strict_rule_relabel,training
ewallet_00133,I love this app. I hope you can update this and add payoneer to gcash.,feature_request,GCash,Google Play (Kaggle public dataset),5,2018-02-27T11:54:32.000Z,strict_rule_relabel,training
ewallet_00135,"Very helpful and efficient. Especially for moms like me who would rather spend time with my kids and household chores than to queue on long lines in banks and payment centers. I use Gcash to pay bills, transfer money to and from my and my husband's bank accounts, send money to other people, etc. Withdrawing money using the Gcash Mastercard is very convenient too. All of that in the comfort of my own home. No need to leave the house. I don't know with other people who said their account became ""semi-verified"" after the update 'coz mine is still fully verified after updating the app. I should've rated 4 stars because I've also experienced my cash in and cash out transactions not being processed realtime. But I haven't experienced it for a while now. WHAT I DO NOW IS TO WAIT TO RECEIVE THE SMS CONFIRMATION on my phone while I stay on the transaction confirmation page in the Gcash App. I don't exit (tap on X) until I receive the SMS. I also take a screenshot of the transaction confirmation page so I have it in case I need it if I get any issues. And besides, the Customer Service Reps I've spoken to when I had those cash in and cash out issues have been very kind whilst on the phone even though they were not able to fix my concerns right away.",transfer_issue,GCash,Google Play (Kaggle public dataset),5,2018-12-16T02:31:13.000Z,strict_rule_relabel,training
ewallet_00137,"problem with transferring from paypal to gcash. was able to transfer easily last month but right now, my paypal balance has already been deducted and did not reflect on my gcash balance. hard earned money down the drain",transfer_issue,GCash,Google Play (Kaggle public dataset),1,2018-12-19T07:24:44.000Z,strict_rule_relabel,training
ewallet_00138,"Can't rely on the app in case of emergency. Cashed-in from Paypal yesterday. Received a text saying ""You will exceed your transaction limit. Please try a smaller amount..."" but the amount is still deducted from my Paypal balance. This won't happen if the app has some sort of validation checking (based on user's transaction history) before processing the cash-in. Still didn't get my money back now even though it's their system's fault. App has many useful features but still buggy (also encountered some issues in their bills payment feature). They shouldn't release an update of their app if not fully tested.. and they should be the one to do the testing, not wait for the end-users to experience the bugs.",payment_failure,GCash,Google Play (Kaggle public dataset),1,2018-08-30T05:18:22.000Z,strict_rule_relabel,training
ewallet_00139,so poor! whenever i cash in it errors and take my money on the other account but wont reflect to gcash. annoying!! just when you need the money,transfer_issue,GCash,Google Play (Kaggle public dataset),1,2018-12-20T00:24:18.000Z,strict_rule_relabel,training
ewallet_00141,Can't log in always saying error,account_access_issue,GCash,Google Play (Kaggle public dataset),3,2017-07-23T01:33:39.000Z,strict_rule_relabel,training
ewallet_00143,"Suggestion, better if I can load promos automatically. Hope there is an option to load regular amount or a promo.",feature_request,GCash,Google Play (Kaggle public dataset),3,2018-03-27T08:39:03.000Z,strict_rule_relabel,training
ewallet_00146,Usefull App. But I still experience error during Meralco Bill Payment. Kindly Fix it.,payment_failure,GCash,Google Play (Kaggle public dataset),4,2018-09-29T16:30:07.000Z,strict_rule_relabel,training
ewallet_00150,"The app had an error and made a double payment with the merchant. The dispute was made few minutes after it was deducted and the rep promised to credit it back within 3-5 business days. Two weeks later still in progress, no result and as per rep still waiting for merchant respond. Woaah! It felt like they are more merchant oriented than client/customer oriented. No sense of urgency and dedication to user's concerns and issues.",payment_failure,GCash,Google Play (Kaggle public dataset),2,2018-10-03T09:23:36.000Z,strict_rule_relabel,training
ewallet_00152,you just ruined a lot of people's Christmases this year because of your paypal to gcash Cash in problem!,transfer_issue,GCash,Google Play (Kaggle public dataset),1,2018-12-24T02:02:07.000Z,strict_rule_relabel,training
ewallet_00153,"Great app though I would suggest to bring back the ""from load convert to gcash"" system. It was a great setting. Would have used it alot, would have saved us alot of time. Because not all places in the ph has stores designed for urban places. So the only way for people living in urban places is for load to be converted to gcash. Just a suggestion By the way bad UI for the send money button. Your customers might double tap sending twice the amount of money, happened to me thrice. I Suggest a slide button? That it. Over all its been great.",feature_request,GCash,Google Play (Kaggle public dataset),4,2018-05-10T05:03:35.000Z,strict_rule_relabel,training
ewallet_00154,bakit po ganito ayaw po mag cash in puro error nalang,transfer_issue,GCash,Google Play (Kaggle public dataset),1,2018-12-26T09:00:55.000Z,strict_rule_relabel,training
ewallet_00155,"I had a problem once when I paid my Smart Postpaid bill. Apparently, Smart is not accepting GCash payment and GCash (Globe) is aware of it. So it is stupid to put Smart as partner merchant or biller when they won't take my payment. Kung hndi pa ako nangulit sa Globe at Smart hotline ay hndi pa naretrieve ang pera ko. Now my next problem is my payment sa BPI credit card ko. 1 week na hndi pa nagrereflect sa BPI yung binayad ko. Also, it's so hard to find a restaurant, cafe, shop na tumatanggap ng GCash. I wish mas marami pang establishments ang meron GCash kasi sayang yung balance ko hndi naman magamit. GScore and GCredit is USELESS. Lagi ako gumagamit ng GCash pero konti lang kung magimprove score at until now di pa din ako makaaccess sa GCredit. On a postive note. Mabilis naman magload at magbayad thru QR scan.",payment_failure,GCash,Google Play (Kaggle public dataset),3,2018-11-02T23:53:10.000Z,strict_rule_relabel,training
ewallet_00156,I cant log in!!! Error code twr5!,account_access_issue,GCash,Google Play (Kaggle public dataset),1,2017-09-10T08:38:56.000Z,strict_rule_relabel,training
ewallet_00158,"In bills payment,please add save details of merchant.everytime i pay i always enter the details of the same merchant.",payment_failure,GCash,Google Play (Kaggle public dataset),5,2018-06-01T12:06:06.000Z,strict_rule_relabel,training
ewallet_00162,I'll give you 5 stars IF you fix your issues and listen to your customers. All we want is to use cash in in your app but it's hassle paypal wise because it doesn't show up in our gcash the money that we transferred from paypal. Just fix this and we're all good,transfer_issue,GCash,Google Play (Kaggle public dataset),1,2019-01-03T06:37:47.000Z,strict_rule_relabel,training
ewallet_00164,"It is good app. But lack of loading options. Like ""Sakto load"". Please add more kind of loading options.",feature_request,GCash,Google Play (Kaggle public dataset),3,2018-07-02T06:15:28.000Z,strict_rule_relabel,training
ewallet_00165,"It always says something went wrong after updating the app, since last week I can't even pay bills, it's not working please fix your app",payment_failure,GCash,Google Play (Kaggle public dataset),1,2018-12-04T03:49:30.000Z,strict_rule_relabel,training
ewallet_00166,Gcash app is good but sometimes having too much problem. I got two accounts of gcash to help me cashout my monthly twitch payout on paypal but suddenly my gcash went unverified. I am sure i fully verified my gcash account now i cant attach my paypal or even cashin my money..very dissapointed it happens when i really need it! Gcash care support is unrichable and get no responed,transfer_issue,GCash,Google Play (Kaggle public dataset),4,2019-01-18T06:30:18.000Z,strict_rule_relabel,training
ewallet_00168,i cant cash in thru bpi.. whats d problem?,transfer_issue,GCash,Google Play (Kaggle public dataset),3,2019-01-18T07:05:16.000Z,strict_rule_relabel,training
ewallet_00169,"I love using this app <3 I've been using gcash for a year already. As a student this is a great business opportunity for me, even if its just a loading business. Minor suggestion only: Allow us users to sell load for other load retailers and loadwallet. Thank you ^_^",feature_request,GCash,Google Play (Kaggle public dataset),4,2018-08-08T08:27:12.000Z,strict_rule_relabel,training
ewallet_00171,"We will stop patronized your services. HELPLESS support team and HOPELESS problems to resolve! Since last year 2017 my reversal charged back still big problem and unsolved. There are document submitted to their management but my complaint is still hoping for nothing. Merchant gave the amount but this GCash customer care is the big problem. I felt alot of stress, over frustration, disappointment, discouragement and anxiety to my annoying life because of this complaint!",payment_failure,GCash,Google Play (Kaggle public dataset),1,2018-12-20T09:20:03.000Z,strict_rule_relabel,training
ewallet_00172,GCASH helps me a lot and gives us easy transactions for our business.. but this passed few days after updating i can't generate barcode for 7/11 cash in.. it keeps on popping error prompt. now i always need to fall in line on kiosk and wait for long queue to cashiers. please fix this Asap.,transfer_issue,GCash,Google Play (Kaggle public dataset),4,2019-01-23T01:19:31.000Z,strict_rule_relabel,training
ewallet_00173,Please include login with fingerprint on your next update. Thanks,feature_request,GCash,Google Play (Kaggle public dataset),5,2018-08-18T13:51:45.000Z,strict_rule_relabel,training
ewallet_00174,GCash!Give me back my money! I made a bank transfer now the money is missing. You told me it was processed successfully when I checked my bank statement the money is not there. I waited for more than an hour daily just to talk to your cust rep and the call always gets disconnected. I did the chat and email support all with no resolution. I need my money back!,transfer_issue,GCash,Google Play (Kaggle public dataset),1,2019-02-04T02:33:54.000Z,strict_rule_relabel,training
ewallet_00175,"i have concern, they didn""t resolve it for almost 2months ..they deducted the amount of 500 twice thru bills and payment transaction until now no solution for my concern. how can i recommend ur application 2 my friends ,relative if u cannot fix those issues and concerns VERY MUCH DISAPPOINTED!!!!!!!",payment_failure,GCash,Google Play (Kaggle public dataset),1,2018-12-27T18:44:20.000Z,strict_rule_relabel,training
ewallet_00177,unreliable and no customer support. i paid bir via gcash. amout deducted from my balance but no confirmation arrived. i tried reporting it via chat support but no one replies. if bir penalizes me i will complain u to bsp. cash in via online banking is always a problem.,transfer_issue,GCash,Google Play (Kaggle public dataset),1,2019-02-07T00:42:09.000Z,strict_rule_relabel,training
ewallet_00178,Please add fingerprint/iris scan support for faster login.,feature_request,GCash,Google Play (Kaggle public dataset),4,2018-08-27T15:42:48.000Z,strict_rule_relabel,training
ewallet_00179,Inconsistent log in.When I need to used this application I can't log in even I have a strong signal.,account_access_issue,GCash,Google Play (Kaggle public dataset),2,2017-11-20T17:52:44.000Z,strict_rule_relabel,training
ewallet_00180,"I thought this is a great way to get my money from paypal faster. BUT 3X. IT IS ALREADY3X, and my money transfer from paypal to gcash is still failed. I lost my money and all. Please do something about your system especially with Paypal",transfer_issue,GCash,Google Play (Kaggle public dataset),1,2019-02-07T02:51:33.000Z,strict_rule_relabel,training
ewallet_00181,I was hacked and asked help to recover my account but 3 weeks later and still no response or any action from any of your agents or team. I keep on asking for help but no one took notice. Please keep me posted on my issue and I hope to gain access to my account soon!,feature_request,GCash,Google Play (Kaggle public dataset),1,2019-01-17T14:28:16.000Z,strict_rule_relabel,training
ewallet_00182,I hope they add some another way of transaction. But the app is useful,feature_request,GCash,Google Play (Kaggle public dataset),5,2018-08-31T08:13:43.000Z,strict_rule_relabel,training
ewallet_00183,nakakatakot mag update. kada update laging may issue lalo sa cash in.,transfer_issue,GCash,Google Play (Kaggle public dataset),1,2019-02-13T09:57:09.000Z,strict_rule_relabel,training
ewallet_00189,I can't LOG IN! my MPIN and number are correct but I don't know why.,account_access_issue,GCash,Google Play (Kaggle public dataset),1,2017-12-10T11:14:47.000Z,strict_rule_relabel,training
ewallet_00190,Anu ba yan tagal ko na nag GGcash pati cash in na lng may issue pa. ayaw mag cash in sa 7-11.. buti na lang di ako naglalagay ng malaking pera sa gcash. hirap magtiwala,transfer_issue,GCash,Google Play (Kaggle public dataset),1,2019-02-24T13:44:03.000Z,strict_rule_relabel,training
ewallet_00191,Please include Face ID or Fingerprint Authentication for account login,feature_request,GCash,Google Play (Kaggle public dataset),5,2018-10-10T21:25:22.000Z,strict_rule_relabel,training
ewallet_00192,very poor .. i cant cash in keeps getting error not available this time ..,transfer_issue,GCash,Google Play (Kaggle public dataset),1,2019-02-25T06:06:03.000Z,strict_rule_relabel,training
ewallet_00194,I can't log in... Paulit ulit akong pina pasign up ..,account_access_issue,GCash,Google Play (Kaggle public dataset),1,2017-12-15T05:35:05.000Z,strict_rule_relabel,training
ewallet_00196,"What happen? I can't log in! I can't connect, same with other users, says opps error try again. Please fix this asap",account_access_issue,GCash,Google Play (Kaggle public dataset),1,2017-12-19T01:18:36.000Z,strict_rule_relabel,training
ewallet_00197,"I having trouble with the MPIN. It keep on saying ""please try again later"". I cannot register, please fix it.",account_access_issue,GCash,Google Play (Kaggle public dataset),5,2017-12-21T07:47:42.000Z,strict_rule_relabel,training
ewallet_00198,some of gcash cash in outlets are still not working specially at 7-11 (Tiansing Branch) along paniqui.,transfer_issue,GCash,Google Play (Kaggle public dataset),4,2019-02-27T05:39:58.000Z,strict_rule_relabel,training
ewallet_00199,"This can be the best fintech in the ph if it's not buggy. Issues with paypal cashins, 7/11 cashin and others, but still have a lot of features and the customer service is good, but still too much bugs",transfer_issue,GCash,Google Play (Kaggle public dataset),3,2019-02-28T20:04:26.000Z,strict_rule_relabel,training
ewallet_00201,"Hello. Nagpay ako for shipment of my parcel sa isang site gamit ang gcash ko, nareject yong transaction ko but nagdeduct kayo. I already talked to their customer service and they checked about the transaction and said there was no payment sent to them that's why it has been rejected. So yong palpak yong serbisyo ay sa inyo. I've been sending gcash care messages for like forever but got no response, no nothing. The gcash care who doesn't really care about the damn thing. Ibalik niyo pera ko.",payment_failure,GCash,Google Play (Kaggle public dataset),1,2019-03-28T09:55:57.000Z,strict_rule_relabel,training
ewallet_00203,"GCash has always been convenient to use. Love the rebates, and performing a cash in doesn't require an additional charge. Love it more now that it has a send money to bank feature. Hoping that it will always be free, or at a minimal charge at least. Good job! Keep improving, guys! EDIT March 29, 2019 I am currently having problems with cash-in from debit card due to the 3D verification. I entered the correct OTP and yet it says transaction failed :(",transfer_issue,GCash,Google Play (Kaggle public dataset),5,2019-03-29T08:21:09.000Z,strict_rule_relabel,training
ewallet_00204,having problem with bank transfer before everything works fine but now its so slow even we have good internet connection I even ordered my gcash card bit doesn't arrived or give me an update,transfer_issue,GCash,Google Play (Kaggle public dataset),1,2019-03-04T12:43:54.000Z,strict_rule_relabel,training
ewallet_00206,"this is a very useful app. As a prepaid user, may I request you please include TM EASY PLAN 150 AND 300 at the Buy load section... Think that would be greate.",feature_request,GCash,Google Play (Kaggle public dataset),5,2018-10-16T08:06:36.000Z,strict_rule_relabel,training
ewallet_00208,Hi yout cash in via master or visa card is not working. please update. thanks,transfer_issue,GCash,Google Play (Kaggle public dataset),3,2019-03-12T10:49:40.000Z,strict_rule_relabel,training
ewallet_00209,Kindly include SSS payment feature in-app because payment via USSD code is not convenient for us to use.,feature_request,GCash,Google Play (Kaggle public dataset),3,2018-10-17T12:28:40.000Z,strict_rule_relabel,training
ewallet_00210,it has been 5 days now and the cash in issue through debt card is still not resolved..,transfer_issue,GCash,Google Play (Kaggle public dataset),1,2019-03-13T00:30:41.000Z,strict_rule_relabel,training
ewallet_00212,I downloaded this app since my friend recommend this to me well i'm trying to do my first cash in via 7/11 however i keep receiving an error in regards to the barcode and that is the nearest option for me! Pls help!,transfer_issue,GCash,Google Play (Kaggle public dataset),3,2019-03-20T23:40:13.000Z,strict_rule_relabel,training
ewallet_00213,I hope u can add a feature to add credits to beep cards!! Hehe,feature_request,GCash,Google Play (Kaggle public dataset),4,2018-10-25T02:02:12.000Z,strict_rule_relabel,training
ewallet_00215,"always getting this error, Sorry, your Cash-In transaction via debit card cannot be processed.",transfer_issue,GCash,Google Play (Kaggle public dataset),1,2019-04-11T10:28:37.000Z,strict_rule_relabel,training
ewallet_00216,bakit po laging sira connection nyo sa gcash? hindi ako makapag cash in ilang araw na may problema. Kailan pa po ba maaayos hindi po ako makapaglagay sa account ko paayos po. Salamat,transfer_issue,GCash,Google Play (Kaggle public dataset),1,2019-03-25T10:53:33.000Z,strict_rule_relabel,training
ewallet_00217,"app was full of glitches and error. cash in adding debit cards doesnt work. you can also check fb comments a lot of people are complaining this and yet no one is checking it. i sent an escalation email but did not even get any acknowledgement. guess what even the ""report an issue"" option in app isnt working. super poor support. calling hotline is non sense they are not knowledgable. they keep on reading what is in their tools. it just so happen the problem is beyond their script .to b cont..",transfer_issue,GCash,Google Play (Kaggle public dataset),1,2019-03-26T01:08:25.000Z,strict_rule_relabel,training
ewallet_00220,Incorrect MPIN? I logged in with the correct MPIN!! Now my account is locked. Fix please!,account_access_issue,GCash,Google Play (Kaggle public dataset),1,2018-01-24T02:14:02.000Z,strict_rule_relabel,training
ewallet_00225,my account is locked can you give me a temporary MPIN?,account_access_issue,GCash,Google Play (Kaggle public dataset),5,2018-02-02T12:44:15.000Z,strict_rule_relabel,training
ewallet_00227,"I would give 5 stars if you would make the gcredit available in cash balance cause I use gcash mostly for bank transfers and I can't use gcredit for that. also, lately the services isn't reliable, there has been a lot of failed transactions. i had to wait a very long time in merchant establishments just to make sure the cash in or the reversal was succesful. i am not even sure why i am still using this app.",transfer_issue,GCash,Google Play (Kaggle public dataset),1,2019-05-13T21:09:18.000Z,strict_rule_relabel,training
ewallet_00231,I hope that we could use this app for depositing money to our banks,feature_request,GCash,Google Play (Kaggle public dataset),5,2018-11-25T00:44:23.000Z,strict_rule_relabel,training
ewallet_00232,"I cant cash in thru my paypal..it always says,,YOU ARE NOT ALLOWED TO DO THIS TRANSACTION.,..can you please fix my problem..why i am not allowed?is there something wrong with my account..?need a sulotion..",transfer_issue,GCash,Google Play (Kaggle public dataset),3,2019-05-17T22:46:25.000Z,strict_rule_relabel,training
ewallet_00233,anu nangyari sa gcash bkit di ako naka cashout simula kahapon bakit anu problem,transfer_issue,GCash,Google Play (Kaggle public dataset),3,2019-04-03T06:27:09.000Z,strict_rule_relabel,training
ewallet_00234,"I just updated the app and now I couldn't pay for my electric bill, it says it's unavailable. Also had issues transferring from BPI.",payment_failure,GCash,Google Play (Kaggle public dataset),1,2019-05-21T09:43:37.000Z,strict_rule_relabel,training
ewallet_00236,Why i can't cash in using my debit card? It says error something went wrong?? How can i resolve this issue? Please fix.,transfer_issue,GCash,Google Play (Kaggle public dataset),3,2019-04-04T01:59:04.000Z,strict_rule_relabel,training
ewallet_00237,I really like this app. I use it in my small business transaction. Easy to use and user friendly. Suggestion I Hope I can still use the app without internet that's would be great!!!,feature_request,GCash,Google Play (Kaggle public dataset),5,2018-11-28T01:37:52.000Z,strict_rule_relabel,training
ewallet_00238,my problem yung update nyo sa 5.2 version. it kept saying na nka logged ako sa another device. i cant use it now. please fix this asap. now i have a cash in that is missing. and i could not reach your support or assistance.,transfer_issue,GCash,Google Play (Kaggle public dataset),1,2019-04-04T10:43:22.000Z,strict_rule_relabel,training
ewallet_00239,I'm using gcash in selling load. I hope next update I/We can input or type the amount of load we want coz' its limited. Some of my customers load amount was not in the gcash load amount selection. I really love using gcash and I'm planning to invest a small amount to start and gcash is a good platform to start a business I hope you can consider my comments/suggestion. Thank you and goodbless gcash family,feature_request,GCash,Google Play (Kaggle public dataset),4,2018-12-01T13:26:39.000Z,strict_rule_relabel,training
ewallet_00241,"This app is good, but most of the time the gcash care is delay in response to every query. The customer service is always delay and when I use my cash in debit card there are times it fails to load even I have enough balance to load or cash in from BDO debit card.",transfer_issue,GCash,Google Play (Kaggle public dataset),3,2019-04-04T14:41:51.000Z,strict_rule_relabel,training
ewallet_00243,"Suggestion: It would be nice if on the My Debit Cards section, we can customize names on our cards so that it won't be difficult for us to know which card is which. AND also, it would be awesome if we can see what transactions we made in our american express. For example instead of seeing only ""Pay via American Express"" we see GRABTAXI HOLDINGS PTE LTD pay via American Express. Hope you consider..",feature_request,GCash,Google Play (Kaggle public dataset),4,2018-12-02T00:02:22.000Z,strict_rule_relabel,training
ewallet_00244,My account is locked and i cannot use my money to buy load how am i gonna do i already contact 2882 but i didnt know how to ask about the MPIN I ALREADY CHAT THE Gcash care but they didnt reply instantly..,account_access_issue,GCash,Google Play (Kaggle public dataset),1,2018-02-22T06:18:26.000Z,strict_rule_relabel,training
ewallet_00245,My Money got stuck inside the app.. no cash out... no online payment... nothing... I sent money and they can't even cash out the money... I called the customer service both noone can help me... I don't even know when they're going to fix it... don't use the app,transfer_issue,GCash,Google Play (Kaggle public dataset),1,2019-04-04T20:06:47.000Z,strict_rule_relabel,training
ewallet_00246,"I cannot sign in anymore using my mpin. I tried reaching out to your fb page but it's been a week and there is still no response. Dialling 2882 is useless. I went to Globe and asked for assistance but even the person in charge cannot do anything about it. Tried to message GCash Care but they are not responding. Nung bag complain ako sa megamall..ang sagot pa sa akin, ""meron nga dito mag lola..hindi nila nakuha yung pera dahil sa system"" grabehhhh!!!",account_access_issue,GCash,Google Play (Kaggle public dataset),1,2018-02-22T16:27:33.000Z,strict_rule_relabel,training
ewallet_00247,bank transfer is not working ..,transfer_issue,GCash,Google Play (Kaggle public dataset),2,2019-04-05T01:08:29.000Z,strict_rule_relabel,training
ewallet_00251,please... kung mag update ng app 'wag nyo naman sana ibahin ang Personal Infos... may mga services na hndi magamit... mahirap pa kaung maReach...please include enable edit personal info so that we can use all the features of the app that requires email verification.,feature_request,GCash,Google Play (Kaggle public dataset),3,2018-12-12T14:52:07.000Z,strict_rule_relabel,training
ewallet_00252,"UPDATE: Resolved in 2 Days! So, I've been using GCash for almost a year now to pay bills, but this is the first time that I've had a problem with this app. I was paying my mobile's postpaid bill and the app incorrectly posted two payments on it. I called Customer Service immediately, and though they recognize that the app had mistakenly duplicated my transaction, to refund me, they said that they needed 1-2 months to process it. 1-2 months!! Just for using their services. You have been warned.",payment_failure,GCash,Google Play (Kaggle public dataset),5,2019-06-11T00:56:12.000Z,strict_rule_relabel,training
ewallet_00253,I cannot cash in from my Paypal account after the latest app update. It gives an error UYE7.,transfer_issue,GCash,Google Play (Kaggle public dataset),3,2018-02-25T02:30:26.000Z,strict_rule_relabel,training
ewallet_00254,bank transfer is not working! i send an email hut i don't get any response!!,transfer_issue,GCash,Google Play (Kaggle public dataset),1,2019-04-05T03:43:43.000Z,strict_rule_relabel,training
ewallet_00255,"Gscore is not functioning. I already buy load, pay bills, and scan QR but my gscore is still the same. I even cash in more than 10k already but my gscore is not add up evn 1 score. Deym i think this is scam!!!",payment_failure,GCash,Google Play (Kaggle public dataset),2,2019-04-01T08:51:49.000Z,strict_rule_relabel,training
ewallet_00256,"di ko po magamit ng maayos maraming error message di maka cash in , di maka pag load ,di maka bayad ng bills paki ayos naman ng app at pa update malaking tulong sana ito kung wala lang maraming error message tsk tsk",transfer_issue,GCash,Google Play (Kaggle public dataset),1,2019-04-07T02:33:14.000Z,strict_rule_relabel,training
ewallet_00257,"Ive been trying to cash in, always having an error to contact my bank for my mobile number, for the past 2 weeks now! Grrrr. This app is pain the ass. I hate this app!",transfer_issue,GCash,Google Play (Kaggle public dataset),1,2019-04-08T05:02:09.000Z,strict_rule_relabel,training
ewallet_00258,the problem that I've encountered was the bank transfer. I've tried it opten but it still not working. i transfer a money from my gcash acct to a bank acct but it always failing...,transfer_issue,GCash,Google Play (Kaggle public dataset),3,2019-04-16T03:19:31.000Z,strict_rule_relabel,training
ewallet_00260,i just used bills payment ( meralco) but i was charged twice. please assist to credit back it to me.,payment_failure,GCash,Google Play (Kaggle public dataset),3,2019-06-14T08:22:04.000Z,strict_rule_relabel,training
ewallet_00261,"After I updated the app, I cannot log in",account_access_issue,GCash,Google Play (Kaggle public dataset),1,2018-03-25T06:01:02.000Z,strict_rule_relabel,training
ewallet_00262,I've been using GCash for quite sometime already and got no problem until yesterday. I transfer money from GCash to my atm acct and yet I did not receive the money on my atm acct. I call GCash csr and even talk to their supervisor and yet all they can do is to advise me to wait within 24 hrs!! they said its with my bank and so on... now its over 24 hrs since I called and yet no updates and my money is still nowhere. It's 3900 and I wont just sit and wait till you fix it.,transfer_issue,GCash,Google Play (Kaggle public dataset),1,2019-04-17T23:13:37.000Z,strict_rule_relabel,training
ewallet_00263,It would be nice if they add visa card.,feature_request,GCash,Google Play (Kaggle public dataset),4,2018-12-15T15:29:37.000Z,strict_rule_relabel,training
ewallet_00264,very poor customer service cannot answer inquiries always fails to cash in,transfer_issue,GCash,Google Play (Kaggle public dataset),1,2019-04-21T10:24:32.000Z,strict_rule_relabel,training
ewallet_00265,cash in failure via app... contacted costumer service pero wala daw floating kaht kita sa bank statement na naiforward n ung payment sa kanila pinapasa pa aq napunta sa bank pra ma settle... sobrang hassle dpt sila gumawa nun since thru app nila nangyari ung transaction...since 2nd week ng aprl di rin maka pag cash in via app,transfer_issue,GCash,Google Play (Kaggle public dataset),2,2019-04-25T01:17:37.000Z,strict_rule_relabel,training
ewallet_00266,It has been five days. It's the only app I have in the phone that says there's an internet connection error. I need to pay my bills and I can't use the 5K in my damn account.,payment_failure,GCash,Google Play (Kaggle public dataset),1,2019-06-20T09:57:51.000Z,strict_rule_relabel,training
ewallet_00267,"I can't log in some times.. maybe because they are fixing some features. Other than that, it offers great services and I love it",account_access_issue,GCash,Google Play (Kaggle public dataset),5,2018-03-30T05:20:56.000Z,strict_rule_relabel,training
ewallet_00268,"So many technical problems. I can't cash in using any of your online banking facilities which defeats the purpose of downloading the app. your App is being downloaded for convenience so the cashin system errors are very problematic. I also emailed you at support and though an automatic receipt was given, there was no follow-up.",transfer_issue,GCash,Google Play (Kaggle public dataset),1,2019-04-26T01:53:40.000Z,strict_rule_relabel,training
ewallet_00270,"Hai. I would like to ask for some assistance since my gcash transaction record is not working. I transfered money to metrobank and was deducted from my gcash wallet. However, Gcash did not send any receipt or confirmation of the transaction. Are there any way that I could get the transaction details",payment_failure,GCash,Google Play (Kaggle public dataset),3,2019-06-20T22:37:44.000Z,strict_rule_relabel,training
ewallet_00271,cash in not available in 7/11 almost a month already...also not working in cebuana and mluiller??? why? until now not yet available in 7/11??? why? it says temporarily not available. very dissappointed it. how many months it will take you to repair the system?,transfer_issue,GCash,Google Play (Kaggle public dataset),1,2019-04-26T15:53:33.000Z,strict_rule_relabel,training
ewallet_00273,"7-11 cash in code still not working!! always says ""under maintenance"". :(",transfer_issue,GCash,Google Play (Kaggle public dataset),1,2019-04-27T01:56:12.000Z,strict_rule_relabel,training
ewallet_00274,I can't cash in on gcash .. please fix this problem asap,transfer_issue,GCash,Google Play (Kaggle public dataset),1,2019-05-05T16:09:15.000Z,strict_rule_relabel,training
ewallet_00278,"cash in from debit card to gcash is not working. im just getting a message contact chat, wherein no one answers Update: Changed rate to 3 stars, its now working but it took a while. There are multiple instances gcash is down/under maintenance.",transfer_issue,GCash,Google Play (Kaggle public dataset),3,2019-05-10T03:28:03.000Z,strict_rule_relabel,training
ewallet_00281,"Your staff doesn't know anything about customer service. I raised an issue that I encountered because your app didn't transfer the full amount of money to my bank account. Obviously, that person responding to my emails does not know how to deal with it. It's only 300 pesos that was missing but it's my money that you must return. Your service and resolution to my issue are totally unacceptable. That person wants me to send proof for an adjustment of 300 pesos! Extremely dissatisfied!",transfer_issue,GCash,Google Play (Kaggle public dataset),1,2019-05-16T02:42:53.000Z,strict_rule_relabel,training
ewallet_00282,Can you just please replace the invitation to just Code Sharing it would be nice thanks for reading .....,feature_request,GCash,Google Play (Kaggle public dataset),4,2019-01-12T07:06:46.000Z,strict_rule_relabel,training
ewallet_00285,-amex payment always fail -double charge -printed dispute form??? pathetic -your gcash care is useless you deserve no star at all,payment_failure,GCash,Google Play (Kaggle public dataset),1,2019-06-27T06:25:46.000Z,strict_rule_relabel,training
ewallet_00286,Di ako mkapag bank transfer may problem b gcash???????????,transfer_issue,GCash,Google Play (Kaggle public dataset),1,2019-05-22T07:54:34.000Z,strict_rule_relabel,training
ewallet_00287,"I used 2 recomend gcash 2 my friends & oficem8s & even helpd them get verified bcoz it is very convenient 2 use. Howevr, my recent transactions both on app and their CSRs had me startd doubting their system security & service eficiency. *Cant cash in w/ my debit cards most of d time *Paymnt of electric bill is so delayd that I always get arears *Corection of my adres is so lengthy & they keep on asking the same data over & over until I decided 2 quit *The money I sent was deductd but was not sent",transfer_issue,GCash,Google Play (Kaggle public dataset),2,2019-05-05T11:32:40.000Z,strict_rule_relabel,training
ewallet_00293,This app is horrible. I thought it would be better than PayMaya but no. This doesn't allow me to make purchases or even send money even if I have my account verified.,transfer_issue,GCash,Google Play (Kaggle public dataset),1,2019-02-01T00:27:20.000Z,strict_rule_relabel,training
ewallet_00294,"I normally use gcash for cashing-in in Grab, and last week, I experienced this problem that my balance was deducted automatically without the full transaction being completed first. then, cash-in transaction failed in Grab, and REFUND WAS NOT AUTOMATIC! Raised the same problem to gcash care and they asked me to fill out a dispute form. imagine, deducting only takes seconds, while refund takes days and is done manually. I sent back the dispute form, refund still lacks in amount! real hassle.",transfer_issue,GCash,Google Play (Kaggle public dataset),1,2019-07-01T09:35:59.000Z,strict_rule_relabel,training
ewallet_00295,how can i fix upgrading process for verification? im stuck there.... i cant send money throu gcash.. please help.. thnks,transfer_issue,GCash,Google Play (Kaggle public dataset),3,2019-06-04T11:20:45.000Z,strict_rule_relabel,training
ewallet_00296,i hope you bring back the refferal code feature intead of that refferal link. Because i don't get my reward even i succesfully reffer my friends register and use this app by clicking my link.,feature_request,GCash,Google Play (Kaggle public dataset),1,2019-02-02T13:30:21.000Z,strict_rule_relabel,training
ewallet_00297,This App is very very helpful in my work. Its easy and convenient to use and help me with my account locked issue.,account_access_issue,GCash,Google Play (Kaggle public dataset),5,2018-04-20T08:08:53.000Z,strict_rule_relabel,training
ewallet_00299,When I installed this app I can't log in? Necause of the 4-digit MPIN. Thats why i give 1 star,account_access_issue,GCash,Google Play (Kaggle public dataset),1,2018-04-20T14:17:32.000Z,strict_rule_relabel,training
ewallet_00301,Gcash is so disappointing. I cash in and then my account got locked. My money is just put to waste.,transfer_issue,GCash,Google Play (Kaggle public dataset),1,2018-04-22T06:34:18.000Z,strict_rule_relabel,training
ewallet_00304,"After their most recent update, I'm now getting errors accessing some of the features: Gcredit, Pay Bills and buy load. Had to uninstall and reinstall every time to gain access again.",payment_failure,GCash,Google Play (Kaggle public dataset),1,2019-07-07T05:52:27.000Z,strict_rule_relabel,training
ewallet_00305,"worst app ever! buggy, delayed cash in transactions, delayed response from customer service! useless. totally useless. don't download this app ever!",transfer_issue,GCash,Google Play (Kaggle public dataset),1,2019-06-11T04:21:38.000Z,strict_rule_relabel,training
ewallet_00306,"Cant help my problem...i accidentally input the cash-in to another inactive mobile no.and since dec.7 until now no progress from my complain....!hope you can expedite my issue... Today is May 12, 2019 !still don't have any action from my problem of accidental input to inactive #...is this phishing?",transfer_issue,GCash,Google Play (Kaggle public dataset),1,2019-05-12T06:37:02.000Z,strict_rule_relabel,training
ewallet_00307,"It was very reliable at first but recently it keeps on saying ""there seems to be a problem"", ""oops"" etc.. please fix this.. i cannot pay my bills because of these problems..",payment_failure,GCash,Google Play (Kaggle public dataset),1,2019-07-10T00:48:06.000Z,strict_rule_relabel,training
ewallet_00308,worst customer service. only uses automated responses to answer customer issues. does not resolve missing cash in. money was deducted from bank account but did not get in gcash wallet! IT'S AN APP THAT STEALS MONEY FROM PEOPLE,transfer_issue,GCash,Google Play (Kaggle public dataset),1,2019-06-13T15:30:57.000Z,strict_rule_relabel,training
ewallet_00311,May problema nnaman po ba sa gcash kung kelan ng cash in tska nagloko. Ipambabayad ko pa naman in online.,transfer_issue,GCash,Google Play (Kaggle public dataset),3,2019-06-15T03:00:28.000Z,strict_rule_relabel,training
ewallet_00312,Please fix your problem ASAP. I need to pay my bills.,payment_failure,GCash,Google Play (Kaggle public dataset),1,2019-07-14T01:56:17.000Z,strict_rule_relabel,training
ewallet_00313,Terrible app. Verification takes forever. Can't verify card on app. Too much hassle for an app which is supposed to lessen the hassle.,account_access_issue,GCash,Google Play (Kaggle public dataset),1,2018-05-01T07:15:52.000Z,strict_rule_relabel,training
ewallet_00314,"Gcash is helpful.. But there is one thing i dont like about it every time i do cash out there is always an error. i cant cash out to cash out locations. always offline!!!!!! if i will rate it, i will give 0 stars.",transfer_issue,GCash,Google Play (Kaggle public dataset),1,2019-06-19T05:24:33.000Z,strict_rule_relabel,training
ewallet_00317,"Cash In- Not received, after update, i was not able to transact,usually it does not take long to received the amount in my wallet, i have sent an email regarding this, hope to receive the feedback the soonest, i need to transfer ASAP. Thanks 6/19/19 -poor customer service, i have an urgent matter and yet no response after sending out follow up emails. Please fix this the soonest",transfer_issue,GCash,Google Play (Kaggle public dataset),1,2019-06-19T12:54:19.000Z,strict_rule_relabel,training
ewallet_00318,"Really convenient because you can do bank transfers, buy prepaid load and pay your bills. There have been issues when cashing in or transferring to banks lately. But their customer support is good.",transfer_issue,GCash,Google Play (Kaggle public dataset),4,2019-07-16T07:50:34.000Z,strict_rule_relabel,training
ewallet_00319,Gcash please please try to fix your cash out system for your partner remittance centers . I need my money but i cant cash out in the designated and your patner Remittance center beacause of your unavailable system. Please please I need my money . I will rate 0 for your apps for this. I tried withdrawing for 3 days now Im so disappointed with your service.Good that your gcash personnel is so accomodating. I already solve my cash out issue through your Gcash outlet at SM Delgado Iloilo.,transfer_issue,GCash,Google Play (Kaggle public dataset),3,2019-06-20T09:51:37.000Z,strict_rule_relabel,training
ewallet_00321,"good for small transaction. if it got problems with your account, expect no support. poor customer support. they cant fix it immediately. unlike in real banks they have customer support who can fix issues within 24hrs. but with gcash, it will take forever. so if a problem will occur in your account, you wont be able to withdraw it. we already sent several messages to your support email and still keeps telling us the same thing. its already a month and we cant cash out due to downgrade.",transfer_issue,GCash,Google Play (Kaggle public dataset),1,2019-07-16T08:59:13.000Z,strict_rule_relabel,training
ewallet_00327,Can you add cignal prepaid load. Tnx..,feature_request,GCash,Google Play (Kaggle public dataset),3,2019-03-21T10:16:47.000Z,strict_rule_relabel,training
ewallet_00328,"I have been using Globe for more than 3 years, while using GCash to pay my Globe bills until one day I got this HJL3 error. From then on I was not able to use it anymore. It is so irritating and inconvenient now. GCash Help is also no help at all with no firm answer or solution. I am thinking of moving to Smart as a provider for my phone and discard Globe and GCash all at once. Please do not reply with a template response telling me email support.",payment_failure,GCash,Google Play (Kaggle public dataset),1,2019-07-18T20:14:07.000Z,strict_rule_relabel,training
ewallet_00332,"Yung gCash CARE Representatives, bastos. I am just asking to update my details, pero they are not making it seriously. Walang option to send a screenshot here, but I have a record of it. Praying that this will be adressed. Suggestion ko, whoever handles every chat ay may NAME ng representative para lahat documented. So whoever does things WRONG, maReprimand worst, matangal sa trabaho. Fair treatment dapat sa mga clients like us who patronizes gCash.",feature_request,GCash,Google Play (Kaggle public dataset),1,2019-03-23T13:41:12.000Z,strict_rule_relabel,training
ewallet_00333,"sana maayos na kong ano man ang problema ng GCASH,KC need kona mag bayad ng bill ko.o kaya mag cash out.need kona talaga!!",transfer_issue,GCash,Google Play (Kaggle public dataset),2,2019-06-28T04:30:38.000Z,strict_rule_relabel,training
ewallet_00334,please add beep card loader through NFC feature,feature_request,GCash,Google Play (Kaggle public dataset),5,2019-03-23T16:29:26.000Z,strict_rule_relabel,training
ewallet_00337,fix the problem about the (cash out) of any pawnshop or whatever? ..i will give you a five star!..,transfer_issue,GCash,Google Play (Kaggle public dataset),3,2019-06-29T01:31:29.000Z,strict_rule_relabel,training
ewallet_00338,i hope we could still use gcash even without wifi... im. hoping... so that we could still. use it... bvoz some times theres a place that font havr a strong signal..,feature_request,GCash,Google Play (Kaggle public dataset),5,2019-03-28T02:57:20.000Z,strict_rule_relabel,training
ewallet_00339,"hello po nag cash in ako ng 500 via online banking pag dating sa last part nag error, pero pag check ko ng bank ko nabawasan ng 500 pesos, papasok pa ba yon? or sadyang mabagal lang ang process lagi?",transfer_issue,GCash,Google Play (Kaggle public dataset),3,2019-06-29T03:17:08.000Z,strict_rule_relabel,training
ewallet_00342,"I had no issues before but all of a sudden I am unable to cash in, and even redeem voucher. tried contacting ur customer service but no one is helping. fix it please.",transfer_issue,GCash,Google Play (Kaggle public dataset),3,2019-07-01T06:21:44.000Z,strict_rule_relabel,training
ewallet_00343,"Keep updating, you have many users using this. I hope you can bring back the sim load to money conversion.",feature_request,GCash,Google Play (Kaggle public dataset),3,2019-04-04T08:24:17.000Z,strict_rule_relabel,training
ewallet_00346,My account is error mpin!!! Slow services!! Not working app,account_access_issue,GCash,Google Play (Kaggle public dataset),1,2018-06-23T03:45:45.000Z,strict_rule_relabel,training
ewallet_00347,"i cannot make a cash in for a week, i reported the issue. but no one in their customer service even bothered to help me. service sucks! too bad i use this app in all my financial transactions. now its rubbish",transfer_issue,GCash,Google Play (Kaggle public dataset),1,2019-07-01T22:49:20.000Z,strict_rule_relabel,training
ewallet_00348,The verification process really sucks. I can't use it to send money until now. It has been 3 weeks and my account wasnt yet verified. I e-mail the gcash and called their department and brings me to nothing. They also told me that vless.gcash is their support team in facebook messenger and I tried but lead me to get scammed. There should have a NEGATIVE STARS in giving a rating for this!!!,transfer_issue,GCash,Google Play (Kaggle public dataset),1,2019-06-04T02:37:44.000Z,strict_rule_relabel,training
ewallet_00349,Been using the app quite a while. Suddenly started saying errors while doing transaction using QR payment. Uninstalled/reinstalled still the same. pls fix this asap. now I can't use it.,payment_failure,GCash,Google Play (Kaggle public dataset),1,2019-08-04T09:14:40.000Z,strict_rule_relabel,training
ewallet_00351,"Your app is a trash! I tried to cash in using my metrobank debit last June 3, 2019 but no money showing on my gcash wallet i've already sent all the proof that i cash in but no response until now! gcash care via messenger and email doesn't work no response! Give me back my money! Your a trash! Who ever response to this post! Please try to check your email cause i've already sent all the information that your asking! I will surely file a complaint to BSP! Your a scam!",transfer_issue,GCash,Google Play (Kaggle public dataset),1,2019-06-04T19:52:17.000Z,strict_rule_relabel,training
ewallet_00352,can u please add cryptocurrency in your apps,feature_request,GCash,Google Play (Kaggle public dataset),5,2019-04-08T07:23:36.000Z,strict_rule_relabel,training
ewallet_00353,"They put to many feature in this app. now it's broken . some transactions failed to complete but still deduct the transaction amount. before they will refund the money instantly now no more! AVOID USING THIS APP If you value your money! ""GCash Care"" don't even respond to complaint!!! developer of this app auto replies to a 1 star comment in a template. in truth only machine replies to comments! developer is nowhere to be found. ""mynt - globe fintech innovation"" left the group!",payment_failure,GCash,Google Play (Kaggle public dataset),1,2019-08-04T11:30:52.000Z,strict_rule_relabel,training
ewallet_00355,"Very dissappointed!!! It's not working for me! Im trying to avail the promos but everything is useless. I linked my bank account, didn't received any perks. Im trying to transfer fund to my bank, did not succeed. Now I am paying my bill, did not work either. I messaged customer care tru fb msgr, also emailed tru yahoo. But didn't get any help! The only thing that worked is buying load and scan qr! But everything that has a promo is not working!!!",payment_failure,GCash,Google Play (Kaggle public dataset),1,2019-08-05T02:07:54.000Z,strict_rule_relabel,training
ewallet_00356,I cant log in. Its always error,account_access_issue,GCash,Google Play (Kaggle public dataset),1,2018-07-09T14:21:17.000Z,strict_rule_relabel,training
ewallet_00357,Delayed verification for almost 3 months. I can't transfer or cash out.,transfer_issue,GCash,Google Play (Kaggle public dataset),1,2019-07-03T12:53:55.000Z,strict_rule_relabel,training
ewallet_00359,bank transfer not working. its really hard to cash out over the counter and sometimes i cant log in cant recieve the auth code to my phone it was fine at first. fix this issues and i will rate 5 again,transfer_issue,GCash,Google Play (Kaggle public dataset),1,2019-07-06T03:07:43.000Z,strict_rule_relabel,training
ewallet_00360,"Useful overall, but this app has failed me a couple of times already while using their BILLS PAY services. VERY TERRIBLE AND SLOW CUSTOMER SERVICE! If your online bills pay fails, you will NOT get notified. As a result, your next bill will show that you have an outstanding balance from the previous month. They refunded the money - in all fairness - but the hassle it put me through, not once, but twice is just ENOUGH!",payment_failure,GCash,Google Play (Kaggle public dataset),3,2019-08-07T01:22:36.000Z,strict_rule_relabel,training
ewallet_00363,"Great app, can you please add Beep card loading too. Thanks",feature_request,GCash,Google Play (Kaggle public dataset),4,2019-04-22T01:04:17.000Z,strict_rule_relabel,training
ewallet_00364,Sometimes having an error like pay an meralco bill,payment_failure,GCash,Google Play (Kaggle public dataset),4,2019-08-13T04:38:21.000Z,strict_rule_relabel,training
ewallet_00365,App is disappointing. Delayed posting of transfer from GSave to GCash. Delayed posting of redemption of GInvest. missing funds when making bank transfer.,transfer_issue,GCash,Google Play (Kaggle public dataset),1,2019-07-08T01:11:44.000Z,strict_rule_relabel,training
ewallet_00366,"nice hassle free app to pay for bills... one problem though, why it always ask me everytime to update my profile.. when i click the link and save then it prompts again..",payment_failure,GCash,Google Play (Kaggle public dataset),5,2019-08-14T03:38:57.000Z,strict_rule_relabel,training
ewallet_00367,the apps was good but this past week i had a problem opening tha gcash apps on my phone. and i even cant cash out. what should i do about this??,transfer_issue,GCash,Google Play (Kaggle public dataset),3,2019-07-10T09:55:49.000Z,strict_rule_relabel,training
ewallet_00368,"Before, I was able to use this app conveniently, I even recommend it to my friends, but now I'm really disappointed because I wasn't able to cash in using my BDO Debit Card, I can no longer utilize the app. I tried calling the GCash hotline but they don't have customer service representative to speak with. I've tried messaging Gcash Customer Care in FB several times but I never received any reply. Hope you could fix this issue.",transfer_issue,GCash,Google Play (Kaggle public dataset),1,2019-05-04T00:13:32.000Z,strict_rule_relabel,training
ewallet_00369,I like gcash alot but the current update is big mess to me... I cannot use the app to purchase load... I try all numbers that i always purchase load but it is not allowing me it is all grayed out which is indicated that is not available.... I also use the app to pay bills im hoping that i may not experience any issue about my payment in the future... Looking forward for the fix as soon as possible... I still love the application...,payment_failure,GCash,Google Play (Kaggle public dataset),3,2019-08-14T09:39:54.000Z,strict_rule_relabel,training
ewallet_00372,I have a problem my gcash account is locked i dont know the mpin sombody help me please,account_access_issue,GCash,Google Play (Kaggle public dataset),2,2018-08-01T03:09:45.000Z,strict_rule_relabel,training
ewallet_00376,"Great finance, and e-money app. Customer service is quite responsive and has great reliability. I can easily Cash-In, but has problems with Cashing-Out. It is either because the supported merchant does have a problem for theirselves, or probably its the GCash fault.",transfer_issue,GCash,Google Play (Kaggle public dataset),4,2019-08-15T23:54:26.000Z,strict_rule_relabel,training
ewallet_00377,"cash in from paypal sucks! I always get this error pop up, everytime I cash in from my linked paypal. What's your problem? I'll give you 5 stars if you can fix it!",transfer_issue,GCash,Google Play (Kaggle public dataset),1,2019-07-14T02:03:22.000Z,strict_rule_relabel,training
ewallet_00378,bill payment via gcredit failed.,payment_failure,GCash,Google Play (Kaggle public dataset),4,2019-08-19T12:05:40.000Z,strict_rule_relabel,training
ewallet_00379,I have been receiving error HJL4 since the last update and can't log in..please fix this asap,account_access_issue,GCash,Google Play (Kaggle public dataset),1,2018-08-02T22:01:26.000Z,strict_rule_relabel,training
ewallet_00381,i forgot my mpin and security questions and now i cant open my account..what should i do?,account_access_issue,GCash,Google Play (Kaggle public dataset),2,2019-06-16T06:01:24.000Z,strict_rule_relabel,training
ewallet_00387,"would've been good, good offers. but everytime i try to cash in to nearest cash-in center, 7/11 in my area, there's always error. experienced this 4times already. super sayang effort, pamasahe, tapos sobrang init pa. understandable sana if may alert man lang sa app. pero malalaman mo lang nagloloko/mainte pala the moment nandun ka na sa cash in center tapos after few hrs pa bago mag abiso officially na down pala UPDATE: ILANG ARAW NA ERROR PAG BUY LOAD NUBAYAN",transfer_issue,GCash,Google Play (Kaggle public dataset),1,2019-07-23T03:52:22.000Z,strict_rule_relabel,training
ewallet_00388,"GIVE ME MY MONEY BACK!!! Concern: I have just processed a bank transfer to my security bank account ending in 2126 for the amouny of 2,000 but I was. not able to receive the money. I needed the money now. I did not even receive any sms confirmation. IT TOOK MORE THAN 72HRS AND MY ISSUE HAVE NOT BEEN FIXED ???? SERVICE IS RIDICULOUS!!!!",transfer_issue,GCash,Google Play (Kaggle public dataset),1,2019-06-18T01:28:43.000Z,strict_rule_relabel,training
ewallet_00389,What happen to this app i cant log in hmmm 4days na error and some issue,account_access_issue,GCash,Google Play (Kaggle public dataset),1,2018-08-12T21:13:34.000Z,strict_rule_relabel,training
ewallet_00391,I give 5 star because the app beautiful and great to earn money i hope you will add that everyday you will give atlest 10 balance to our gcash to those who are active and log in everyday,feature_request,GCash,Google Play (Kaggle public dataset),5,2019-05-15T06:14:59.000Z,strict_rule_relabel,training
ewallet_00392,Gcash is good and helpful however I can't log in for more than 24hours and I need to check something on my account.,account_access_issue,GCash,Google Play (Kaggle public dataset),3,2018-08-15T02:33:49.000Z,strict_rule_relabel,training
ewallet_00393,"""Cash in"" is a bit of a problem because you need to look for it and most of the time is unavailable. 4 stars because the other services are excellent!",transfer_issue,GCash,Google Play (Kaggle public dataset),4,2019-07-26T12:23:39.000Z,strict_rule_relabel,training
ewallet_00394,Please allow us to pay our SSS contributions and OWWA Membership through GCash App.,feature_request,GCash,Google Play (Kaggle public dataset),1,2019-05-23T04:41:42.000Z,strict_rule_relabel,training
ewallet_00398,"This app sucks! Keep getting error code whenever I cash in using my debit card. Oh well, Globe has never been better at providing good service at all.",transfer_issue,GCash,Google Play (Kaggle public dataset),1,2019-07-30T11:59:19.000Z,strict_rule_relabel,training
ewallet_00399,i uninstall it because my number is has duplicate i always receiving bill that own by other person which has same number of mr. perigreno im afraid that if i deposit money to my number it would may taken away and used to pay mr..peregrinos bill on his plan it happen thousand times.. so i decide not to continue using this gcash .. i might change number hope it would not happen again ..,payment_failure,GCash,Google Play (Kaggle public dataset),1,2019-05-24T07:20:04.000Z,strict_rule_relabel,training
ewallet_00400,"Too many errors on the app. First I had an error logging in. I had to uninstall then reinstall it again. When I was able to access my account, I couldn't cash in through online banking. It says there's an error on my internet connection when it's perfectly working fine.",transfer_issue,GCash,Google Play (Kaggle public dataset),1,2019-07-30T12:14:58.000Z,strict_rule_relabel,training
ewallet_00401,I cannot pay my bill anymore (sumisho) It always says that i have the wrong account name. When I shortened the account name it will say that another account has the same name. My payment is already cashed-in here in gcash. I will be fined a penalty by my biller because of this. I cannot pay on time because of this error. It is working on the previous version of gcash. This is very disappointing. Very unreliable.,payment_failure,GCash,Google Play (Kaggle public dataset),1,2019-08-31T15:36:14.000Z,strict_rule_relabel,training
ewallet_00402,Please improve your cash in and cash out services. Please... I have experience 3 times in a row to have a problem in cash in.. And it takes three weeks until you reply and fix it.. and please don't use messenger app if you don't want to reply..,transfer_issue,GCash,Google Play (Kaggle public dataset),2,2019-08-02T01:07:16.000Z,strict_rule_relabel,training
ewallet_00405,oi gcash!!! wag na tayo bingi bingihan sa mga customer na nag rereklamo sa nawawalang pera!!! nag cash in ako kagabi tapos niload nag error tapos nawala load ko? ayusin niyo naman!!,transfer_issue,GCash,Google Play (Kaggle public dataset),1,2019-08-03T02:11:00.000Z,strict_rule_relabel,training
ewallet_00406,"It was good at first but when you try to always use their services, they start to have bugs and really cause inconveniences to the user. System is glitchy and all the time doesn't reflect your wallet balance. I hope you could fix this because it could cause a lot of inconvenience to the people using this app.",feature_request,GCash,Google Play (Kaggle public dataset),2,2019-05-29T15:58:36.000Z,strict_rule_relabel,training
ewallet_00407,My gcash gor updated and it seems that my qr scanner is not working properly. It only works on generate qr code but not on scanning.,payment_failure,GCash,Google Play (Kaggle public dataset),3,2019-09-01T03:19:29.000Z,strict_rule_relabel,training
ewallet_00408,"It was okay and convenient at 1st, but when I encountered my first problem (cash in to wrong number - 1 digit mistake my bad) it took 3days for them to fix, other time I tried to load other phone number, my gcash was deducted but didn't receive the load, it took 2 days for the reversal, and now! I tried bank transfer with gcash (not for my acct), my gcash was deducted 11,000php but there was no confirmation! Poor customer service, it takes them forever to take actions! I emailed support and NTC.",transfer_issue,GCash,Google Play (Kaggle public dataset),2,2019-08-07T17:57:53.000Z,strict_rule_relabel,training
ewallet_00412,transaction should be posted realtime or within 3hrs at most. this is to lessen any problem on the transaction like paying bills.,payment_failure,GCash,Google Play (Kaggle public dataset),3,2019-09-04T17:46:25.000Z,strict_rule_relabel,training
ewallet_00415,great app. but compromises bank security details because it needs you to give your username and password details from other mobile banking apps,account_access_issue,GCash,Google Play (Kaggle public dataset),3,2019-06-25T15:06:40.000Z,strict_rule_relabel,training
ewallet_00417,"I think since the update, there are a number of instances where I encountered issues. I love the app, but recently, there are issues that are bothersome for my payment transaction needs such as Error with Cashing-in thru Online Banking and Error in Bills Payment.",payment_failure,GCash,Google Play (Kaggle public dataset),2,2019-09-05T08:35:17.000Z,strict_rule_relabel,training
ewallet_00418,Pls help me my account can't log in because of pin but i dont have a pin,account_access_issue,GCash,Google Play (Kaggle public dataset),2,2018-10-03T08:40:00.000Z,strict_rule_relabel,training
ewallet_00420,Worst customer service. Verification process is very ridiculous. I wish they could have a website where I can do linking cards or doing cash in since app is not compatible with my phone.,transfer_issue,GCash,Google Play (Kaggle public dataset),1,2019-06-04T09:56:47.000Z,strict_rule_relabel,training
ewallet_00421,"I am using GCash to pay or use it on dragonpay for my game. I am using it to get more diamonds on War of Rings game, but everytime that I am using GCash to pay it the transaction is always failing!!! Please fix it I don't want any inconvenience.",payment_failure,GCash,Google Play (Kaggle public dataset),1,2019-09-08T20:08:42.000Z,strict_rule_relabel,training
ewallet_00422,diko magamit gcash ko ilan aram na ngmessage narin ako sa gcash care pero anga ngayon wala pa yung send money ko ayaw diko magamit ayaw ng send money failed sya pls pansinin naman po ang concern ko salamat,transfer_issue,GCash,Google Play (Kaggle public dataset),1,2019-08-12T08:58:43.000Z,strict_rule_relabel,training
ewallet_00423,had to downgrade to nougat just to use the app. i hope compatibity issues would be solved soon,feature_request,GCash,Google Play (Kaggle public dataset),3,2019-06-09T01:04:08.000Z,strict_rule_relabel,training
ewallet_00424,"You really need better customer service. Either you add more customer service reps to actually respond to queries or do something in the way you process requests/emails/concerns. I sent an email regarding a failed transaction and it took them 4 days just to tell me to ""return to the store for refund."" Probelm is 7-11 does not offer refunds according to their receipt, and you should know this and not offer this as a solution to your customers.",payment_failure,GCash,Google Play (Kaggle public dataset),3,2019-09-09T20:48:13.000Z,strict_rule_relabel,training
ewallet_00425,"Online Bank transfer is not working for almost w weeks! I troubleshoot my phone and app, still not working",transfer_issue,GCash,Google Play (Kaggle public dataset),5,2019-08-13T00:45:01.000Z,strict_rule_relabel,training
ewallet_00427,"Ok sana kasi useful talaga yung app. HOWEVER, yung CUSTOMER SERVICES ng GCASH is NOT RESPONSIVE tapos wala naman sila hotline na pwedeng tawagan. Usual problem ko dito sa app ay pag nag-cash in ako twice nang di agad nagreflect yung cash-in ko (via mastercard). Then yung 100php load ko til now wala padin nung June pa yun. Yung GCARE di naman sumasagot. Automated response lagi after nun pag nagreply kana di na sila ulit sasagot!!!!",transfer_issue,GCash,Google Play (Kaggle public dataset),1,2019-08-13T01:02:59.000Z,strict_rule_relabel,training
ewallet_00428,I really like gcash but when i already experience this kind of damn hussle i feel upset about this! Any update on this?!! Why it always appear on my screen eventhough i already update my profile! Please fix this ASAP!! Nkakadala mg invest at mgsave ! Suggestion about GCASH APP kindly provide a log in portal via google chrome e explorer or mozilla in order for us to check our account. It also help us not to worry about our investment and continue patronizing this helpful yet nkakadala apps!,feature_request,GCash,Google Play (Kaggle public dataset),1,2019-06-14T03:12:37.000Z,strict_rule_relabel,training
ewallet_00429,There is a big problem when it comes to logging into the app mostly with MPIN issues no one assist us in your FB page Gcash care...even calling the 2882 no direct customer rep...how can we even set up the recovery if we can't log in into the account what a hassle.,account_access_issue,GCash,Google Play (Kaggle public dataset),1,2018-10-23T15:01:35.000Z,strict_rule_relabel,training
ewallet_00431,bat ganun in update q lang. bat hindi na aq maka cash in. anu bayan... delay na negosyo pag ganito.. tsk tsk tsk,transfer_issue,GCash,Google Play (Kaggle public dataset),2,2019-08-13T08:40:37.000Z,strict_rule_relabel,training
ewallet_00433,Very useful indeed. Been using the app for almost a year now and it has been so helpful in so many ways. I hope they could increase my credit limit so I can further enjoy the benefits,feature_request,GCash,Google Play (Kaggle public dataset),5,2019-06-18T14:41:43.000Z,strict_rule_relabel,training
ewallet_00436,"convenient for pay bills, qr payment and load.. i hope you add the option of cash out to paypal. because some international online shopping accepts paypal if you don't have credit card..",payment_failure,GCash,Google Play (Kaggle public dataset),4,2019-06-22T04:07:52.000Z,strict_rule_relabel,training
ewallet_00440,i am unable to pay a bill for my Pagibig loan. the error is bcc3-500 and no one from your customer service can explain the reason why,payment_failure,GCash,Google Play (Kaggle public dataset),1,2019-09-29T05:32:40.000Z,strict_rule_relabel,training
ewallet_00441,"After you forced me to update my profile, everything is messed up. I cannot make cash in, cash out and etc. Error code KER3, followed the basic troubleshooting from gcash support but none of them worked. Frustrated and disappointed, please fix this asap.",transfer_issue,GCash,Google Play (Kaggle public dataset),1,2019-08-15T04:40:00.000Z,strict_rule_relabel,training
ewallet_00445,"Very convenient! System downtimes are not that frequent and if so, they can easily fix it. Please add more perks and a better Gscore earnings.",feature_request,GCash,Google Play (Kaggle public dataset),5,2019-07-01T00:55:57.000Z,strict_rule_relabel,training
ewallet_00447,please inform us if the system will have a problem just like now I cant send money using my gcash apps,transfer_issue,GCash,Google Play (Kaggle public dataset),3,2019-08-17T02:56:55.000Z,strict_rule_relabel,training
ewallet_00450,the customer service is sucks... been calling them for I dont know how many times to fix or to get me a new MPIN and none of them are helping me... I even become a victim of fraud last january due to the instances that I want to fix my MPIN but even that fraud thing was not even solve upto until now... Terrible experience..,account_access_issue,GCash,Google Play (Kaggle public dataset),1,2019-07-04T11:57:08.000Z,strict_rule_relabel,training
ewallet_00452,I try now i hope i would love it??!!,feature_request,GCash,Google Play (Kaggle public dataset),4,2019-07-12T01:28:11.000Z,strict_rule_relabel,training
ewallet_00453,Since i update my app i cannot cash in thru paypal even im fully verified it always say that we need to verify my account...im so dissapoint this app please fix this problem,transfer_issue,GCash,Google Play (Kaggle public dataset),1,2018-11-28T02:56:28.000Z,strict_rule_relabel,training
ewallet_00454,"the app is convenient for paying bills, but I had 2 issues with GCASH, first was the bank transfer was delayed for 3 days without any known issues and the maintenance they have for a whole day without any notice! which is exactly today. Why not have an announcement when you first had an error so that customers wont do business for a limited time when the app is on maintenance.",transfer_issue,GCash,Google Play (Kaggle public dataset),2,2019-08-23T07:01:42.000Z,strict_rule_relabel,training
ewallet_00455,The new software update didnt provide option using GCash Credit via QR code.. I'm out of cash on my wallet and I've been using such without the hassle for 3 months.. When I needed it that has cause embarrassment when I was at the grocery yesterday.. Hope you could fix this asap,payment_failure,GCash,Google Play (Kaggle public dataset),1,2019-07-19T01:08:52.000Z,strict_rule_relabel,training
ewallet_00457,I tried the pay bills feature to check if it is better than the app i am currently using... To my dismay the app immediately gave me an error and deducted the balance from my account even if no payment was made.. Never had this issue with my other app as their system immediately retract erroneous transactions without having to contact support.. The support team sucks btw..,payment_failure,GCash,Google Play (Kaggle public dataset),1,2019-10-16T01:25:14.000Z,strict_rule_relabel,training
ewallet_00458,The online banking for cash in is always down. Or even error. I cannot cash in my account. Now its down again. They will not notify you if they are about to down the system. So you'll never know.,transfer_issue,GCash,Google Play (Kaggle public dataset),2,2019-08-23T09:57:28.000Z,strict_rule_relabel,training
ewallet_00460,"My 7,000 is missing. I cash in P7,000.00 using one of my linked account which is SBC mastercard. After i submit the OTP the app loads so long until errors came up, cant open the app and they said they're on system update ir maintenance. After system update no funds was transeffered to my GCash but my SBC account was deducted. Tried to reach help center but not getting response atm.",transfer_issue,GCash,Google Play (Kaggle public dataset),1,2019-08-25T23:09:56.000Z,strict_rule_relabel,training
ewallet_00466,I hate this app everytime I type my mpin to login it will always said a error,account_access_issue,GCash,Google Play (Kaggle public dataset),1,2018-12-10T12:08:35.000Z,strict_rule_relabel,training
ewallet_00469,No forgot password/pin. After getting locked out you're fudged. Nice,account_access_issue,GCash,Google Play (Kaggle public dataset),1,2018-12-15T11:43:43.000Z,strict_rule_relabel,training
ewallet_00470,"Can you fix error CODE: GGAA9. I can't cash in through paypal since yesterday. I already file a ticket. Support doesn't assist that much. Only ask for email, gcash number etc. And they won't respond after that. I already file 2 tickets and nothing happens",transfer_issue,GCash,Google Play (Kaggle public dataset),2,2019-09-07T02:08:12.000Z,strict_rule_relabel,training
ewallet_00472,The best mobile wallet in the Philippines! this app is such a blessing to me! keeps on innovating! I hope you add more products to invest in and add bitcoin!,feature_request,GCash,Google Play (Kaggle public dataset),5,2019-08-05T07:42:12.000Z,strict_rule_relabel,training
ewallet_00473,"I can't log in to my account I have reached the maximum allowed log in attempts, what should I do?",account_access_issue,GCash,Google Play (Kaggle public dataset),1,2018-12-15T18:50:39.000Z,strict_rule_relabel,training
ewallet_00477,"Unable to add Card, profile-not-updated always pop-ups but unable to update profile, I sent email regarding the matter but did not get any response. I would like to use the app for bills payment but unable to add card. App looks promising but useless (in my case) for now.",payment_failure,GCash,Google Play (Kaggle public dataset),1,2019-10-26T01:08:33.000Z,strict_rule_relabel,training
ewallet_00478,"Few months ago I tried to be fully verified with the app for me to cash in and use other features. Then I get an error message and you didn't send me a confirmation message that I'm fully verified.I can't reprocess it again because of the error message, so I uninstall it. Then recently you just texted me that I'm fully verified?! So, I tried to install it again. Then,I'm still in basic level!? So I tried it again to be fully verified but it won't work.I decided not to use this app again.Useless",transfer_issue,GCash,Google Play (Kaggle public dataset),1,2019-09-11T13:59:11.000Z,strict_rule_relabel,training
ewallet_00479,I rated you app with 5 stars but i cannot pay my pagibig housing loan with error amount requested too large. Tried different amount and only 10k is being accepted. Now i have to make 3 payments to pay in full. Why? Last month i was able to pay the whole amount. I regret updating the app. So disappointing. Thanks.,payment_failure,GCash,Google Play (Kaggle public dataset),1,2019-10-27T04:38:12.000Z,strict_rule_relabel,training
ewallet_00485,"I just want to request to add the time and date in every transaction, because other people can use the photo of receipt to scam other people .",payment_failure,GCash,Google Play (Kaggle public dataset),3,2019-07-15T17:18:34.000Z,strict_rule_relabel,training
ewallet_00488,Great! But I hope you can add crypto currency,feature_request,GCash,Google Play (Kaggle public dataset),5,2019-08-13T13:22:38.000Z,strict_rule_relabel,training
ewallet_00491,"Always have a maintenance, error etc. Cant do cash in for almost a week",transfer_issue,GCash,Google Play (Kaggle public dataset),1,2019-09-21T10:07:05.000Z,strict_rule_relabel,training
ewallet_00493,"Great app. Very helpful during payday Love the KKB feature. Just a suggestion though, KKB seems to be a one time payment only, can this be paid in hulugan terms? Since there's a due date set for every KKB created. I think this feature will be helpful in achieving financial goals of every family, friends or squad. Keep up the good work",feature_request,GCash,Google Play (Kaggle public dataset),5,2019-08-15T08:44:32.000Z,strict_rule_relabel,training
ewallet_00494,The app always have a problem. I can't cash in. The paypal system is down and so in 7 11. It's hard to give up this app but I do not have a choice.,transfer_issue,GCash,Google Play (Kaggle public dataset),1,2019-09-22T07:11:40.000Z,strict_rule_relabel,training
ewallet_00495,"The balance is not shown in every after transaction . To improve transparency please add another column in the Transaction History to show the actual balance every transaction made, just like a bank passbook.",feature_request,GCash,Google Play (Kaggle public dataset),1,2019-08-15T15:07:58.000Z,strict_rule_relabel,training
ewallet_00499,"GCash would have been a great app and relevant to this age. I like the feature where you can transfer money from banks to banks. However, may first cash-in transaction is a failure. GCash Helpdesk is prompt on their replies to resolve the issue, but I'm just not comfortable providing too much information in an email. I just gave up and uninstalled the app.",transfer_issue,GCash,Google Play (Kaggle public dataset),2,2019-11-19T10:10:20.000Z,strict_rule_relabel,training
ewallet_00500,"CS not helpful at all. No advisory about the Paypal issue, it's been 5 days yet the Cash in from Paypal is still not working.",transfer_issue,GCash,Google Play (Kaggle public dataset),1,2019-09-23T01:30:14.000Z,strict_rule_relabel,training
ewallet_00501,I cannot login! Keeps on saying im logged in a different device.,account_access_issue,GCash,Google Play (Kaggle public dataset),1,2018-12-23T02:08:55.000Z,strict_rule_relabel,training
ewallet_00502,"Lagi kayo may issue sa pag cash in sa paypal, then nag debit kayo ng money nung nag transfer ako ng money to other banks tapos within 1-2 business days ibabalik?sobra naman system nyo. Ayusin nyo naman.. tapos napaka tagal nyo rin mag reply pag nag email sa support nyo. Wala na nga kayo hotline para ma resolvr agad yung issue tapos napaka tagal niyo pa mag reply sa email tapos automated message pa?sobra kayo!!!",transfer_issue,GCash,Google Play (Kaggle public dataset),1,2019-09-23T03:35:04.000Z,strict_rule_relabel,training
ewallet_00506,okay so the system seems to be working again and paypal cash in is finally working. i will be leaving 4 stars since the app still needs to work on notifications regarding downtime and maintenance. notifs for bank transfer issues/downtime also needs to be added. (also pls revert the color back to dark blue i still find this too flashy),transfer_issue,GCash,Google Play (Kaggle public dataset),4,2019-09-24T08:11:10.000Z,strict_rule_relabel,training
ewallet_00507,I'm loving the convenience Gcash provides! I wish there was an option where we could Cash-in via Load.,transfer_issue,GCash,Google Play (Kaggle public dataset),4,2019-08-21T03:08:17.000Z,strict_rule_relabel,training
ewallet_00509,"I FEEL HELPLESS! I AM PISSED! I AM DESPERATE OF NOT GETTING IMMEDIATE HELP OR ACTION WITH MY CONCERN. WALA BA NAKAKAINTINDI SA INYO NG WORD NA ""EMERGENCY""!? I HAVE A SITUATION HERE AND I NEED MY MONEY BACK! I CANNOT WAIT LATER NOT EVEN TOMORROW!!!!! IN THE FIRST PLACE THIS IS NOT MY MISTAKE! IT'S YOUR SYSTEM'S MISTAKE TAPOS AKO MAG SUSUFFER BECAUSE OF YOUR STUPID BANK TRANSFER ERROR!!",transfer_issue,GCash,Google Play (Kaggle public dataset),1,2019-09-25T17:46:06.000Z,strict_rule_relabel,training
ewallet_00511,w/o response on my gcash master card its already 1 month from 26 August 2019 to 26 Septmeber 2019 then always have a system problem in cash out at tambunting passi city they always says that Gcash System has a PROBLEM .....,transfer_issue,GCash,Google Play (Kaggle public dataset),1,2019-09-28T10:18:08.000Z,strict_rule_relabel,training
ewallet_00512,Im so very disappointed of this apps i can't cash out money to there remittance partner and i call the operator he said you can cash out at our remittance partner but i go there and i tell the teller i want to cash out money from my gcash account the teller said im sorry sir but gcash those not allowed this time to cash out and i call again the operator she always to me there is no problem but still the teller said gcash is not allowed to cash out this time.Who is telling true operator or teller,transfer_issue,GCash,Google Play (Kaggle public dataset),1,2019-09-28T12:42:36.000Z,strict_rule_relabel,training
ewallet_00513,"I wish you add to change MPIN, with ""forgot MPIN?"".",account_access_issue,GCash,Google Play (Kaggle public dataset),1,2019-08-24T12:27:53.000Z,strict_rule_relabel,training
ewallet_00514,"I am rating it 3 stars, I am just new with gcash, and yes the convenience is there during loading ang money transfer, the only problem is all the accredited centers stated on the app. like palawan and bayad centers, have not been tried the expresspay in Lbc, but the nearest I have is palawan, here in my area don't have gcash cash out. I cannot able to have an atm for now, cause I dont have enough fund to buy the atm. listed centers are useless. cannot cash out",transfer_issue,GCash,Google Play (Kaggle public dataset),3,2019-09-29T11:31:07.000Z,strict_rule_relabel,training
ewallet_00516,"It started yesterday, I am unable to buy load or process bill payment even I have enough balance.. and the app is also updated, can someone clear this to me?",payment_failure,GCash,Google Play (Kaggle public dataset),2,2019-11-30T01:04:12.000Z,strict_rule_relabel,training
ewallet_00517,"I sent a ticket via app when I cant use my Gcredit to pay bills nor pay thru QR.I always get an error message saying "" We cant process your payment "". They sent me first a general troubleshooting which didn't work, then asked me additional details about my acct and concern. I sent it a day after they asked about those additional information. I then got a reply that my concern will be handled by the support team. Since saturday, I still got no update.",payment_failure,GCash,Google Play (Kaggle public dataset),1,2019-12-02T15:20:39.000Z,strict_rule_relabel,training
ewallet_00518,Hello gcash developer sana po mag add na po kau ng bitcoin and etherum wallet para mas marami papong mag download and mag install ng apps nio nato thanks po if ma approve nio po sa bigtoken na approve po ung suggestion ko sa email nila sa inyo po kaya ma aaprove nio po kaya din suggestion ko?,feature_request,GCash,Google Play (Kaggle public dataset),5,2019-09-01T23:21:19.000Z,strict_rule_relabel,training
ewallet_00519,"jusko laging under maintenance!!! if you maintained your service this often, should'nt it be getting better?? but it's the opposite.. Edit: as usual, it has an error. Can't cash in from paypal. Error: GGAA9. I bet you would reply to my review: we're sorry blah blah blah please contact us thru email.....well news flash!!! your customer service sucks!! Oooops no, scratch that, you don't have a customer service. You are hopeless!!! It is a nightmare having to deal with gcash",transfer_issue,GCash,Google Play (Kaggle public dataset),1,2019-09-30T23:16:33.000Z,strict_rule_relabel,training
ewallet_00520,Your services in davao in terms of cashing out ang hassle hahays kaasar promise. Please provide a number naman. Na matawagan namin,transfer_issue,GCash,Google Play (Kaggle public dataset),2,2019-09-02T12:17:57.000Z,strict_rule_relabel,training
ewallet_00521,FIX THE CASH IN ISSUE NOW,transfer_issue,GCash,Google Play (Kaggle public dataset),1,2019-10-01T00:53:10.000Z,strict_rule_relabel,training
ewallet_00523,"Unable to use gcredit to pay bills. I've been asking help thru email and over the phone. It seems that they cannot do anything about it. It's more than a week and they still cannot resolve the issue. I have sent email, called cust service, chat with live agent. Still No RESOLUTION! This is ridiculous!",payment_failure,GCash,Google Play (Kaggle public dataset),1,2019-12-11T20:10:17.000Z,strict_rule_relabel,training
ewallet_00524,"Very poor service. Una wala silang live person to speak to. Walang silbi yung customer hotline nyo kasi IVR lang. Pangalawa, cash in issues, halos lahat ng 7-11 ayaw na magpa cash in sa Gcash kasi problema kayo! BDO cash in issues yung pera hindi nyo kinicredit! Yung GF ko nag cash in through online from BDO nawala hindi nyo crenedit! Kinain nyo lang. Now namomroblema kami pano mababalik yung pera eh hindi naman kayo nasagot mga hinayupak kayo! Makakarating talaga sa NTC to mga gago!",transfer_issue,GCash,Google Play (Kaggle public dataset),1,2019-10-01T06:28:30.000Z,strict_rule_relabel,training
ewallet_00527,"Bill payment was unsuccessful but they debited my account! No receipt given and upon checkingvwith the biller, they did not receive any payment for my account from Gcash. Their poor customer service support is thru chat or email only and they can not help settle their system mistake. Avoid using Gcash!",payment_failure,GCash,Google Play (Kaggle public dataset),1,2019-12-12T05:41:45.000Z,strict_rule_relabel,training
ewallet_00528,"Customer service takes days before they can reply, and i have already explained them that they gave the wrong file that i should fill up for an unauthorized transaction because i did not send any money but they used my money for E-Load without my permission and the person was anonymous and tried reporting it. Up till now they didn't give any response for months! And when i got an approved refund for a cancelled order, i didn't get it till a month, really unnecessary process needed,DISAPPOINTMENT",payment_failure,GCash,Google Play (Kaggle public dataset),1,2019-08-07T06:43:46.000Z,strict_rule_relabel,training
ewallet_00529,error on pay bills can't fix urgently.,payment_failure,GCash,Google Play (Kaggle public dataset),1,2019-12-13T03:23:47.000Z,strict_rule_relabel,training
ewallet_00530,I am having problem eith Paypal to gcash cash in all the time,transfer_issue,GCash,Google Play (Kaggle public dataset),1,2019-10-06T01:22:59.000Z,strict_rule_relabel,training
ewallet_00531,"The new update is making my load transaction useless. Right now, I can't proceed to pay for the load transaction. Hope you notice this and make an action to resolve the problem",payment_failure,GCash,Google Play (Kaggle public dataset),4,2019-12-14T13:03:28.000Z,strict_rule_relabel,training
ewallet_00533,Ive been contacting your hotline and it takes more 24 mins pero wala paring sumagagot sabi nila last time e tratransfer nila yung per kasi di verify yung hinulogan tapos hindi naman ma withdraw yung cash di din ma swipe until now hindi parin na transfer sabi can someone help me with this problem cant contact your hotline...sayang yung pera if hindi ko makuha..,transfer_issue,GCash,Google Play (Kaggle public dataset),1,2019-10-11T03:59:53.000Z,strict_rule_relabel,training
ewallet_00536,I can't log in!! waste of time,account_access_issue,GCash,Google Play (Kaggle public dataset),1,2019-01-29T01:51:17.000Z,strict_rule_relabel,training
ewallet_00538,Really bad after the update QR code didn't work critical when you don't have cash with your buying but to opt use gcash and then suddenly the QR code of gcash app failed you. Dissapointing!,payment_failure,GCash,Google Play (Kaggle public dataset),1,2019-12-17T12:50:05.000Z,strict_rule_relabel,training
ewallet_00539,Useless. you cant link your bank account and you cant link paypal due to some stupid issue like having different information. i have the username and password for it. whatelse do you need. you cant even change your name. What's the point of having a mobile system if you have to walk into a counter to use it?,account_access_issue,GCash,Google Play (Kaggle public dataset),1,2019-01-31T13:31:44.000Z,strict_rule_relabel,training
ewallet_00541,Feature request: Beep card reloading using GCash (via NFC),feature_request,GCash,Google Play (Kaggle public dataset),4,2019-09-22T07:12:06.000Z,strict_rule_relabel,training
ewallet_00542,"Gud day gcash tanong ko lng kung bkit hindi pko mkapag cash out sa gcash ko. Nagpunta nko sa globe pra mgpa-kyc, pero nklagay s system nka kyc n daw ung number ko. Pero pg sinusubukan kong mg cash out, failed sya tpos my dumarating n txt message skin n kailangan ko dw mgpa kyc",transfer_issue,GCash,Google Play (Kaggle public dataset),5,2019-10-16T11:45:02.000Z,strict_rule_relabel,training
ewallet_00544,"Super convenient to use! Saved me a lot of time cos you can do so many things using this app. Would've given 5 stars but then there were times that cash-in failed, or even transfer to other accounts. But over-all, this is one of the best apps out there.",transfer_issue,GCash,Google Play (Kaggle public dataset),4,2019-10-16T16:18:10.000Z,strict_rule_relabel,training
ewallet_00545,It's good and all but please add a fingerprint login. Metrobank and PayMaya have this option,feature_request,GCash,Google Play (Kaggle public dataset),4,2019-09-25T04:19:59.000Z,strict_rule_relabel,training
ewallet_00546,"Overall good digital experience. Just experiencing cash in errors lately. Also, would be five stars if you use the NFC function of smartphones to pay and reload beep cards",transfer_issue,GCash,Google Play (Kaggle public dataset),4,2019-10-19T11:00:32.000Z,strict_rule_relabel,training
ewallet_00547,Nice app very useful. Please include in your next update the capability to add remarks when transferring money to other banks for easy reference. Thank you,feature_request,GCash,Google Play (Kaggle public dataset),5,2019-10-06T13:05:34.000Z,strict_rule_relabel,training
ewallet_00552,"Im starting to hate this app due to several times that I encountered cash in issue. This will be the 2nd time that I experienced inconvenience regarding cashing in from my BPI account to GCash,they deducted the certain amount however there is no money that was transfered and no confirmation regarding my cashing in. Hope you will resolve this issue.",transfer_issue,GCash,Google Play (Kaggle public dataset),1,2019-11-04T23:02:45.000Z,strict_rule_relabel,training
ewallet_00554,"What's wrong with the app now? I was asked to update it. After updating it today, when I enter my mpin, all I get is a blank white screen with BACK at the bottom which can't be pressed. Therefore I cannot log in. I have reset my phone several times. Same thing is happening. Please fix this.",account_access_issue,GCash,Google Play (Kaggle public dataset),1,2019-02-04T22:45:21.000Z,strict_rule_relabel,training
ewallet_00555,After recent update I can't cash in anymore using my debit card. Gives error.,transfer_issue,GCash,Google Play (Kaggle public dataset),1,2019-11-05T05:50:52.000Z,strict_rule_relabel,training
ewallet_00557,Risk support team is super slow on their job. you should fire all of them. my issue is 1 month ago and still no one reply back to me. I cant send money from another gcash account,transfer_issue,GCash,Google Play (Kaggle public dataset),1,2019-11-05T13:25:45.000Z,strict_rule_relabel,training
ewallet_00560,Cash in through online banking is still not working and no one from the support team could provide a proper explanation!!!,transfer_issue,GCash,Google Play (Kaggle public dataset),1,2019-11-10T08:09:32.000Z,strict_rule_relabel,training
ewallet_00561,"Whenever I go to an establishment, I check first if they have GCash. My onky wish: Please allow GCredit usage via the Mastercard already like a notmal credit card.",feature_request,GCash,Google Play (Kaggle public dataset),5,2019-10-16T21:59:21.000Z,strict_rule_relabel,training
ewallet_00562,Ok na sana app na to kya lng ndi cla automatic na nagrerefund ng payment na unsuccessful. Ung psa payment ko unsuccessfull ung bayad. Pero nagkaltas s gcash ko worth 350 ata un. Walang refund na nangyari unlike sa ibang app n pag ndi pumasok ung payment mo agad agad refund ung payment. Tas ung kptid ko using gcash nagload ng 70 pesos 2x s mgkaibang number. Parehas ngkaltas dn sa gcash pero ndi nmn dumadating ung dlwang load na 70. Sna pkiayos gcash. Masyadong gahaman kau.,payment_failure,GCash,Google Play (Kaggle public dataset),1,2019-12-23T15:49:55.000Z,strict_rule_relabel,training
ewallet_00565,Can't verify. There is no email sent for verification,account_access_issue,GCash,Google Play (Kaggle public dataset),2,2019-02-05T16:19:29.000Z,strict_rule_relabel,training
ewallet_00568,WAG NA KAYO MG TANGKANG MG DOWNLOAD NG GCASH KUNG AYAW NYO MAGAYA SAKIN.. BINABAWASAN NG GCASH ACCOUNT KO KAHIT FAILED TRANSACTION. AT HINDI NILA IREREFUND UN CLAIMING NA NA POST NA UNG BILL ANG ENDING TWICE AKO NG BAYAD SA ISANG BILL. OH DIBA ANG BONGGA? BULUK ANG APP NA TO. PAGSISIHAN NYO LNG.. USELESS DIN ANG CUSTOMER SERVICE NILA.. HINDI MATINONG KAUSAP!!! SHOUT OUT KAY SHAIRAH NG GCASH CUSTOMER SUPPORT.. ANG GALING MONG MANGLOKO NG TAO!!! PS. MAGNANAKAW ANG GCASH.. NAKAKATRESS!!,payment_failure,GCash,Google Play (Kaggle public dataset),1,2019-12-24T10:44:05.000Z,strict_rule_relabel,training
ewallet_00569,I encountered problem for cash out over the counter. Please need help for this.,transfer_issue,GCash,Google Play (Kaggle public dataset),4,2019-11-16T05:07:16.000Z,strict_rule_relabel,training
ewallet_00570,this is the best app...hope to bring back lot of promos and vouchers,feature_request,GCash,Google Play (Kaggle public dataset),5,2019-10-20T11:40:02.000Z,strict_rule_relabel,training
ewallet_00573,"Transaction failed but money still got deducted from my account and it takes them several days to process the refund only for their support to close my ticket without thoroughly looking at the issue and failing to address it. 8 days now since i filed the ticket and called numerous times to follow up, still no refund yet. Also was advised that they are processing a high volume of refund issues because of failed transactions. Bad customer support as well.",payment_failure,GCash,Google Play (Kaggle public dataset),1,2019-12-27T05:08:49.000Z,strict_rule_relabel,training
ewallet_00574,I have encountered multiple issues with the app. I still cannot send money tho I have reached their customer service multiple times.,transfer_issue,GCash,Google Play (Kaggle public dataset),1,2019-12-02T07:48:09.000Z,strict_rule_relabel,training
ewallet_00575,How come my account has been verified at 1am? I never logged in to my account and I reached the maximum wrong mpin allowed 3 months ago. I did it purposely because my account has been hacked. It seems the hacker still using my account even it is already should be unaccessible. That hacker still wanted to use my number. Damn it!,account_access_issue,GCash,Google Play (Kaggle public dataset),1,2019-08-16T18:20:01.000Z,strict_rule_relabel,training
ewallet_00576,"Ever since I updated the latest version of this app last week, I cannot use the Gcredit via Pay QR on all merchants. Error says: Oopps! We are sorry. Please try again later.",payment_failure,GCash,Google Play (Kaggle public dataset),2,2019-12-27T07:33:56.000Z,strict_rule_relabel,training
ewallet_00577,"Im so disappointed with your service for today. How could u possibly process a cash in transaction, then it went unsuccessful then as per my bank record u already got my money! How could you do that! That amount are for urgent use! You arw giving me another problem! Shame on you!",transfer_issue,GCash,Google Play (Kaggle public dataset),1,2019-12-27T14:20:32.000Z,strict_rule_relabel,training
ewallet_00579,Bad Experience.. Im trying to contact Customer Service but no response .. I dont know why my account was locked.. i cannot access my account and I cash in i didnt received any confirmation sms. i am so upsey and frustrated.. give me a refund,transfer_issue,GCash,Google Play (Kaggle public dataset),1,2019-02-10T03:20:04.000Z,strict_rule_relabel,training
ewallet_00580,I often get cash in issues from Paypal to Gcash.,transfer_issue,GCash,Google Play (Kaggle public dataset),1,2019-12-07T18:22:26.000Z,strict_rule_relabel,training
ewallet_00587,Please add seamansbook id. I dont have any I.D,feature_request,GCash,Google Play (Kaggle public dataset),3,2019-11-03T04:14:35.000Z,strict_rule_relabel,training
ewallet_00588,I cannot login to my account there is an error code NND7. Please fix this,account_access_issue,GCash,Google Play (Kaggle public dataset),1,2019-02-13T17:12:47.000Z,strict_rule_relabel,training
ewallet_00591,"i highly not recommend this one, this is not stable app. few months ago, i cashin and it didnt credit on the app it took me weeks before it reverted back to my bank account. then last night i tested it to check if theres no issue, guess what? i lost 100 pesos and it didnt credited on the app. luckily i tested it first. another 50 pesos got lost on this app... this app is a scam. lol... try it first with a small amount of money so that you wont regret after",transfer_issue,GCash,Google Play (Kaggle public dataset),1,2019-08-20T13:08:43.000Z,strict_rule_relabel,training
ewallet_00593,"Would've been nice if there's an option to ""Upload via Photo Gallery"" on the Scan QR. Also -- maybe an alert that will say, ""You have a valid Voucher that you may use with this purchase. Do you wish to proceed?"" coz sometimes people miss to click on ""Use Voucher"" before finally submitting the payment. *this is a suggestion, not a customer care concern. Unless you can give me a contact info of your Software Developer?",feature_request,GCash,Google Play (Kaggle public dataset),3,2019-11-19T04:31:01.000Z,strict_rule_relabel,training
ewallet_00594,Please add biometric (fingerprint/face) scanning for login option. It is more convenient for us users to have that.,feature_request,GCash,Google Play (Kaggle public dataset),5,2019-11-27T00:48:52.000Z,strict_rule_relabel,training
ewallet_00596,please add feature for reloadin beep card,feature_request,GCash,Google Play (Kaggle public dataset),3,2019-11-29T03:46:47.000Z,strict_rule_relabel,training
ewallet_00597,i think the application needs to be updated.. ilang attempt di gumana ung pay qr option.. it happened after i updated the app last december. ang tagl magscan ng qr vode madalas may error pa na qr string is invalid kahit dati lagi ko naman ginagamit and walang issue.. but over all the app is very convenient especially for paying bills,payment_failure,GCash,Google Play (Kaggle public dataset),3,2020-01-04T00:00:00.000Z,strict_rule_relabel,training
ewallet_00598,You're bank transfer is not working. How can we trust you as our banking partner?,transfer_issue,GCash,Google Play (Kaggle public dataset),1,2019-12-16T05:25:26.000Z,strict_rule_relabel,training
ewallet_00599,"they increased my gcredit however, i cant use it neither paying bill nor qr scan code. useless, i even inform them abt the issue and its been 2 weeks now still problem unresolved.",payment_failure,GCash,Google Play (Kaggle public dataset),1,2020-01-06T11:03:14.000Z,strict_rule_relabel,training
ewallet_00603,pake ayus naman po sana yung error ng pah cash in aa 7/11.hindi po ako maka cash.in..,transfer_issue,GCash,Google Play (Kaggle public dataset),1,2019-12-17T13:24:42.000Z,strict_rule_relabel,training
ewallet_00606,i cant open my account bec. it was locked .. bec of my MPIN.. i cant remember i made MY MPIN,account_access_issue,GCash,Google Play (Kaggle public dataset),1,2019-02-24T14:24:55.000Z,strict_rule_relabel,training
ewallet_00607,bank transfer/send money issue still unresolved. But we can cash in... hmmm,transfer_issue,GCash,Google Play (Kaggle public dataset),1,2019-12-18T14:34:00.000Z,strict_rule_relabel,training
ewallet_00610,My account was hacked. Nag shopping sa Lazada ang hacker. Buti na lang 1k lang laman. No security for your money. You need to change sim card and do the same verifications all over again to remove the hack. Not a very good experience.,security_concern,GCash,Google Play (Kaggle public dataset),1,2019-08-27T03:08:06.000Z,strict_rule_relabel,training
ewallet_00611,Im having troubles cashing into my GCash Account. Its saying that there is a (CSE2-500) Error. Help me please.,transfer_issue,GCash,Google Play (Kaggle public dataset),1,2019-02-25T02:30:13.000Z,strict_rule_relabel,training
ewallet_00613,"I can't access my Gcash app since the other day. is there some system maintenance going on Gcash? Edit Review: I was able to access my account by uninstalling and installing the app again, then I got blocked due to forgetting my MPIN, when I tried to recover my account thru ""forget MPIN"".nut its not sending me password :( changing the rate. problem solved.",account_access_issue,GCash,Google Play (Kaggle public dataset),4,2019-02-26T12:35:25.000Z,strict_rule_relabel,training
ewallet_00614,"I'm a little bit disappointed with GCash right now. Its been 3 days since I cant transfer money to my Coins.ph or Paymaya accounts using Bank Transfer on my Android phone just when I needed too. I've reached out to almost 3 customer service reps to help me with my problem but until now, no solution was made. I've done basic troubleshooting. I hope you make the new update real soon and i hope no more issues with money transfer. It sucks.",transfer_issue,GCash,Google Play (Kaggle public dataset),3,2019-12-22T12:27:44.000Z,strict_rule_relabel,training
ewallet_00616,"Super buggy. Sometimes opening the app takes a lot of time, error always pop up (ie null error), it takes time to load to some app pages (ie pay bills). A lot of people use this so at least improve your app and debugg as much as you can. This is a bit irritating to use.",payment_failure,GCash,Google Play (Kaggle public dataset),2,2020-01-14T08:00:52.000Z,strict_rule_relabel,training
ewallet_00624,Cant even change my mpin and cant withraw my remaining balance. Worst app ever We email already to g cash may times but it cant be resolve almost 3 days our money cant withraw this is a scam app. No customer service. No assurance that you can get your money .SCAM !,account_access_issue,GCash,Google Play (Kaggle public dataset),1,2019-08-31T07:49:12.000Z,strict_rule_relabel,training
ewallet_00625,"Generating Wrong transaction history. Unreliable customer service, they can't even provide me proper statement of account and cannot answer me properly. I loaded my friend here, she did not received but was deducted. Upon asking them they just passed me to their support system and has to wait for their email. I tried to use QR code before but not working so I waited at Rustans for 2hrs for it work but still not working so i just left my groceries though it was already punched at cashier. Badxp",payment_failure,GCash,Google Play (Kaggle public dataset),1,2020-01-15T13:34:24.000Z,strict_rule_relabel,training
ewallet_00626,very inconvinient! i forgot my pin and got locked. unable to login anymore. stupid customer care support. thumbsdown!,account_access_issue,GCash,Google Play (Kaggle public dataset),1,2019-02-27T00:39:58.000Z,strict_rule_relabel,training
ewallet_00631,"Useless! I got reverted back to basic user even though I updated my information and made sure my account is fully verified. Now I can't even get my allowance for this month because of this!! Kahit i-press ko ang ""Get fully verified"" sa app, ang lumalabas lang ay ""We received your application. Please allow up to 30 minutes for us to review your application"". Yung hotline niyo na robot ang nagsasalita, wala namang naitulong. Ang tagal din magrespond ng support team niyo. Shame on you!",feature_request,GCash,Google Play (Kaggle public dataset),1,2019-12-23T08:31:38.000Z,strict_rule_relabel,training
ewallet_00634,Loving it so far.. just little suggestions for the team; - Please add a finger print login. - Add history or transaction confirmation that we have successfully transferred funds from bank account to gcash. - Account avatar or should've link it to social media like Fb. - Add favorite for the contacts in Buy load feature for quick access. - And please make the ads or other information at the bottom part take less space than the upper part of the app. Thanks hope u hear this.,feature_request,GCash,Google Play (Kaggle public dataset),3,2019-12-24T21:53:52.000Z,strict_rule_relabel,training
ewallet_00635,How can i refund my paybill there is no sms confirmation even in my email..how many times i asked for help but no body could..first i tried to pay my bill and then transaction failed they said not deducted from my account and then suddenly i tried again its same failed then my money was was gone...hope u understand.ty,payment_failure,GCash,Google Play (Kaggle public dataset),1,2020-01-16T14:52:55.000Z,strict_rule_relabel,training
ewallet_00637,"can you help me get through with the error message. it always pops up everytime i want to log in using my mpin. i just updated it now but still i couldn't log in. how am i suppose to use gcash if i can't even log in? i was actually thinking to order a card but hey, guess it'll not happen no more. any help will be appreciated.",account_access_issue,GCash,Google Play (Kaggle public dataset),2,2019-02-28T01:39:08.000Z,strict_rule_relabel,training
ewallet_00638,Cash in not received. I cashed in and it got debited from my account but i didnt receive it in my gcash wallet. Please help.,transfer_issue,GCash,Google Play (Kaggle public dataset),1,2020-01-14T07:35:44.000Z,strict_rule_relabel,training
ewallet_00639,This app scammed me i cash in money but i didnt receive i ask for support then they respond for the info its been two day since their last response after i sent the info they needed,transfer_issue,GCash,Google Play (Kaggle public dataset),1,2019-09-05T10:55:45.000Z,strict_rule_relabel,training
ewallet_00640,Please include biometrics log in for faster transactions,feature_request,GCash,Google Play (Kaggle public dataset),3,2019-12-27T00:13:00.000Z,strict_rule_relabel,training
ewallet_00641,Very poor service. Always failing when using qr payments at grocery stores and bills payment. Chat support agents are also very useless.,payment_failure,GCash,Google Play (Kaggle public dataset),1,2020-01-20T01:33:02.000Z,strict_rule_relabel,training
ewallet_00642,My account is locked and I haven't set up my recovery account information. Gcash has just deducted a maintenance fee on my account and I cant even use it at least once! It's hard to communicate with your gcash care coz it's just keep on spaming and I tried to unlock and get a new MPIN but there's no progress.,account_access_issue,GCash,Google Play (Kaggle public dataset),1,2019-02-28T11:50:58.000Z,strict_rule_relabel,training
ewallet_00643,There was an error called CPC12-404 and it cant update my balance and i cant send money,transfer_issue,GCash,Google Play (Kaggle public dataset),2,2020-01-14T08:14:10.000Z,strict_rule_relabel,training
ewallet_00647,"For the second time around, in every update an error arises. Now , my cash in did not reflect on my account. So frustrating. I badly need the money for emergency and yet this happened. Customer assistance should be improved and not rely only on emailing you!!!",transfer_issue,GCash,Google Play (Kaggle public dataset),1,2020-01-16T08:45:58.000Z,strict_rule_relabel,training
ewallet_00650,pay QR NOT Working!!!!!!!,payment_failure,GCash,Google Play (Kaggle public dataset),1,2020-01-29T11:57:31.000Z,strict_rule_relabel,training
ewallet_00651,Madalas mag error sa cash in yun lang thanks..,transfer_issue,GCash,Google Play (Kaggle public dataset),4,2020-01-16T22:26:43.000Z,strict_rule_relabel,training
ewallet_00652,Not android 10 ready. Problematic app. Cant generate qr code,payment_failure,GCash,Google Play (Kaggle public dataset),1,2020-01-30T05:37:19.000Z,strict_rule_relabel,training
ewallet_00653,By the time i want to add cash in!! Its keep on ERROR! Maybe its been almost a year this issue!. RESOLVED THIS PLEASE!,transfer_issue,GCash,Google Play (Kaggle public dataset),1,2020-01-18T06:57:58.000Z,strict_rule_relabel,training
ewallet_00654,Please add shopee as well.,feature_request,GCash,Google Play (Kaggle public dataset),5,2020-01-15T00:22:19.000Z,strict_rule_relabel,training
ewallet_00655,Any problem now in g cash.i cant send money to g cash user....plsss help me...,transfer_issue,GCash,Google Play (Kaggle public dataset),3,2020-01-18T11:06:02.000Z,strict_rule_relabel,training
ewallet_00656,How can I access my account I haven't open it for almost a year? I've tried to forget MPIN option but it does not work. Don't have the answer to the security questions.,account_access_issue,GCash,Google Play (Kaggle public dataset),1,2019-09-19T01:54:27.000Z,strict_rule_relabel,training
ewallet_00657,Great app. Please add NFC Tap to Pay feature similar to Samsung Pay for faster payment. Please!,feature_request,GCash,Google Play (Kaggle public dataset),5,2020-01-15T22:18:12.000Z,strict_rule_relabel,training
ewallet_00658,"Its great at the beginning im bragging and recommending this app to my colleagues and friends , however, i encountered a couple of issue which ofcourse mostlikely to happen since its digital , i have issue with loads and money not received 3 times, then now i cant top up and do cash in through online banking with my linked cards did all the trouble shooting, update, clear cached and cookies, uninstall reinatall the app and then reboot my device but still my transaction was being declined .",transfer_issue,GCash,Google Play (Kaggle public dataset),1,2020-01-30T16:26:17.000Z,strict_rule_relabel,training
ewallet_00659,I cant cash in the money to my paypal to gcash even theres no problem on my paypal or even on my gcash account and my account in gcash is fully verified please help,transfer_issue,GCash,Google Play (Kaggle public dataset),2,2020-01-19T06:22:37.000Z,strict_rule_relabel,training
ewallet_00660,I hope they add the payment of professional tax as well,feature_request,GCash,Google Play (Kaggle public dataset),5,2020-01-17T22:02:24.000Z,strict_rule_relabel,training
ewallet_00661,Always delay yung pag cash in lalo na kapag kailangan na kailangan mo,transfer_issue,GCash,Google Play (Kaggle public dataset),1,2020-01-20T11:50:06.000Z,strict_rule_relabel,training
ewallet_00662,"We are unable to Cash-in. When we do, it logs us out due to security purposes. Is there a fix?",transfer_issue,GCash,Google Play (Kaggle public dataset),1,2019-09-19T19:40:52.000Z,strict_rule_relabel,training
ewallet_00666,"i had a lot of failed transactions with them. I called them hundreds of times and every time, they just told me to wait. so much inconvenience from them. had a lot of late payments because of gcash, not to mention a bunch of bank transfer errors that takes forever to be reversed. DEFINITELY NOT RECOMMENDED",transfer_issue,GCash,Google Play (Kaggle public dataset),1,2020-01-27T05:35:00.000Z,strict_rule_relabel,training
ewallet_00667,"Sa totoo lang, hindi na convenient gamitin ang apps na ito. Pati mismong globe, nakakaloko na. Lagi walang signal. Laging failed sa bills payment or kahit ano mang transactions. Nakakairita. Dapat ayusin nyo naman. Nagbabayad naman kami ng tama. Edit: still not processing pay bills for me. Hay naku.",payment_failure,GCash,Google Play (Kaggle public dataset),1,2020-02-04T04:49:17.000Z,strict_rule_relabel,training
ewallet_00668,Bakit may delay sa bank transfer. Sana nagabiso kagad hindi yung nakapagtransact na tsaka magsesend ng reminder about the delay!!!,transfer_issue,GCash,Google Play (Kaggle public dataset),1,2020-01-27T11:43:29.000Z,strict_rule_relabel,training
ewallet_00669,"Add more security features and authentications please upgrade your security!! Make the MPIN 6 or 8 digits , 4 digits can easily hacked. Add features that if you need to change your MPIN, you need to verify it or get authentication code thru your email or phone number!!!",account_access_issue,GCash,Google Play (Kaggle public dataset),1,2019-09-22T16:59:14.000Z,strict_rule_relabel,training
ewallet_00674,pay QR/barcode not functioning on Huawei Nova 5T. error lagi internet connection.. wala naman problem sa data/wifi internet. sa ibang phone ok naman using same account and app version already tried clear cache/data and reinstall pero ganun parin. already submitted ticket pero wala pading update Gcash App version: 5.24.1:498 Android version: 10 Update: now fixed on latest update,payment_failure,GCash,Google Play (Kaggle public dataset),5,2020-02-05T16:36:44.000Z,strict_rule_relabel,training
ewallet_00675,[GCash Help Center] Cash In Not Received!!! - (#8395164) Work on my ticket immediately! Give me my money back!!!,transfer_issue,GCash,Google Play (Kaggle public dataset),1,2020-02-02T01:13:53.000Z,strict_rule_relabel,training
ewallet_00677,"You ad about pay your overdue bill is 100% false advertisement. I raised a ticket to your support about this due a to a certain error I'm getting when trying to make a payment. You guys replied "" We would like to inform you that paying bills thru GCASH must be at least 5 days before the due date"". I was like "" WHAT !!!"" So where is your PAY YOUR OVERDUE BILL here?",payment_failure,GCash,Google Play (Kaggle public dataset),1,2020-02-06T12:13:14.000Z,strict_rule_relabel,training
ewallet_00679,Scam hindi dumating yong cash in ko sa paypal ko na 500 pesos,transfer_issue,GCash,Google Play (Kaggle public dataset),1,2019-09-27T07:32:59.000Z,strict_rule_relabel,training
ewallet_00680,Please add a finger print to access Gcash,feature_request,GCash,Google Play (Kaggle public dataset),4,2020-02-03T09:48:59.000Z,strict_rule_relabel,training
ewallet_00683,Etong app na to paurong eh imbes na mag-improve palala ng palala service. Sobrang delayed pag bigay ng code pag magc-cashin sa lazada at shopee! Mab-bwisit ka lang kakahintay!,transfer_issue,GCash,Google Play (Kaggle public dataset),1,2020-02-22T06:42:22.000Z,strict_rule_relabel,training
ewallet_00684,"I had a non-posting problem with my SSS Loan payment before via *143# and now it happened again with my husband's SSS contribution payment via GCash App, because of the ""unexpected error due to poor internet connection"" during the transaction. But the amount was deducted from my GCash balance and notified me via SMS that it was processed. The SSS PRN is posted real time upon successful payment transaction, obviously mine was not. This is SO FRUSTRATING!",payment_failure,GCash,Google Play (Kaggle public dataset),1,2020-02-08T15:46:34.000Z,strict_rule_relabel,training
ewallet_00686,Delayed Credit of Cash in from Gsave money account. Frustrating and it takes almost a week to resolved the issue now i'm suffering cause of this problem until now i cant cash out my money due to exceed load wallet f****** common whats happening. for the 2nd time around it happen again. for sure im waiting again another days to resolved the issue. Tired of to use this app!!!!,transfer_issue,GCash,Google Play (Kaggle public dataset),1,2020-02-27T04:38:40.000Z,strict_rule_relabel,training
ewallet_00687,please bring back the load prepaid to gcash option.. everyone will love it,feature_request,GCash,Google Play (Kaggle public dataset),5,2020-02-11T06:44:22.000Z,strict_rule_relabel,training
ewallet_00688,Grabi lang talaga. Ilang linggo na di pa din naaayos ung reversal ng double transaction ko! And worst mukhang nakablock na number ko sa hotline nila kaya di na makaget through!! Ano pagbabayarin nyo mga customer nyo pero di nyo naman mabigyan ng action pag may problema!! I will not pay for it nalang since wala naman din kayo action!!,payment_failure,GCash,Google Play (Kaggle public dataset),1,2020-02-09T04:50:12.000Z,strict_rule_relabel,training
ewallet_00689,"I get anxious everytime I have to use this app. I didn't receive my cash in last Feb 24 and it's already been 7 days and I still didn't get my money back. Sent numerous chats and emails and I keep getting told to wait. I really wanted to love GCash because it's convenient but if I'm always scared to cash in because of errors, then what's the point?",transfer_issue,GCash,Google Play (Kaggle public dataset),1,2020-03-03T21:35:13.000Z,strict_rule_relabel,training
ewallet_00690,not good. coz im trying to asked for gcash assistance to unlock my gcash account and up to know i cannot log in. i tried to dial *143# and ask for recovery pin info. but mentioned sorry cannot proceed and try after minutes. i keep waiting and still same issue. i called also 2882 but the voice message informed dial *143# for assistance,account_access_issue,GCash,Google Play (Kaggle public dataset),2,2019-03-19T03:35:32.000Z,strict_rule_relabel,training
ewallet_00691,Maganda ung gcash ang problema kpg mag cash out ka DHL nga wla Kang gcash card pag ppunta ka sa cebuana d na dw nag tanggap NG gcash Pati sa Palawan tpos etong gcash na toh kapg mag cash out ka nmn sa villarica d ka Maka pag cash out BAKIT? ksi dw parang offline Ata or my problema sa gcash WOW 3 DAYS NKONG TENGA SA VILLARICA PARA MAG CASH OUT NG GCASH PERO HANGANG NGAUN D PA DN AKO NAKKAPG CASH OUT LALO NA PAG EMERGENCY D MO MA CASH OUT,transfer_issue,GCash,Google Play (Kaggle public dataset),1,2020-03-05T10:39:17.000Z,strict_rule_relabel,training
ewallet_00692,"you guys are SCAM!!! I CASH IN YESTERDAY THROUGH MY ONLINE BPI ACCOUNT AND GET A CONFIRMATION THAT I TRANSFER THE FUNDS SUCCESSFULLY , MY BPI ACCOUNT HAS ALREADY DEDUCTED BUT NO FUNDS CASH IN MY GCASH ACCOUNT. I CHAT TO SEVERAL CHAT SUPPORTS BUT NONE OF THEM FIX MY ISSUE! I THOUGHT THIS APP IS FOR CONVENIENCE BUT ITS A HELLA NIGHTMARE EXPERIENCE!! I AM SO MAD BECAUSE I SUPPOSED TO USED THE FUNDS TO LOAD MY PHONE AND CALL MY MOM FOR EMERGENCY BUT YOU ADD MORE STRESS TO ME!! GIVE ME BACK MY MONEY!",transfer_issue,GCash,Google Play (Kaggle public dataset),1,2019-10-04T02:58:36.000Z,strict_rule_relabel,training
ewallet_00693,Unable to pay my electric bill. It prompts me that the account number is invalid. Sad.,payment_failure,GCash,Google Play (Kaggle public dataset),1,2020-02-16T09:43:02.000Z,strict_rule_relabel,training
ewallet_00694,"I can't log in every time na mag iinput ako ng number ko hindi nag aappear ang keyboard ko. Nakailang patay na ko ng phone, install uninstall ng gcash!",account_access_issue,GCash,Google Play (Kaggle public dataset),1,2019-03-19T10:38:54.000Z,strict_rule_relabel,training
ewallet_00695,"I love GCASH! Very helpful for your everyday living. Just want to give some few recommendation to help make your app more convenient and fun: Hope you would consider upgrading bills payment by using QR Strings; In case your guests ran out of load (out of nowhere, no wifi area), I wish we can use Facebook Messenger App to buy prepaid loads since their app have free features even though you don't have any load balance preferably include your exclusive load promos. Thanks!",payment_failure,GCash,Google Play (Kaggle public dataset),5,2020-02-19T03:42:08.000Z,strict_rule_relabel,training
ewallet_00696,"App usually does not function well. And usually when paying bills. Wow. Current issue: whenever you try to pay your bills, ""Amount requested is too large"" error is popping up. Been 1 wk like this. When you try to email support, they just do pingpong emails asking this and that. Go to paymaya instead",payment_failure,GCash,Google Play (Kaggle public dataset),1,2020-02-16T09:44:57.000Z,strict_rule_relabel,training
ewallet_00697,please help! i can't log in to my gcash app. it keeps on loading even i have a strong internet connection,account_access_issue,GCash,Google Play (Kaggle public dataset),5,2019-03-19T11:56:50.000Z,strict_rule_relabel,training
ewallet_00699,I'm novise will see if there is good happening first then I make suggestion,feature_request,GCash,Google Play (Kaggle public dataset),5,2020-02-20T07:30:23.000Z,strict_rule_relabel,training
ewallet_00700,Everytime we pay for any transaction.. always ean error.. not available.. did is not usable for emergdncy purposes... fix your app!!!,payment_failure,GCash,Google Play (Kaggle public dataset),1,2020-02-16T11:13:04.000Z,strict_rule_relabel,training
ewallet_00703,I can't cash in. I'm receiving na error message UYF2-500,transfer_issue,GCash,Google Play (Kaggle public dataset),5,2020-03-11T07:34:18.000Z,strict_rule_relabel,training
ewallet_00704,Bad experience on this one. The app made me pay from borrowing a load which didnt appear on my transaction history nor i remember borrowing a load from this app. i was surprised because they deducted a payment on my balance without informing me and when i asked the gcash help center they just gave me the date but no details about it. I cannot trust it anymore. No security,payment_failure,GCash,Google Play (Kaggle public dataset),1,2019-10-06T05:42:11.000Z,strict_rule_relabel,training
ewallet_00706,"Updated review (03/05/20): The app keeps kicking/logging me out even though I'm only using it on a single device. Also, I hope the devs add more health/fitness apps that I can link or sync my GCash app with, because right now I'm using the Mi Fit app and I can't sync my progress, which is just unfortunate.",feature_request,GCash,Google Play (Kaggle public dataset),3,2020-03-05T11:10:52.000Z,strict_rule_relabel,training
ewallet_00707,I will give you 1 star .. I transfered money from gcash to my bank . It didnt appear on my bank account but gcash removed the amount from my gcash money. You told me to wait 3-5 days and i also went to my issuing bank to follow up . Its now 14 days since my transaction . I still didnt receive the money back. I want to cancel the transaction but You always say you are escalating the issue. But i dont see any resolution. How can still trust gcash . Is there anyone can help me in this matter.,transfer_issue,GCash,Google Play (Kaggle public dataset),1,2020-02-28T11:28:01.000Z,strict_rule_relabel,training
ewallet_00708,hi g cash. i cannot log in to my g cash i forgot my Mpin. my account was blocked.,account_access_issue,GCash,Google Play (Kaggle public dataset),4,2019-03-22T02:02:50.000Z,strict_rule_relabel,training
ewallet_00709,"Gcash is good and convenient. But I experience worst customer service from them. I wasn't able to process my payment as well through online. Whenever they have an update, everything is not doing good. From paying online, withdrawal of funds, and I am having an error as well whenever I tried to send money to a bank account.",transfer_issue,GCash,Google Play (Kaggle public dataset),1,2020-03-11T12:44:38.000Z,strict_rule_relabel,training
ewallet_00710,this is a 100%scam..once you cash in you cant cash out''they disabled their connnection to all pawnshop partners .. i cant widraw my cash...its so very disgusting!.dont download this app..or else your money will no longer be yours'',transfer_issue,GCash,Google Play (Kaggle public dataset),1,2019-10-07T07:32:30.000Z,strict_rule_relabel,training
ewallet_00711,"Please add more ID for verification options, like Police and NBI clearance.",feature_request,GCash,Google Play (Kaggle public dataset),2,2020-03-08T16:25:13.000Z,strict_rule_relabel,training
ewallet_00717,App is a working fine and performs its intended function properly. By i hope you can re-add its previous ability to be used even without data balance? I'm using it to buy load but what if i run out of balance before i can buy load? Such a hassle. I liked it before when i can use it anywhere even just for the buy load option. Yes i know i can use the *143# option but you removed the rebates when you use that.,feature_request,GCash,Google Play (Kaggle public dataset),4,2020-03-11T04:49:33.000Z,strict_rule_relabel,training
ewallet_00718,"Used to be okay. But now, its too slow and more often than not cash-in from BPI to GCash is a mess. I'm adding one more flaw on this.... it is now eating money. I paid using my GCash Card, the transactions didn't go through, twice. And I received a text message that my account was debited twice, each worth P1211. And I quickly verify my account, lo and behold, I lost P2422.",transfer_issue,GCash,Google Play (Kaggle public dataset),1,2020-02-29T23:05:46.000Z,strict_rule_relabel,training
ewallet_00719,I forgot my mpin and i can't sign in. Should have provided other ways to unlock my app,account_access_issue,GCash,Google Play (Kaggle public dataset),1,2019-03-25T12:24:22.000Z,strict_rule_relabel,training
ewallet_00721,I cashed in yesterday in a 7/11 kiosk and its already more than 24 hours still i did not receive it in my account. I tried to follow up and the response from the kiosk is that gcash has no response in the problem as of the moment.That i was suppose to pay bills but because of what happened im already delayed for it. I emailed g cash yet they have very slow responce and you have to mail them again another details of ur query upon their first response in which you did upon messaging them. Negative,payment_failure,GCash,Google Play (Kaggle public dataset),1,2020-03-11T03:05:00.000Z,strict_rule_relabel,training
ewallet_00722,"What is happening Globe?! I always use cash in to have cash in Gcash app. I just use now, the money debited on my card link but missing in gcash?? its 5K i just cash in! Really? in times of this crisis where is the money why its not yet credited on my gacsh app?! how can i get my 5k ?!",transfer_issue,GCash,Google Play (Kaggle public dataset),1,2020-03-22T03:50:50.000Z,strict_rule_relabel,training
ewallet_00724,"my account was locked told to press ""forgot mpin"" then receive a message to give you intructio to say click ""forgot mpin"" chat suppport is not helpful still my account os locked for more than 6 months",account_access_issue,GCash,Google Play (Kaggle public dataset),1,2019-03-29T07:14:56.000Z,strict_rule_relabel,training
ewallet_00725,"unable to use Gcash for 4 months now. I am a fully verified account when looking at the gcash profile in the menu, but the app says that I am not fully verified whenever I attempt to do a bank transfer and cash in using BPI. I called if its a system error, they said it was fine. I gave technical support a lot of time and send a video regarding my situation but still no resolution. I ask friends to transfer money to my gcash and pay them in cash, just so that I can pay bills. very inconvenient.",transfer_issue,GCash,Google Play (Kaggle public dataset),1,2020-03-28T05:40:45.000Z,strict_rule_relabel,training
ewallet_00726,"Horrible app. Terrible support. The most inconvenient way to send money to the same gcash user. The scary part was they were asking for a certain SPI data that isn't a part of your inquiry. You need to upload your IDs several times and still not get a feature working for you. I wish they would fix this if not you are better off with a different app, one time verification with all functions ready than this.",transfer_issue,GCash,Google Play (Kaggle public dataset),1,2020-03-12T00:58:10.000Z,strict_rule_relabel,training
ewallet_00731,unable to login to my current gcash account. was prompted to update it but it's still not working.,account_access_issue,GCash,Google Play (Kaggle public dataset),1,2019-03-29T10:13:35.000Z,strict_rule_relabel,training
ewallet_00732,always pending my cash in,transfer_issue,GCash,Google Play (Kaggle public dataset),1,2020-04-06T15:28:15.000Z,strict_rule_relabel,training
ewallet_00734,Very disapointed to GCASH Account Im trying to pay my bills via gcash but my transaction in paying is failed and not relfect to the payment yet deducted to my account.. im trying to reach them out after this incident last friday and able to transact on monday but still until today i have no clarification if my money will came back to my account and the agony of adding interest charges to me by the merchant Please .. 3000 is 3000.,payment_failure,GCash,Google Play (Kaggle public dataset),1,2020-03-25T11:13:40.000Z,strict_rule_relabel,training
ewallet_00735,"Even after trying to follow troubleshooting steps from support, I still can't cash in large amounts from PayPal. This issue only started happening to me after the enhanced community quarantine went into effect. I'll update this review if they (gcash) can actually help solve my problem.",transfer_issue,GCash,Google Play (Kaggle public dataset),1,2020-04-09T19:33:12.000Z,strict_rule_relabel,training
ewallet_00738,I am now wondering why other bank app cannot do what this app can do extensively. Transfer to other banks via instapay. Easy reload options. Easy cash in. Sure it has errors sometimes but no app is perfect.,transfer_issue,GCash,Google Play (Kaggle public dataset),5,2020-04-10T03:11:33.000Z,strict_rule_relabel,training
ewallet_00739,Can't log in. When I am going to enter my mpin it keep saying error code HJL3. What is that suppose to mean?,account_access_issue,GCash,Google Play (Kaggle public dataset),1,2019-04-01T01:52:42.000Z,strict_rule_relabel,training
ewallet_00744,"I like how convenient transactions are, if there's no issue. But if you have any issues. It will take FOREVER for them to refund an unsuccessful transaction. So, a 3 for me.",payment_failure,GCash,Google Play (Kaggle public dataset),3,2020-04-09T04:18:23.000Z,strict_rule_relabel,training
ewallet_00745,ive been trying to contact gcash because of my mpin but they wont respond. now my account is locked. what is going on?,account_access_issue,GCash,Google Play (Kaggle public dataset),1,2019-04-03T10:13:37.000Z,strict_rule_relabel,training
ewallet_00746,It was working fine till I wasn't able to cash in from my debit card. I keep getting an error message saying I need email customer support. I've already emailed them but no feedback. I can't settle my balances and bills.,transfer_issue,GCash,Google Play (Kaggle public dataset),1,2020-04-16T06:17:28.000Z,strict_rule_relabel,training
ewallet_00747,"Edited: from -1 to 2 atleast now i can load my wifi and data, but still, too much system update at most times i need it. and also, why is it only 15 days for homeboost 599 when it should be 30 days. SCAM? ---- I can't transfer my prepaid load to gcash. i dont hava f***ing idea why. And now i can't even log in. hate hate hate. Like -1!!",transfer_issue,GCash,Google Play (Kaggle public dataset),2,2019-10-21T18:58:46.000Z,strict_rule_relabel,training
ewallet_00749,"Email support people are not smart. For example, I emailed about bills payment error and got back with instructions how to login. Lol pinoy nga naman.",payment_failure,GCash,Google Play (Kaggle public dataset),1,2020-04-11T09:06:06.000Z,strict_rule_relabel,training
ewallet_00750,"It's such a hassle, I did not see the semi verification option on this app now, I failed the full verification, and I can't send money on this most important times. Is semi verification still available, where is it? I have more than P4,000 on my account and I can't send money to my family because of this.",transfer_issue,GCash,Google Play (Kaggle public dataset),1,2020-04-18T04:55:38.000Z,strict_rule_relabel,training
ewallet_00752,"My account is locked and I don't have Mpin yet so how can I unlocked it... I already do everything that you said but still you giving me an another unuseful page,web etc.",account_access_issue,GCash,Google Play (Kaggle public dataset),5,2019-04-04T05:34:53.000Z,strict_rule_relabel,training
ewallet_00755,most of my transactions were delayed for couple hours. I also use send money option as a payment and due to the delay it almost cause some trouble. E-loading were also delayed. Not so happy with this application.,transfer_issue,GCash,Google Play (Kaggle public dataset),2,2020-04-19T13:17:19.000Z,strict_rule_relabel,training
ewallet_00759,What is wrong with gcash right now. It always says that it's an error when I try to open the app. I still have a lot of money in there. Please fix these. Another problem is why the buy load section is unavailable. As I have cash in so that it would be no hassle from me to buy load and yet it is unavailable,transfer_issue,GCash,Google Play (Kaggle public dataset),2,2020-04-21T08:35:37.000Z,strict_rule_relabel,training
ewallet_00763,Almost always undergoing maintenance. Please fix your system .. I cash out and I have not received the money.. i recieved notification that I still have to wait 1-2 business days to get my money back.,transfer_issue,GCash,Google Play (Kaggle public dataset),1,2020-04-21T15:14:04.000Z,strict_rule_relabel,training
ewallet_00765,it is nice. but my suggestion might ihope it has more partnership in other shools. it will help,feature_request,GCash,Google Play (Kaggle public dataset),4,2020-04-10T11:52:25.000Z,strict_rule_relabel,training
ewallet_00767,Gcash is a great help for me. But I have encountered a problem few months from now. I can't cash in. Please advise. Thanks,transfer_issue,GCash,Google Play (Kaggle public dataset),4,2020-04-24T07:27:41.000Z,strict_rule_relabel,training
ewallet_00769,Please add some features that we can buy netflix codes. Thank you,feature_request,GCash,Google Play (Kaggle public dataset),4,2020-04-11T11:00:26.000Z,strict_rule_relabel,training
ewallet_00771,Please fix my problem.. nag cash in ako sa 7leven. Kanina bandang 8.pm pero wala nmn pumasok sa gcash.1000 pesos ang cash in ko.pls..pakicheck nmn po..possible po ba na mahack ang gcash ko?,transfer_issue,GCash,Google Play (Kaggle public dataset),4,2020-04-24T14:58:30.000Z,strict_rule_relabel,training
ewallet_00772,I forgot my MPIN and security question and they just give one time attempt to recover my account and do it again for 24hours? Can you guys just make it easy for users to recover their MPINs easily? We dont want to have chat with your customer service that takes a lifetime to reply for just MPIN recovery. Please I heard a lot of good things about your app but i leave 1 star for now cus honestly your app sucks.,account_access_issue,GCash,Google Play (Kaggle public dataset),1,2019-10-31T15:35:06.000Z,strict_rule_relabel,training
ewallet_00773,Everytime im log in they keep on saying that there is an error or wrong password,account_access_issue,GCash,Google Play (Kaggle public dataset),1,2019-04-07T23:17:01.000Z,strict_rule_relabel,training
ewallet_00774,have a problem logging in and also i cant cash out and also bad customer service i sent a message but no response.,transfer_issue,GCash,Google Play (Kaggle public dataset),1,2020-04-25T00:56:08.000Z,strict_rule_relabel,training
ewallet_00775,Account recovery not working! Imagine putting money on your account and you forgot your mpin. SCAM,account_access_issue,GCash,Google Play (Kaggle public dataset),1,2019-11-01T02:27:17.000Z,strict_rule_relabel,training
ewallet_00782,Paki aus ung problem ko now sa gcash nag email na ako sa inyo about unauthorized cash out bigla nababawasan ung laman ng mastercard ko ng d ko ginagamit,transfer_issue,GCash,Google Play (Kaggle public dataset),1,2019-11-05T08:44:49.000Z,strict_rule_relabel,training
ewallet_00784,"What's going on? Why the cash in option is not working? I have to put some money on it to send it to my family who need cash so they can buy their essential things like food. It's been a couple of days now and your not doing anything to fix this issue. Also, there's no way for all of your customers to contact you other than dialing your number in a telephone. I'm frustrated now so please do something. Your app is the only way I have now to send money to my family.",transfer_issue,GCash,Google Play (Kaggle public dataset),1,2020-05-01T00:17:15.000Z,strict_rule_relabel,training
ewallet_00785,Bakit hindi makapag transfer sa bank ang gcash. Kahapon pang unavailable until now its not working.. Bkt anong dahilan..?,transfer_issue,GCash,Google Play (Kaggle public dataset),1,2020-05-01T00:41:30.000Z,strict_rule_relabel,training
ewallet_00786,please add more rebates on buying load...,feature_request,GCash,Google Play (Kaggle public dataset),1,2020-04-15T12:47:01.000Z,strict_rule_relabel,training
ewallet_00787,"I was skeptical to use this app as I've heard issues about it but tried anyway. Today, I had experience it firsthand as I was trying to pay bills, it has an error message so I thought I would just try again later, but upon checking my balance was already deducted, I have't received an email or it is not seen in my transaction history.Whilst, I am very disappointed with the application.",payment_failure,GCash,Google Play (Kaggle public dataset),1,2020-04-30T15:21:02.000Z,strict_rule_relabel,training
ewallet_00788,Always gets error.... I think I don''t want to cash in bigger amounts because of this.,transfer_issue,GCash,Google Play (Kaggle public dataset),1,2020-05-01T01:45:44.000Z,strict_rule_relabel,training
ewallet_00790,"can't log in to my account , i try to contact the Gcash care but it is not responce",account_access_issue,GCash,Google Play (Kaggle public dataset),1,2019-04-19T14:20:52.000Z,strict_rule_relabel,training
ewallet_00792,Hack!!! Gcash is not safe anymore!!! Someone is hacking my account!!! Ive lost my money!!! Fix this GCASH!!!,security_concern,GCash,Google Play (Kaggle public dataset),1,2019-11-10T01:41:17.000Z,strict_rule_relabel,training
ewallet_00793,"I've been a satisfied user of this app. But recently, I cash in last May 1, 2020 with a huge amount but it was not credited to my account! This is very frustrating! The help center seems neglecting their job!",transfer_issue,GCash,Google Play (Kaggle public dataset),1,2020-05-03T03:36:41.000Z,strict_rule_relabel,training
ewallet_00794,"Send money transaction, unauthorized send money, pano maibabalik sakin ang na send",transfer_issue,GCash,Google Play (Kaggle public dataset),4,2019-11-11T12:11:34.000Z,strict_rule_relabel,training
ewallet_00796,"I am so disappointed with this app is this a scam? i can't open the app to buy load every attempt i make you keep sending me messages that i have enetered my MPiN several times it is because the 1 i expect to display is i can buy load but to no avail all the time. I am so irritated. When will you improve your services. I have deposited an amount so i can send load but still i can't do it, it's not working at all. What will you do now i will get back my money and uninstall your app it's useless.",account_access_issue,GCash,Google Play (Kaggle public dataset),1,2019-11-13T04:51:18.000Z,strict_rule_relabel,training
ewallet_00797,"bad customer service.. I was account locked then I emailed support, tried to call their number answered all their questions but nothing happened.",account_access_issue,GCash,Google Play (Kaggle public dataset),1,2019-04-22T00:36:17.000Z,strict_rule_relabel,training
ewallet_00798,I never remember that ive been with this app before now i want to download it and tried to register my number but suddenly i figure out that my number is already register and i dont know what would be the MPIN hope someone could help me out with this kind of issue,account_access_issue,GCash,Google Play (Kaggle public dataset),1,2020-04-21T02:17:01.000Z,strict_rule_relabel,training
ewallet_00799,"I was skeptical to use this app as I've heard issues about it but tried anyway. Today, I had experience it firsthand as I was trying to pay bills, it has an error message so I thought I would just try again later, but upon checking my balance was already deducted, I have't received an email or it is...",payment_failure,GCash,Google Play (Kaggle public dataset),5,2020-05-07T14:17:46.000Z,strict_rule_relabel,training
ewallet_00800,"At first, I'm happy in using the app because I can send money to my family without going to bank. However, this month is very dissappointing. It won't let me cash in, I always got an error to contact gcash support. But this gcash support is not helpful. I hope this will be fix. It's very frustrating!",transfer_issue,GCash,Google Play (Kaggle public dataset),1,2020-05-03T14:38:19.000Z,strict_rule_relabel,training
ewallet_00801,"I forgot my MPIN because last year was the last time I used Gcash. My account is now locked. With me having the number, It's still needed to message the gcash care to which I did. I even send them an email to resolve the issue. It took too long for them to respond. I'm trying to be patient but week had passed. I'm waiting for the updates and still none. I message in the messenger but it was unseen and no reply at all. I provided all the necessary information already. Please improve your service!!",account_access_issue,GCash,Google Play (Kaggle public dataset),1,2019-04-23T08:31:16.000Z,strict_rule_relabel,training
ewallet_00805,Hindi ko ma cash out ang padala sakin pang bili ng gatas yun puro problema na nga dumadagdag pa kayo,transfer_issue,GCash,Google Play (Kaggle public dataset),1,2020-05-05T04:07:55.000Z,strict_rule_relabel,training
ewallet_00806,its a scam until now im waiting for your update about my cash in through remittance MoneyGram give back my money i cash in worth 17300pesos but nothing comes in my gcash wallet and when i trach my remittance online ot says that its already picked uo by the reciever bit nothings comes in..and when i told my sended to chech the MoneyGram In US told them that ots already picked up by me.. Give back my money.. i need update i keep sending email and kepp calling you but no answer.,transfer_issue,GCash,Google Play (Kaggle public dataset),1,2019-11-16T06:36:17.000Z,strict_rule_relabel,training
ewallet_00810,"last week i log out and i open today and and i put the correct mpin and it said wrong mpin and i tried it multiple times and boom ""the account is locked"" it has 20.0 balance, worse and poor app ever...",account_access_issue,GCash,Google Play (Kaggle public dataset),1,2019-04-26T13:56:47.000Z,strict_rule_relabel,training
ewallet_00811,Always problem at the system and a lot of my cash in was not give me the good service,transfer_issue,GCash,Google Play (Kaggle public dataset),1,2020-05-10T03:09:05.000Z,strict_rule_relabel,training
ewallet_00812,"This is so pissing. It asks me for an mpin that I didn't have before. Please fix this issue, It even ask me for some security questions that I didn't know the answer! I didn't put any answers in my gcash account security questions. I just created a new one today.",account_access_issue,GCash,Google Play (Kaggle public dataset),1,2019-11-19T08:18:36.000Z,strict_rule_relabel,training
ewallet_00813,"Gcash was so amazing, so convenient, but later on I experience a problem, I bought load and paid for it but I did not receive anay, I did it again and again but I did not receive the load, How painful wasting 50 pesos for a couple of times so painful , I wish I could refund that buy I dont know , because gcash text says successful buy still no load received.",payment_failure,GCash,Google Play (Kaggle public dataset),1,2020-04-25T16:21:56.000Z,strict_rule_relabel,training
ewallet_00814,"Pls fix your business dont play to scam people. I cash in 4999 in my Gcash, then I transferred to my bank account 5050, it was deducted to my gcash account, but it wont go through to my bank but the 400 pesos only that i sent the same day was go through in my bank, I received a message that i will be late for 2 days and rest assured that it will send back to my GCASH account. This morning I received in my view HISTORY in gcash, said! The money is in BILLCOLLECT. Bill collect? It should be in my bank details right? Why the 400 pesos the details appear sent to my Bdo account. Come on pls. Dont tell me its another scam happening here.",transfer_issue,GCash,Google Play (Kaggle public dataset),2,2019-11-20T05:09:55.000Z,strict_rule_relabel,training
ewallet_00816,my account is locked. i typed my mpin but it won't let me logg in,account_access_issue,GCash,Google Play (Kaggle public dataset),1,2019-04-30T06:08:14.000Z,strict_rule_relabel,training
ewallet_00817,Paypal cashin always not working. Very disappointing.,transfer_issue,GCash,Google Play (Kaggle public dataset),2,2020-05-16T03:20:46.000Z,strict_rule_relabel,training
ewallet_00818,Gago kayo mga taga GCASH!! Ano yon sasabihin nyo agad fraudulent account?? Without due process?? Gago kayo magnanakaw kayo!! Ipaparating tlaga namen eto autoridad!!! Mga magnanakaw kayo!!!!,security_concern,GCash,Google Play (Kaggle public dataset),1,2019-11-21T04:54:41.000Z,strict_rule_relabel,training
ewallet_00819,i can't register because of MPIN....PLS FIX THIS!!!!!!!!,account_access_issue,GCash,Google Play (Kaggle public dataset),1,2019-04-30T22:25:26.000Z,strict_rule_relabel,training
ewallet_00820,Malaki bawas pag nag cash in.. delay ibigay ang voucher code pag nag top up kmi sa wallet nmin kailangan pa nman sa hanap buhay.. tawagan mo tagal sumagot,transfer_issue,GCash,Google Play (Kaggle public dataset),1,2020-05-16T07:11:34.000Z,strict_rule_relabel,training
ewallet_00821,"The apps seems useful.however, most of the time it is unavailable. And having issue in cash in.",transfer_issue,GCash,Google Play (Kaggle public dataset),1,2020-05-16T14:24:14.000Z,strict_rule_relabel,training
ewallet_00825,"3 stars for now ,its been one week still my Gcash is locked i already send my msg. and do the things they say...bt still my account is locked hope u will help me to recover my account gve me pls a tmporry MPIN thanks.",account_access_issue,GCash,Google Play (Kaggle public dataset),3,2019-05-03T03:43:30.000Z,strict_rule_relabel,training
ewallet_00828,Full of errors. Can't cash out anywhere.,transfer_issue,GCash,Google Play (Kaggle public dataset),1,2020-05-28T03:32:08.000Z,strict_rule_relabel,training
ewallet_00829,"Very slow support, cash in problem unresolved.",transfer_issue,GCash,Google Play (Kaggle public dataset),1,2020-05-29T05:17:53.000Z,strict_rule_relabel,training
ewallet_00833,"I really can't figure out what's happening. When I log in, after inputting the MPIN, it always says my account is locked. HOW CAN I UNLOCK IT???",account_access_issue,GCash,Google Play (Kaggle public dataset),1,2019-05-08T05:47:06.000Z,strict_rule_relabel,training
ewallet_00836,i cannot log in my account in this latest update. always says error !,account_access_issue,GCash,Google Play (Kaggle public dataset),1,2019-05-09T02:43:24.000Z,strict_rule_relabel,training
ewallet_00837,"Very user-friendly app. I hope GCash debit mastercard becomes free of charge soon. Also, please allow payments (thru GCash app) for SSS contributions and salary loans. Most eWallets only allow payments for SSS contributions. I've been looking for an eWallet app that can facilitate salary loan payments, but I only found ""Moneygment"" app and they are charging Php25.00 per transaction. I hope GCash will soon add this feature and if possible on a much lower charge fee.",feature_request,GCash,Google Play (Kaggle public dataset),4,2020-05-12T09:40:59.000Z,strict_rule_relabel,training
ewallet_00838,"Hello, 3 stars. because i can't pay my meralco bill right now. can anyone fix this problem? i already input correct meralco ref number but it keeps saying INVALID.",payment_failure,GCash,Google Play (Kaggle public dataset),3,2020-05-24T04:45:18.000Z,strict_rule_relabel,training
ewallet_00842,secured and instant transaction. The only problem is that there is no real service representative staff only recorded voice messages even with their chat service. I will give 5 star if you offer 10% discount again in using your app for payment and if you'll hire a real service representative. Robots won't answer our problems it is just making us more problematic.,payment_failure,GCash,Google Play (Kaggle public dataset),3,2020-05-24T05:06:48.000Z,strict_rule_relabel,training
ewallet_00844,Please include Buy Retailer Load on this app.,feature_request,GCash,Google Play (Kaggle public dataset),1,2020-05-19T01:02:33.000Z,strict_rule_relabel,training
ewallet_00846,"Don't update to 5.16.1 ... can't log in and keep on telling that it can't connect to internet! Been calling 2882 but I can't seem to find a way to connect to a customer representative. Gcash care in messenger also sucks, all my concerns there are never ever taken cared of and given resolution.",account_access_issue,GCash,Google Play (Kaggle public dataset),1,2019-05-10T14:28:44.000Z,strict_rule_relabel,training
ewallet_00847,Been facing to much problem with this app.pain my bill using the app says succesful at first the deducted the money then afterward recieved an email saying payment is unsuccessful yet my money didnt return now i have to pay bill and my gcredit...,payment_failure,GCash,Google Play (Kaggle public dataset),1,2020-05-26T02:10:34.000Z,strict_rule_relabel,training
ewallet_00848,This app is worse than others. After the update I have an issue with cash in. I didnt receive money that has been transferred from bank. I refrain from using this app cause it is causing headache,transfer_issue,GCash,Google Play (Kaggle public dataset),1,2020-06-08T17:43:59.000Z,strict_rule_relabel,training
ewallet_00849,"Supposed to be zero star!! This app is so inconvinient since the lockdown starts. My gcredit interest keep uprising. How can i ever pay it if everytime i cash in from paypal it always unable to process!! From the day before my duedate i always trying to cash in from paypal up until now its still unable to process??! What the f*%#&@??!! ( i work freelance thats why paypal is my source of finance) and your customer support is useless!!! I have sent 3 emails with same concern, no solution!!!",transfer_issue,GCash,Google Play (Kaggle public dataset),1,2020-05-30T05:14:46.000Z,strict_rule_relabel,training
ewallet_00850,"anyare sa Gcash niyo uYy , bat Lage error !!! Nag cash in ako ngayun bat antagal matanggap ,di pa ibalik pera !! Hanggat walanG confirmation sainyo Ayusin niyo naman !! Nakakaabala !!!",transfer_issue,GCash,Google Play (Kaggle public dataset),1,2020-06-09T11:45:50.000Z,strict_rule_relabel,training
ewallet_00852,"Hi! Can you please add ""1000 Garena shells"" in the choices in gaming pins category? Really need that. THANKS!",feature_request,GCash,Google Play (Kaggle public dataset),4,2020-05-20T10:27:11.000Z,strict_rule_relabel,training
ewallet_00853,"im very dis appointed of what happen,itz already 10 days,since my last transaction,and yet my transaction failed,my payment is overdue because of ur system,but until now u didnt resoved it,plz give my money(1965+15) back so i can pay my bills..",payment_failure,GCash,Google Play (Kaggle public dataset),1,2020-05-30T08:46:41.000Z,strict_rule_relabel,training
ewallet_00855,For now 3stars only. Need to review the app. And suggestion for your next update the fingerprint for more safety and easy way to log in. Thank you,feature_request,GCash,Google Play (Kaggle public dataset),3,2020-05-21T01:14:38.000Z,strict_rule_relabel,training
ewallet_00856,"I have a loan payment transaction a while ago, but the app appears failed transaction but i already received sms that it was transacted. The problem is it is already deducted on my fund but not reflected on transaction history. Please resolve this issue immediately. Thank u",payment_failure,GCash,Google Play (Kaggle public dataset),2,2020-05-30T10:08:45.000Z,strict_rule_relabel,training
ewallet_00857,What happened to system now?theres always a problem in your services. I cant send money even buy load is not functioning.,transfer_issue,GCash,Google Play (Kaggle public dataset),2,2020-06-11T05:04:30.000Z,strict_rule_relabel,training
ewallet_00858,Am sir i am student .. can you add student I.D to verify account because for those student that dont have any valid i.d,feature_request,GCash,Google Play (Kaggle public dataset),1,2020-05-22T05:28:37.000Z,strict_rule_relabel,training
ewallet_00860,"My friend sent me money to my globe number through gcash. I accidentally logged an incorrect MPIN, then my account was locked. I didn't got my money and still cant access my gcash accoun. I already reported it to gcash care and vless gcash but there was no response to my problem. I also provided all the informations they asked and yet there was no reply coming from gcash. Its been almost 1 month still no actions. I still don't have my money",account_access_issue,GCash,Google Play (Kaggle public dataset),1,2019-05-13T05:06:38.000Z,strict_rule_relabel,training
ewallet_00862,"Some load promos/combos are not included in this app.please add all the promos/combos of globe,smart and talk n text.tyvm. please update the latest promoload of every network.ty",feature_request,GCash,Google Play (Kaggle public dataset),3,2020-05-23T05:52:11.000Z,strict_rule_relabel,training
ewallet_00863,Cash in not working ever since the latest update. So bad.,transfer_issue,GCash,Google Play (Kaggle public dataset),1,2020-06-12T12:21:44.000Z,strict_rule_relabel,training
ewallet_00866,I do love this app. Had been a great help especially with the ECQ yet with the latest update it seemed that I was not able to Cash in using my Landbank Account. Though I was able to do so with my previous transactions. Is this a bug? Hope this would be fix.,transfer_issue,GCash,Google Play (Kaggle public dataset),1,2020-05-24T14:23:08.000Z,strict_rule_relabel,training
ewallet_00869,Sa una lang siya maganda gamitin. Laging under maintenace or laging nag aupdate. Free vouchers from their promo is a scam laging already claimed by other number. Help center walang kwenta hindi nassolve ang problem. Yung load na hindi pumapasok hindi narerefund. And now nagbayad ako ng water bill doble ang nadeduct sa balance ko.,payment_failure,GCash,Google Play (Kaggle public dataset),1,2019-12-10T02:40:18.000Z,strict_rule_relabel,training
ewallet_00872,every time there's a new update. it only gets worse. i can't log in to my acct saying its been logged in to another device. or that its an unknown error!,account_access_issue,GCash,Google Play (Kaggle public dataset),1,2019-05-15T11:05:24.000Z,strict_rule_relabel,training
ewallet_00873,Hey i install ur gcash app and im fully verified. It is said that my limit is 100k. How come i could not send money and send it back to my bank? Well infact i did not reach my limit yet. I hope you could fix this problem.,transfer_issue,GCash,Google Play (Kaggle public dataset),1,2020-05-26T09:35:01.000Z,strict_rule_relabel,training
ewallet_00874,can't log in my account,account_access_issue,GCash,Google Play (Kaggle public dataset),1,2019-05-15T11:11:14.000Z,strict_rule_relabel,training
ewallet_00876,"I'm supposed to pay only Php5K for my Citibank credit card monthly payment. Unfortunately, gcash soubled the transaction resulting to a Php10K payment in 2 transactions. I don't know if this is because of the technical problems as it took time for the transaction to be processed. I should still have a balance of Php13K+ on my gcash account after the supposed payment to my Citibank CC but now it is only Php8K+ and I am short for my payment to my another credit card because of this.",payment_failure,GCash,Google Play (Kaggle public dataset),2,2020-06-08T01:05:15.000Z,strict_rule_relabel,training
ewallet_00878,Why is it that your app is larger than. May other apps. Like come on 38MB? I JUST WANNA TELL YOU SOME PEOPLE DOES'NT HAVE THE SPACE TO USE THESE APP. PLS LIMIT YOURE Mb usage. When downloading this app. Its just my suggestion.,feature_request,GCash,Google Play (Kaggle public dataset),1,2020-05-30T22:24:43.000Z,strict_rule_relabel,training
ewallet_00880,I always get an error everytime I access Cash in using Unionbank. Saying that this version is not supported blah blah. Please fix this bug. Thanks.,transfer_issue,GCash,Google Play (Kaggle public dataset),1,2020-06-25T08:32:38.000Z,strict_rule_relabel,training
ewallet_00881,Please add STUDENT I.D to verify accounts. I'm still a student who still doesn't have a goverment i.d but I badly need to use gcash.,feature_request,GCash,Google Play (Kaggle public dataset),1,2020-05-31T07:39:10.000Z,strict_rule_relabel,training
ewallet_00882,"I always use Gcash for my bills payment. But everytime I do, I always encounter problems like transaction failed, but this time I tried paying for the same old electric biller and the transaction keeps failing and I was shocked when I checked that they deducted the amount even the transaction failed. So where does my money goes if they will keep having troubles with their transactions? And besides that, they're not issuing any receipt as proof of my payment. What am I supposed to do with that?",payment_failure,GCash,Google Play (Kaggle public dataset),1,2020-06-08T06:47:05.000Z,strict_rule_relabel,training
ewallet_00887,"easy to use, please add some Hello Money Cash Card(AUB)",feature_request,GCash,Google Play (Kaggle public dataset),4,2020-06-05T01:02:13.000Z,strict_rule_relabel,training
ewallet_00888,Its hard to cash out. Every 1000pesos is 20 pesos fee. Even bank transfer has an error. Its already a week they didnt fix it. I already submit a ticket and emai gcash until now no response. Pls fix this problem.,transfer_issue,GCash,Google Play (Kaggle public dataset),1,2020-07-08T08:00:05.000Z,strict_rule_relabel,training
ewallet_00889,"It's very convenient! This app is amazing! But I always hve problems with cash-in from paypal and bank or transfering money to my bank. Whenever I needed it the most, it keeps failing and giving me error messages that my transaction is not completed. Gave me a headache.",transfer_issue,GCash,Google Play (Kaggle public dataset),3,2020-06-11T06:31:03.000Z,strict_rule_relabel,training
ewallet_00890,not all the time we have internet please bring back the old gcash when we can access the account without using internet. so we can purchase whenever we want.,feature_request,GCash,Google Play (Kaggle public dataset),2,2020-06-07T11:17:00.000Z,strict_rule_relabel,training
ewallet_00891,If there is halfstar or 1/4 of a star I give it to you your email addresses cannot be found my gash account locked and cannot be unlocked again it is OK if I have no balance anymore the problem is there is~,account_access_issue,GCash,Google Play (Kaggle public dataset),1,2019-05-20T07:44:09.000Z,strict_rule_relabel,training
ewallet_00895,Please add PhilHealth and Paypal at the billing it will be very useful. Thank you,feature_request,GCash,Google Play (Kaggle public dataset),5,2020-06-07T23:17:20.000Z,strict_rule_relabel,training
ewallet_00896,why can I log in my account. Then I press forgot MPIN then it says my account isn't available so I can't log in.,account_access_issue,GCash,Google Play (Kaggle public dataset),2,2019-05-21T13:11:57.000Z,strict_rule_relabel,training
ewallet_00897,"Why can't I use the transfer to bank? Also, I used to cash-in with no problem but how come my card is not showing anymore?",transfer_issue,GCash,Google Play (Kaggle public dataset),1,2020-07-11T04:17:18.000Z,strict_rule_relabel,training
ewallet_00899,"UPDATE: It's pretty convenient, especially in times like these when you want to pay your bills during the outbreak I've experienced lesser errors than before. Also, my main issue that I ranted in my last review was resolved -- kudos to the team. What's bugging me right now is the authentication. Sometimes it keeps logging me out whenever I log in. Also the weird notification that displays Gcash is running. I don't see any reason why's showing that.",payment_failure,GCash,Google Play (Kaggle public dataset),4,2020-06-20T00:17:26.000Z,strict_rule_relabel,training
ewallet_00900,Cash in using link bank card is not working.,transfer_issue,GCash,Google Play (Kaggle public dataset),3,2020-07-12T09:43:42.000Z,strict_rule_relabel,training
ewallet_00902,There's an issue with the cash in and it hasn't been available since July 6,transfer_issue,GCash,Google Play (Kaggle public dataset),1,2020-07-15T09:37:02.000Z,strict_rule_relabel,training
ewallet_00903,"Can't log in anymore, doesn't accept my MPIN anymore, verification for forgot MPIN expires immediately then tells me to go FB for assistance",account_access_issue,GCash,Google Play (Kaggle public dataset),1,2019-05-22T05:08:48.000Z,strict_rule_relabel,training
ewallet_00904,If there will be a down system kindly inform the customers ahead of time! I need to cash out some money from my Gcash but I can't. Even the send money to bank feature it's not working!!!!!!,transfer_issue,GCash,Google Play (Kaggle public dataset),1,2020-07-16T03:21:10.000Z,strict_rule_relabel,training
ewallet_00905,Most of the time there is problem when you cash in,transfer_issue,GCash,Google Play (Kaggle public dataset),3,2020-07-18T12:44:26.000Z,strict_rule_relabel,training
ewallet_00909,Antagal n ng cash in issue nyo. Npka inconvenient.,transfer_issue,GCash,Google Play (Kaggle public dataset),1,2020-07-21T01:10:02.000Z,strict_rule_relabel,training
ewallet_00910,"Overall it is very useful, but please allow us to cash in via prepaid load that would make it more useful for those na walang 7/11 malapit sa kanila.",feature_request,GCash,Google Play (Kaggle public dataset),3,2020-06-18T04:43:21.000Z,strict_rule_relabel,training
ewallet_00914,"your updates made me crazy,,,I cannot log in,",account_access_issue,GCash,Google Play (Kaggle public dataset),1,2019-05-23T02:27:40.000Z,strict_rule_relabel,training
ewallet_00915,i try several times to verify my acc so i can send money but it says upgrading in progress for 2 days now and still not working,transfer_issue,GCash,Google Play (Kaggle public dataset),1,2020-07-22T07:15:38.000Z,strict_rule_relabel,training
ewallet_00916,"so disappointed because of its limited valid i.d. options to verify an account.. Globe should allow PRC Licenses, NBI Clearances or other i.d. as an option to verify an account.",feature_request,GCash,Google Play (Kaggle public dataset),1,2020-06-21T04:29:15.000Z,strict_rule_relabel,training
ewallet_00917,Re rate the app coz having problems with cash in thru online banking plus there will be addtl charge for future transaction which is not okay.,transfer_issue,GCash,Google Play (Kaggle public dataset),2,2020-07-22T09:55:21.000Z,strict_rule_relabel,training
ewallet_00918,Its fun on earth I hope I could visit earth soon greetings from asgard,feature_request,GCash,Google Play (Kaggle public dataset),5,2020-06-22T04:49:46.000Z,strict_rule_relabel,training
ewallet_00919,delayed and cant cash in fron palawan cash padala..,transfer_issue,GCash,Google Play (Kaggle public dataset),4,2020-07-23T09:29:19.000Z,strict_rule_relabel,training
ewallet_00920,This is a fraud Application in Philippines used in duping foreigners money when they cashin through western union or money gram. I say know to Gcash fraud. Banned this Application the are criminals. I made a cashin through western union in the Application my money never reflected and they denied no money was cashed in. Fraud Application.,transfer_issue,GCash,Google Play (Kaggle public dataset),1,2019-12-22T15:57:43.000Z,strict_rule_relabel,training
ewallet_00921,Hello po. Suggestion lang po. Sana po may option na Mag-send ng donations anonymously or maglagay ng Alias ng donation sender.,feature_request,GCash,Google Play (Kaggle public dataset),5,2020-06-23T10:26:00.000Z,strict_rule_relabel,training
ewallet_00922,not reliable greedy transactions charge! They didn't gave me my refund for failed transaction. I've tried to connect help support almost every day but there's no action for 3 weeks!!!,payment_failure,GCash,Google Play (Kaggle public dataset),1,2020-07-07T13:50:48.000Z,strict_rule_relabel,training
ewallet_00923,"I tried this app for network loading .it's fast, but I had my problem about verification of my I'd,it's always busy,so I can't send money.",transfer_issue,GCash,Google Play (Kaggle public dataset),4,2020-07-23T12:14:13.000Z,strict_rule_relabel,training
ewallet_00924,It's better than the past versions however the performance is still lacking. Hopefully it'll be resolved soon. Also please add more products in invest money section because it'll help us users in investing our unused money.,feature_request,GCash,Google Play (Kaggle public dataset),4,2020-06-24T10:24:32.000Z,strict_rule_relabel,training
ewallet_00925,waste of time cannot log in currently locked,account_access_issue,GCash,Google Play (Kaggle public dataset),1,2019-05-24T07:36:44.000Z,strict_rule_relabel,training
ewallet_00927,Will you please allow school id to get fully verified please?,feature_request,GCash,Google Play (Kaggle public dataset),5,2020-06-25T13:05:30.000Z,strict_rule_relabel,training
ewallet_00928,"I can't log in to my account coz it says ""OOPS, please check your internet connection and try again"" even though my internet connection is strong.",account_access_issue,GCash,Google Play (Kaggle public dataset),1,2019-05-25T07:26:04.000Z,strict_rule_relabel,training
ewallet_00930,Please bring back the STUDENT ID for verification.,feature_request,GCash,Google Play (Kaggle public dataset),1,2020-06-25T16:37:18.000Z,strict_rule_relabel,training
ewallet_00931,why the . i cant log in! error always error,account_access_issue,GCash,Google Play (Kaggle public dataset),1,2019-05-25T13:18:47.000Z,strict_rule_relabel,training
ewallet_00932,You keep on updating your app pero wala naman improvement. Everytime mag cash in ako or mag bank transfer always loading tpos may laging error.,transfer_issue,GCash,Google Play (Kaggle public dataset),1,2020-07-23T16:42:44.000Z,strict_rule_relabel,training
ewallet_00935,OTC cash in walang silbi. Laging failed nyeta,transfer_issue,GCash,Google Play (Kaggle public dataset),1,2020-07-24T03:58:45.000Z,strict_rule_relabel,training
ewallet_00937,I did a bank transfer and got a txt msg that there was a delay.should have known about it I could have cashed it out instead.now they told me to wait for 1-2 banking days for the reversal.they took the money right away and is not on my bank account.now where is it?floating anywhere?I am needing that for medical reasons.kindly take care of this Gcash.prove that you are worth our trust.I submitted a ticket and still waiting for updates..how long is this?,transfer_issue,GCash,Google Play (Kaggle public dataset),5,2020-07-24T09:52:26.000Z,strict_rule_relabel,training
ewallet_00939,"After I update gcash when I click the ""Cash In"" it stuck and loading... please fix as soon as possible",transfer_issue,GCash,Google Play (Kaggle public dataset),1,2020-07-26T12:45:32.000Z,strict_rule_relabel,training
ewallet_00940,"Promos are mostly scam and I have first hand experience on this. There are too many glitches when a lot of people use the app - withdrawals that are debited but no dispensed cash, transfers that wont go through but will be debited from your balance, reversals that take days, Gcredit that doesnt work, Vouchers not honored and a lot more. Financial inclusion? With all these problems arising this December, GCASH has FINANCIALLY EXCLUDED a lot of people. Use GCASH sparingly! Integrate partially.",transfer_issue,GCash,Google Play (Kaggle public dataset),1,2019-12-27T23:53:49.000Z,strict_rule_relabel,training
ewallet_00941,Please include students id on the selection of id's,feature_request,GCash,Google Play (Kaggle public dataset),2,2020-07-02T07:42:42.000Z,strict_rule_relabel,training
ewallet_00942,Still unable to login. And all you get is a STUPID automated response.,account_access_issue,GCash,Google Play (Kaggle public dataset),1,2019-05-28T05:58:49.000Z,strict_rule_relabel,training
ewallet_00943,"This is helpful in many. One thing I have a problem about is that, I once used ""cash in"" it then it creditted on my bank account but there is no amount transfered in my gcash account. Super disappointed.",transfer_issue,GCash,Google Play (Kaggle public dataset),1,2020-07-27T07:34:57.000Z,strict_rule_relabel,training
ewallet_00944,Great app but i wish you could implement a feature that can cash in your mobile load instead of going in seven eleven,transfer_issue,GCash,Google Play (Kaggle public dataset),4,2020-07-03T03:32:52.000Z,strict_rule_relabel,training
ewallet_00945,"Very slow transaction process when dealing with larger sums of money. I got a refund a few days ago and I tried to buy something cheap with it but a ""transaction declined"" prompt keeps appearing despite me having enough balance in my account to buy it! Even their customer service is unresponsive and only sends canned replies. Avoid using this as much as possible and choosr alternatives like Paymaya",payment_failure,GCash,Google Play (Kaggle public dataset),1,2020-07-20T11:18:04.000Z,strict_rule_relabel,training
ewallet_00946,pls fix i can't log in my account,account_access_issue,GCash,Google Play (Kaggle public dataset),1,2019-05-28T06:03:46.000Z,strict_rule_relabel,training
ewallet_00948,"Wrong send money concern... how long can you fix my problem???? instead of 09**** ... i wrongly type 00**** . Since june 6, 2020. Until now july 27, 2020... wala pa ring result... Somebody help me. Please fix this..",transfer_issue,GCash,Google Play (Kaggle public dataset),1,2020-07-28T10:22:43.000Z,strict_rule_relabel,training
ewallet_00949,"Please allow to get us verified using postal IDs because it's still a valid ID and its frustrating that it is not included since most of us, adulting students, are just starting to sign up for valid IDs. Will change the review if it is updated ASAP regarding these issues.",feature_request,GCash,Google Play (Kaggle public dataset),1,2020-07-05T03:24:39.000Z,strict_rule_relabel,training
ewallet_00950,So far not so good. I was disappointed twice. Firsy is when my friend transferred funds to my Gcash using Instapay UB then for almost 2weeks I never received anything on my wallet!!! I always call them everyday regarding the issue until now its not resolve! And another one I cash in via Western Union.It occurs error then suddenly theres pop up on the account that says I already claimed it then I check my wallet balance not even peso credited to my wallet! What is happening Gcash!!!!,transfer_issue,GCash,Google Play (Kaggle public dataset),3,2020-07-29T11:16:28.000Z,strict_rule_relabel,training
ewallet_00951,I gave 3 star because the verification process is too long though its a good app and it is useful to my work. And please can you change the city to city/municipal not municipal/Barangay and please add some id student there is no other option,feature_request,GCash,Google Play (Kaggle public dataset),2,2020-07-05T19:15:40.000Z,strict_rule_relabel,training
ewallet_00952,"yes it's reliable but everytime i open it always says i don't have internet connection but cleary i have a fast internet connection, its really annoying please fix this part I can't log in properly.",account_access_issue,GCash,Google Play (Kaggle public dataset),1,2019-05-29T01:12:20.000Z,strict_rule_relabel,training
ewallet_00953,"worst update, cannot login due to internal error.",account_access_issue,GCash,Google Play (Kaggle public dataset),1,2019-05-29T07:21:03.000Z,strict_rule_relabel,training
ewallet_00954,Well this is the third time I encounter problems I can't do bank transfer its so frustrating I need to transfer money to my bank today please fix this.,transfer_issue,GCash,Google Play (Kaggle public dataset),1,2020-07-31T04:42:26.000Z,strict_rule_relabel,training
ewallet_00956,"I have cash in P35,000 from my bank account to Gcash and until now it wasn't deposited yet. 2 weeks have passed and no action from their support team. Will give you depression and anxiety attack about your money. Not guaranteed and their support te have no action. Scam! Fraud! Don't trust.!",transfer_issue,GCash,Google Play (Kaggle public dataset),1,2020-01-03T20:13:32.000Z,strict_rule_relabel,training
ewallet_00958,always down. since you made an update and move it to a new flat form. now unable to open. error message check connection. when im on wifi. unable to cash in with sb bank. such an inconvenience.,transfer_issue,GCash,Google Play (Kaggle public dataset),3,2020-07-31T08:11:15.000Z,strict_rule_relabel,training
ewallet_00959,"I really love this app because it's very convenient. You can save money here when you still don't have bank accounts. I've been using this app for a year. You can easily cash in and cash out. But I still want one thing. PLEASE ALLOW LOAD TO GCASH TRANSFER. Some people really want that. There is no difference, we still using our own money. So please. I hope you notice this comment",transfer_issue,GCash,Google Play (Kaggle public dataset),5,2020-07-10T10:56:45.000Z,strict_rule_relabel,training
ewallet_00960,cannot log in whats happening with the app bad cx service as well they provided troubleshooting steps and the app is still not working worst experience ever!!,account_access_issue,GCash,Google Play (Kaggle public dataset),1,2019-05-29T10:11:41.000Z,strict_rule_relabel,training
ewallet_00961,"-- but the provided camera was still blurry and you can't focus on the text/ID pic. Kastress. My suggestion is you should let us have an option to import the copy of ID/s from our phone gallery or let us use our phone camera instead. The confirmation email also takes forever. I wasted an hour capturing those IDs, yet the code remains in mystery. I'm still on the 'verification process' and it's really getting in to my nerve. Didn't have the chance to have a transaction on that app, sayang, bye.",feature_request,GCash,Google Play (Kaggle public dataset),1,2020-07-11T11:07:22.000Z,strict_rule_relabel,training
ewallet_00962,update is the worst. Can't log in even if I entered my pin correctly.,account_access_issue,GCash,Google Play (Kaggle public dataset),1,2019-05-29T10:18:59.000Z,strict_rule_relabel,training
ewallet_00965,"can't redeem my vouchers, because i can't log in my pin. and keep telling me i log in wrong pin! how can i forgot a 4digit code? this sucks.",account_access_issue,GCash,Google Play (Kaggle public dataset),1,2019-05-29T13:51:52.000Z,strict_rule_relabel,training
ewallet_00968,"I first use this app on messenger and I cannot remember my MPIN or if I have set an MPIN for my account. I have been using my globe number for a long time now and I dont want to replace it just to create another gcash account. Also, I cannot remember all the security questions related to my gcash account. I need to use my gcash now. Hope you can help me with this. Thanks.",account_access_issue,GCash,Google Play (Kaggle public dataset),1,2020-01-15T05:01:38.000Z,strict_rule_relabel,training
ewallet_00971,The Delay Cash in In Gcash is so frustrating,transfer_issue,GCash,Google Play (Kaggle public dataset),1,2020-08-04T15:13:39.000Z,strict_rule_relabel,training
ewallet_00972,"Sorry about the last review my brother used my phone. My account got locked because I entered the ""Maximum"" login attempts. If you guys can help me with that it would be amazing.",account_access_issue,GCash,Google Play (Kaggle public dataset),3,2019-06-01T12:32:25.000Z,strict_rule_relabel,training
ewallet_00973,VERY BAD TALAGA SANA MAY -1 magrate ako dahil second time na DAPAT AKO MAG CASH IN GAMIT YUNG MONEY GRAM NA YAN... LAGI NLNG MAY ERROR PAG DATING SA PAYPAL AT WESTERN WALA NAMAN ANU YAN DISPLAY LANG YUNG MONEY GRAM NA YAN DITO SA GCASH PURO ERROR ANG ALAM. ALISIN NYO NLNG YUNG MONEY GRAM KUNG PURO ERROR. NAPAKA HASSEL @MONEYGRAMPERAPADALA AYUSIN MO NAMAN LINK KAY GCASH... PATI SILA NADADAMAY SA TANGAHAN NG LINK MO EH HINDI AKO MAG BAGO NG RATE UNTIL MAAYOS NIO TO.,transfer_issue,GCash,Google Play (Kaggle public dataset),1,2020-08-04T22:19:20.000Z,strict_rule_relabel,training
ewallet_00976,good afternoon. nakalagay ay 5 minutes lang verified na daw. e halos 25 hours na wala pa pong verification. sana naman magtext kung di verified o declined para di naghihintay. di tuloy namin ma cash out laman ng gcash namin!,transfer_issue,GCash,Google Play (Kaggle public dataset),1,2020-08-07T04:41:30.000Z,strict_rule_relabel,training
ewallet_00977,TIN ID is not applicable for verification. We are having trouble with this app. I hope you'll allow it to for us to be able to access it further.,feature_request,GCash,Google Play (Kaggle public dataset),1,2020-07-18T03:06:01.000Z,strict_rule_relabel,training
ewallet_00978,"Totally not satisfied with your service. I always encounter a problem regarding with any transaction i made first was,i paid my internet bill through gcash and it wasnt posted it took weeks to get posted the globe disconnected our internet due to unpaid bills 2nd i bought a load from my gcash account i received confirmation that they deducted my account but load was never arrived nd i always had a problem buying load because it says it is temporarily unavailable.I though this app is helpful",payment_failure,GCash,Google Play (Kaggle public dataset),1,2020-07-30T14:12:12.000Z,strict_rule_relabel,training
ewallet_00979,I transferred money to my bank and it's been two days now and it still didn't reflect in my bank. You have sent me a message that there is a delay but I tried to transfer another money to that same bank today and it reflected immediately. You have taken the money and didnt even give me confirmation that it was sent but deducted to my account. I have emailed many times since two days ago but all I received are automated responses. I am getting pissed off!!!!,transfer_issue,GCash,Google Play (Kaggle public dataset),1,2020-08-09T09:27:44.000Z,strict_rule_relabel,training
ewallet_00980,Awesome security but im forget mpin and security questions. How to retrieve my acc.?,account_access_issue,GCash,Google Play (Kaggle public dataset),4,2020-01-20T17:16:43.000Z,strict_rule_relabel,training
ewallet_00981,"Hi! It's been two years since first used GCash. Still the best but I hope you to add fingerprint signin and verification in each transaction to get better, GCash competitors already have it. It's exciting to wait for for future releases!",feature_request,GCash,Google Play (Kaggle public dataset),5,2020-07-20T10:47:06.000Z,strict_rule_relabel,training
ewallet_00982,Very bad app. Transaction not processed whenever I try to change my MPIN because I forgot about it.,account_access_issue,GCash,Google Play (Kaggle public dataset),1,2020-08-02T03:00:15.000Z,strict_rule_relabel,training
ewallet_00983,useless ung update.. error daw ung send money pero na semd pala.. 3x tuloy ako makapag send ng pera .. tapos wla pang tramsaction histroy tanga gcash,transfer_issue,GCash,Google Play (Kaggle public dataset),1,2020-08-10T03:21:46.000Z,strict_rule_relabel,training
ewallet_00984,i hope it can add other valid id's like tin id since some who uses the app are students and not all have the updated required id's. i really can't transact my transactions since the id required is hard for me being a student.,feature_request,GCash,Google Play (Kaggle public dataset),1,2020-07-21T04:39:07.000Z,strict_rule_relabel,training
ewallet_00987,"I cannot send money to another GCash account. Upon confirmation, ""Transaction time exceeded"" pops up. So, I uninstalled and re-installed the app. The same issue occurs each time I try to send money. Oh, well ...",transfer_issue,GCash,Google Play (Kaggle public dataset),2,2020-08-13T11:43:48.000Z,strict_rule_relabel,training
ewallet_00988,"If i could rate this with negative i would! Too bad im limited with my transactions just because you only have limited verified/govt ids. Next time please include tin id, postal id, and so on!",feature_request,GCash,Google Play (Kaggle public dataset),1,2020-07-21T07:09:49.000Z,strict_rule_relabel,training
ewallet_00990,"CASH IN is Ok. But you can not CASH OUT anymore. All your partners don't do CASH OUT only CASH IN. A problem for people who don't have bank account. Also your partners don't accept it as payment. And by the way, GCASH MASTERCARD also not available anywhere.",transfer_issue,GCash,Google Play (Kaggle public dataset),1,2020-08-17T09:58:23.000Z,strict_rule_relabel,training
ewallet_00991,"I had a problem regarding the receipt of my transaction, I try to chat them then they got all the related information about what happened. after that they gave me a ticket. then said I should wait for email. but the email I got is just the conversation I had with the chat support nothing more . there's no solution on my problem. it was very disappointing.",payment_failure,GCash,Google Play (Kaggle public dataset),1,2020-08-06T04:15:53.000Z,strict_rule_relabel,training
ewallet_00992,"It is very convinient to use this app most especially this pandemic days but recently, the transactions particularly the fund transfer, always have delays.",transfer_issue,GCash,Google Play (Kaggle public dataset),4,2020-08-19T05:30:30.000Z,strict_rule_relabel,training
ewallet_00993,It is very convenient to me to use.. But i have a problem regarding to cash in.. Western union and cash in gcash,transfer_issue,GCash,Google Play (Kaggle public dataset),5,2020-08-19T09:45:49.000Z,strict_rule_relabel,training
ewallet_00996,"Actually im really using gcash because of its convenience, but the problem is you have a very high service fee when we are going to cash in... so becaise of that im disappointed",transfer_issue,GCash,Google Play (Kaggle public dataset),3,2020-08-20T02:30:33.000Z,strict_rule_relabel,training
ewallet_00997,"I cannot login to my account, It said ""No internet connection and try again later"" but I have a connection to my internet.",account_access_issue,GCash,Google Play (Kaggle public dataset),1,2019-06-08T10:57:16.000Z,strict_rule_relabel,training
ewallet_00998,"I used to like your service. But just this month I find it difficult to cash in using app. I updated the app and tried back again but the issues still not solved. When I go to ""Cash in"", it just freezed. Please fix this bug, Gcash helped me a lot sending money to my family. Help me cash in using the app. Thanx.",transfer_issue,GCash,Google Play (Kaggle public dataset),1,2020-08-20T07:11:57.000Z,strict_rule_relabel,training
ewallet_01001,Feature Request: Biometric support,feature_request,GCash,Google Play (Kaggle public dataset),4,2020-07-23T06:54:33.000Z,strict_rule_relabel,training
ewallet_01002,App crash and now the mastercard cash in option is not working. Not helpful. Please fix it. Especially its difficult to go out,transfer_issue,GCash,Google Play (Kaggle public dataset),3,2020-08-20T11:26:48.000Z,strict_rule_relabel,training
ewallet_01004,"I wish g-cash will improve their security. I suggest they should require a pin or password before approving transactions. I lost P300+ last week, its a small amount but .... .what i experienced is , i subscibed a 3day free trial subscription that says if i cancel my subscription before the 3day free trial expires, i wont be charged. But when i canceled my subsciption g- cash immediately inform me that i payed this chinese guyP265. I lost another P50 to a scamer saying i won s10.",account_access_issue,GCash,Google Play (Kaggle public dataset),4,2020-02-06T06:39:19.000Z,strict_rule_relabel,training
ewallet_01005,"I've been using this app for a year now. The only problem is that there are times that I can't load or the options are suddenly unavailable. I want to suggest if you can add the Panalo Combos of TNT like P10, P40 and P150. That would be great if you will add those. Thank you.",feature_request,GCash,Google Play (Kaggle public dataset),4,2020-07-23T12:27:17.000Z,strict_rule_relabel,training
ewallet_01007,Laginf failed yung transaction sa paying bills. Nakailang ulit na ako. Sa mga gustong mag dl nito mag pay maya nalang kayo. 1mons n to ganito,payment_failure,GCash,Google Play (Kaggle public dataset),1,2020-08-18T08:05:16.000Z,strict_rule_relabel,training
ewallet_01008,"I was doing well with gcash. I trusted gcash that I cashed in 5k in my account. On february 9 morning, my account had a lot of unauthorized charges! I sent a complaint and sent a dispute form and all the informations needed to get a refund. It should be full refund. How will I trust you again? Make the refund fast!",payment_failure,GCash,Google Play (Kaggle public dataset),1,2020-02-12T04:31:31.000Z,strict_rule_relabel,training
ewallet_01009,can't register sucks . i register my new sim but it always ask for MPIN even i didnt create MPIN. LOL,account_access_issue,GCash,Google Play (Kaggle public dataset),1,2019-06-10T02:43:43.000Z,strict_rule_relabel,training
ewallet_01012,Mabilis Ang process lahat ng transaction Kapag error kusa po magrerefund,payment_failure,GCash,Google Play (Kaggle public dataset),4,2020-08-19T03:58:04.000Z,strict_rule_relabel,training
ewallet_01014,"I can't fully verify my account. Everytime I tried to take a photo of my ID it keep saying that the photo was blurry even if it's not. Now, after updating the app (hoping that they resolve the problem) the see more option for other IDs are now gone. So how am I suppose to verify my account? Please bring back the see more options lol",feature_request,GCash,Google Play (Kaggle public dataset),1,2020-07-25T08:33:49.000Z,strict_rule_relabel,training
ewallet_01016,"i am very dissapointed with your gcash mastercard, im one of the victim of scammer who used my gcmc to purchased on lazada without my permation...im wondering why there is no confirmation message before the cashout for verification..i talked to other victims of this kind of act in facebook and i found out that most of the cashout/payment transactions recipient named to ""mc_ecom"" ...pls take an action with these serious problems.",transfer_issue,GCash,Google Play (Kaggle public dataset),3,2020-02-14T12:32:11.000Z,strict_rule_relabel,training
ewallet_01018,Fund transfer didn't reflect on my gcash account!! I already received a confirmation email from my bank but still theres no credits on my gcash!! Its been 2 days! Dont recommend this kind of fraud !,transfer_issue,GCash,Google Play (Kaggle public dataset),1,2020-02-14T18:51:42.000Z,strict_rule_relabel,training
ewallet_01020,I like gcash because he can do send money and save the financial problem all the need for the everyday.,transfer_issue,GCash,Google Play (Kaggle public dataset),2,2020-08-27T03:06:26.000Z,strict_rule_relabel,training
ewallet_01021,If only have negative star review ... DOUBLE charged my account this is fraud... Uninstalling this app,payment_failure,GCash,Google Play (Kaggle public dataset),1,2020-02-14T22:47:05.000Z,strict_rule_relabel,training
ewallet_01022,Please bring back student id to get fully verified our gcash account,feature_request,GCash,Google Play (Kaggle public dataset),1,2020-07-25T11:36:33.000Z,strict_rule_relabel,training
ewallet_01023,I cant verify my email address. I tried several times but it always says that there is an error. I cant pay even a single bill because the feature will only be unlock once the email is verified. Please fix this,payment_failure,GCash,Google Play (Kaggle public dataset),1,2020-08-27T16:36:48.000Z,strict_rule_relabel,training
ewallet_01024,"the verification is taking me forever.. there's always something wrong, then everytime i take a picture of my id it gets blurry so it won't verify, my phone camera is completely fine, but when it comes to gcash its blurry..i need to verify my account but 3 days of trying, it's still no use",account_access_issue,GCash,Google Play (Kaggle public dataset),3,2019-06-11T10:45:06.000Z,strict_rule_relabel,training
ewallet_01025,Can you add again student id to get verify :(,feature_request,GCash,Google Play (Kaggle public dataset),3,2020-07-25T11:58:01.000Z,strict_rule_relabel,training
ewallet_01027,CASH IN ERRORS!!!!! ALL THE TIME!!!!!,transfer_issue,GCash,Google Play (Kaggle public dataset),1,2020-08-29T16:34:48.000Z,strict_rule_relabel,training
ewallet_01028,I forgot my MPIN. Now i lost the money i cashed in. How do you expect us to remember the answers to the security question that we didn't answer in the first place? Tried to call the hotline. Asked me so many questions. Then said that I'm wrong? When i register I only give my number and you confirm it. Now you ask me security questions that doesn't exist? Modus.,account_access_issue,GCash,Google Play (Kaggle public dataset),1,2020-02-18T02:12:25.000Z,strict_rule_relabel,training
ewallet_01029,Giving it a four star since there's no feature in the app to request a copy of the payment/transaction receipt in case an error is encountered while in the app and the payment/transaction still went through. It would be very convenient for us users to have it instead of confirming it thru CS from time to time for this simple issue about payment receipt.,payment_failure,GCash,Google Play (Kaggle public dataset),4,2020-08-30T03:43:23.000Z,strict_rule_relabel,training
ewallet_01030,"Why i can't cash in using Paypal, what's the problem?",transfer_issue,GCash,Google Play (Kaggle public dataset),2,2020-08-31T05:01:00.000Z,strict_rule_relabel,training
ewallet_01031,I can't fully verify my account since there's no other options on recommended ID. I hope you will add Postal or PRC ID on the option.,feature_request,GCash,Google Play (Kaggle public dataset),1,2020-07-27T00:46:24.000Z,strict_rule_relabel,training
ewallet_01032,Un chat support sinungaling po.sabi nagsuccesful un transaction ko.pgkatpos after 3days nagrefund un pera.hindi nagpush thru.laging may error ang system.pag mag bills payment ka..laging system error.wlang nalabas na resibo..,payment_failure,GCash,Google Play (Kaggle public dataset),1,2020-08-31T04:27:14.000Z,strict_rule_relabel,training
ewallet_01034,"this app is good , but please include student id for the students to fully verify! , I would have give 5 stars",feature_request,GCash,Google Play (Kaggle public dataset),3,2020-07-27T10:04:21.000Z,strict_rule_relabel,training
ewallet_01039,Ano ba problema GCASH???bakit ganito ang serbisyo ninyo??cash in via seven eleven dapat real time success dapat agad pero it almost 15mins n wala p dn s gcash ko????pera po ang pinag uusapan dito kaya pakiayos naman ng apps ninyo,transfer_issue,GCash,Google Play (Kaggle public dataset),1,2020-09-04T03:01:01.000Z,strict_rule_relabel,training
ewallet_01040,"i can't log in my account because i dont have mpin.. so far, i didn't recieved any pin from gcash. hopefully u can help me about it.",account_access_issue,GCash,Google Play (Kaggle public dataset),2,2019-06-14T15:56:59.000Z,strict_rule_relabel,training
ewallet_01042,Hi. Can you add another verification id like TIN Id on your choices?,feature_request,GCash,Google Play (Kaggle public dataset),3,2020-07-29T05:40:45.000Z,strict_rule_relabel,training
ewallet_01043,What the hell this stupid app i have a wifi but i cannot log in cause it says oops no internet connection please try again later stupiiiiiiiiid!!!,account_access_issue,GCash,Google Play (Kaggle public dataset),1,2019-06-15T10:09:02.000Z,strict_rule_relabel,training
ewallet_01046,y. i'm stuck at MPIN i can't register. it always say try again later,account_access_issue,GCash,Google Play (Kaggle public dataset),5,2019-06-15T10:56:25.000Z,strict_rule_relabel,training
ewallet_01049,Can you please allow Gcash to open and operate even if you have no data and internet?,feature_request,GCash,Google Play (Kaggle public dataset),4,2020-07-29T12:41:35.000Z,strict_rule_relabel,training
ewallet_01051,good app. additional features suggestion: allow reload for loadwallets... add PhilHealth also,feature_request,GCash,Google Play (Kaggle public dataset),5,2020-07-29T13:03:48.000Z,strict_rule_relabel,training
ewallet_01052,it doesn't make any sense... why do it keeps on asking for a n MPIN if you dont have one.?? it doesn't even know that? you shouldn't link your account if you don't want to locked your account up..,account_access_issue,GCash,Google Play (Kaggle public dataset),1,2019-06-16T02:01:05.000Z,strict_rule_relabel,training
ewallet_01053,"Okay sana kaso bat every year may issue pansin ko. Cash in last year ngayon naman ay regarding s bank transfer. May bank validation daw kaya nadeduct yung money ko kahit hndi pa successful yung pagtransfer, 3-5 working days daw pero ika limang araw na wala pa din. Nagemail ako pero walang reply s cs nyo pati sa line nyo walang nasagot or napuputol after ilang ring. Paki address naman po.",transfer_issue,GCash,Google Play (Kaggle public dataset),1,2020-09-14T11:15:56.000Z,strict_rule_relabel,training
ewallet_01054,"4th review. HORRIBLE!!! GCash is a SCAM! THEIF! They've stolen P7200 from me a month ago. I reported to them they took two P7200, total of P14400-clear in the transaction history,for one payment of SSS 1st Q contributions but they kept telling me they dont do refund once payment is processed! I told them SSS only credited me ONE payment and NOT TWO, so they should fix it, it's their mistake.But they dont resolve issue,they're just stealing money they didn't work hard for.DONT USE GCASH ANYMORE!",payment_failure,GCash,Google Play (Kaggle public dataset),1,2020-03-04T23:43:06.000Z,strict_rule_relabel,training
ewallet_01055,Your bank transfer feature is not working propeely. 2 checking bnk accounts needed to be funded but I cant using your app.,transfer_issue,GCash,Google Play (Kaggle public dataset),1,2020-09-15T07:07:40.000Z,strict_rule_relabel,training
ewallet_01056,"cant cash in via paypal, its been 2 weeks and still having the same problem. when will it be fixed?",transfer_issue,GCash,Google Play (Kaggle public dataset),1,2020-09-16T11:55:17.000Z,strict_rule_relabel,training
ewallet_01060,"Struggling to get fully verrified, please add valid ID like TIN ID.",feature_request,GCash,Google Play (Kaggle public dataset),1,2020-07-31T05:44:45.000Z,strict_rule_relabel,training
ewallet_01061,i deposit 1000 pesos and when i log in it says account locked cant open my account no costo.er service what should i do can i call some number to verify my gcash i have the simcard,account_access_issue,GCash,Google Play (Kaggle public dataset),1,2019-06-17T04:08:40.000Z,strict_rule_relabel,training
ewallet_01062,Disappointed! I tried several times changing my MPIN because i forgot it but the security question are different from what i filled up during registration! Can you please tell me if i can still recover my account?!!!!!,account_access_issue,GCash,Google Play (Kaggle public dataset),1,2020-03-11T06:54:20.000Z,strict_rule_relabel,training
ewallet_01063,Very disappointed with the full verification process of a GCash account. Particularly the ID options for verification. Can you please bring back PRC IDs as an option?,feature_request,GCash,Google Play (Kaggle public dataset),1,2020-07-31T07:10:40.000Z,strict_rule_relabel,training
ewallet_01064,Im unable to cash in for the past weeks. There is always an error when i attempt to. So frustrating,transfer_issue,GCash,Google Play (Kaggle public dataset),2,2020-09-22T07:12:56.000Z,strict_rule_relabel,training
ewallet_01065,I can't send money asap due to so manye problems.. verifying i have my data but it says no internet connections so it takes so long yet no verification made,transfer_issue,GCash,Google Play (Kaggle public dataset),2,2020-09-22T08:32:03.000Z,strict_rule_relabel,training
ewallet_01068,"I hope that you will add postal i.d so that i can verify my account, it already has money in it and i can't use it. Postal i.d and school i.d are the only i.d's that i have.",feature_request,GCash,Google Play (Kaggle public dataset),1,2020-08-01T06:15:04.000Z,strict_rule_relabel,training
ewallet_01069,Reversal process of unsuccessful fund transfer to any banks takes longer than expected. It's already 9 days since I had failed transaction and GCASH isn't responding to any of my emails for 2 days now.,transfer_issue,GCash,Google Play (Kaggle public dataset),1,2020-09-22T06:09:44.000Z,strict_rule_relabel,training
ewallet_01071,"Cash in lang may bawas pa? Ano yon? Pandemic tapos sinasamantala ninyo? Wala na ngang pera mga tao pero inuna nyo pa yan? Lagi nga kayong may problema. Hirap mag cash in sa inyo. Tapos card ninyo laging ubos kasi binebenta nyo sa mga tao na ibebenta nila samin ng mas mahal. Grabe kayo. Madami saming online seller gamit to pero ngayon maniwala kayo,mawawalan kayo ng madaming user nito. Wag naman sana unahin yung pera kaysa tao.",transfer_issue,GCash,Google Play (Kaggle public dataset),1,2020-09-26T03:45:54.000Z,strict_rule_relabel,training
ewallet_01072,Great App but with Security Issues. This definitely helps a lot. They have good features and they make almost every finacial management wasier for their users. but there are many security issues which are not good eapecially since a lot of users trust them with huge amount of money. They need to make sure that everything is secured so they can gain trust from their users.,security_concern,GCash,Google Play (Kaggle public dataset),4,2020-03-11T10:36:07.000Z,strict_rule_relabel,training
ewallet_01076,Always have an issue with my Cash in and sometimes I'm losing money for no reason. I still have an ongoing issue with an amount of 1800 reason why I'm updating it.,transfer_issue,GCash,Google Play (Kaggle public dataset),1,2020-09-28T17:59:07.000Z,strict_rule_relabel,training
ewallet_01077,""" I DO NOT RECOMMEND THIS APP WASTE OF TIME"" Fulll Verification is useless. After doing it I cant log in my account it always says error please try again if been trying different phones to access my account but still same message shows "" ERROR TRY AGAIN"" . very bad feauteres. not flexible.",account_access_issue,GCash,Google Play (Kaggle public dataset),1,2019-06-20T03:50:28.000Z,strict_rule_relabel,training
ewallet_01078,i have been using gcash for months now but I was never able to cash in using money gram. im always having error telling me to make sure that my name was provided correctly by the sender eh when i go to remittance center tama naman daw yung name ko. i also updated my account to make sure that i have put my name correctly but still the same error. super hassle where you really need to go out to get you money when gcash claims they can claim moneygram nman using their app which is not true at all.,transfer_issue,GCash,Google Play (Kaggle public dataset),1,2020-09-29T03:04:46.000Z,strict_rule_relabel,training
ewallet_01079,hi i didn't know what to do please help me my gcash account is locked because i forgot my mpin and I'll try all mpin that iknow but gcash locked my account help me for now 2star,account_access_issue,GCash,Google Play (Kaggle public dataset),2,2019-06-20T11:10:15.000Z,strict_rule_relabel,training
ewallet_01080,Why can't i use PRC Id to fully verify my account? please include more choices for recommended ID...,feature_request,GCash,Google Play (Kaggle public dataset),3,2020-08-02T11:29:02.000Z,strict_rule_relabel,training
ewallet_01082,I didnt recieved the 50 bonus and after verifying my account I can't log in anymore to the GCASH app.,account_access_issue,GCash,Google Play (Kaggle public dataset),1,2019-06-21T04:13:49.000Z,strict_rule_relabel,training
ewallet_01084,Before I can use my security bank MasterCard to cash in but after the update nagloko na sya! Pakiayos Naman Po! Kung kailan kailangan ngayon din nagloko!,transfer_issue,GCash,Google Play (Kaggle public dataset),1,2020-03-19T23:55:12.000Z,strict_rule_relabel,training
ewallet_01087,The app works well. But I hope you bring back the Student ID as a Valid ID please. Thanks!,feature_request,GCash,Google Play (Kaggle public dataset),3,2020-08-04T01:21:23.000Z,strict_rule_relabel,training
ewallet_01091,I've been trying to verify my account for over a month now but nothing happened. You should add some I'D or bring back the option to SEMI-VERIFIED. THIS APP IS TRULY FRUSTRATING !!!!,feature_request,GCash,Google Play (Kaggle public dataset),1,2020-08-04T11:14:09.000Z,strict_rule_relabel,training
ewallet_01092,Error in sending transfer money tru bank acount,transfer_issue,GCash,Google Play (Kaggle public dataset),1,2020-10-02T06:02:45.000Z,strict_rule_relabel,training
ewallet_01093,"Too bad customer service and the app has a lot of bugs. I has a double transaction on paying bills because I received an error when I submit the form and when I emailed your customer service to fix it, they keep on asking too much details that our conversation went back and forth and nothing was resolved.",payment_failure,GCash,Google Play (Kaggle public dataset),1,2020-10-15T22:41:43.000Z,strict_rule_relabel,training
ewallet_01094,I cannot access my account because i forgot my password. Please help me recover it.,account_access_issue,GCash,Google Play (Kaggle public dataset),3,2019-06-22T19:36:20.000Z,strict_rule_relabel,training
ewallet_01095,how come we don't have an id like sss and etc. must have another option or another id. I need to send money but I have a verification problem.,transfer_issue,GCash,Google Play (Kaggle public dataset),1,2020-10-02T22:31:01.000Z,strict_rule_relabel,training
ewallet_01097,Scam nag cash in ako wala pumasok!!,transfer_issue,GCash,Google Play (Kaggle public dataset),1,2020-03-27T10:25:28.000Z,strict_rule_relabel,training
ewallet_01098,"Please bring back the option for other id's, like for example what if your customer only have senior citizen id ? Its very inconvenient for those who only have 1 id..",feature_request,GCash,Google Play (Kaggle public dataset),3,2020-08-06T01:40:15.000Z,strict_rule_relabel,training
ewallet_01099,"locked my account i forgot the mpin so i tried ""Forgot MPIN"" but then it says your transaction cannot push through now my account is locked =/ it doesn't help you if you forgot your mpin",account_access_issue,GCash,Google Play (Kaggle public dataset),1,2019-06-23T02:07:47.000Z,strict_rule_relabel,training
ewallet_01101,scam..you cannot open once your twice wrong pin..even to change password. i have 300 load.,account_access_issue,GCash,Google Play (Kaggle public dataset),1,2020-03-28T22:14:01.000Z,strict_rule_relabel,training
ewallet_01104,"When I really need to use this app, I can't use it Just like buying load, its a little business to me but I can't buy load bcoz I can't log in. It always says 'theres a problem, please try again later'!!",account_access_issue,GCash,Google Play (Kaggle public dataset),3,2019-06-23T16:46:22.000Z,strict_rule_relabel,training
ewallet_01105,Cash in via Payoneer not working,transfer_issue,GCash,Google Play (Kaggle public dataset),1,2020-10-08T12:34:43.000Z,strict_rule_relabel,training
ewallet_01106,I've register to this years ago and i dont even remeber the MPIN or if they've even gave my a choice to answer the security questions and now i cant remember it all. It was very poor that you will not be having any more options to retrieve your account unless probably you change your personal number. Lol and the articles are not even helpful.,account_access_issue,GCash,Google Play (Kaggle public dataset),1,2020-03-29T10:31:45.000Z,strict_rule_relabel,training
ewallet_01112,I give 2 stars because it doesnt work properly and you cannot cash out until its not fully verified.low transaction from others.delay transactions,transfer_issue,GCash,Google Play (Kaggle public dataset),1,2020-10-20T16:29:50.000Z,strict_rule_relabel,training
ewallet_01113,"Problem with gcredit not resolved for almost a month....i keep on emailing support, even chatting them, still not resolved. Everytime I used my gcredit in paying for my groceries, transaction declined.....so embarrassing......i can see that I have an avail credit limit in my Gcash but as mention earlier, my transaction was always declined....payment at risk....so embarrassing on my part and so frustrating....and one more thing....",payment_failure,GCash,Google Play (Kaggle public dataset),1,2020-10-28T11:45:07.000Z,strict_rule_relabel,training
ewallet_01114,"I can't log in. It says ""There seems to be a problem. Try again later."" It pissed me off. Its been almost a week already I can't use my Gcash.",account_access_issue,GCash,Google Play (Kaggle public dataset),1,2019-06-24T11:14:23.000Z,strict_rule_relabel,training
ewallet_01115,"Fix issue, cash in all my money, open my view my balance",transfer_issue,GCash,Google Play (Kaggle public dataset),5,2020-10-21T17:52:32.000Z,strict_rule_relabel,training
ewallet_01116,Please bring back option to verify account with other valid IDs,feature_request,GCash,Google Play (Kaggle public dataset),1,2020-08-09T01:28:14.000Z,strict_rule_relabel,training
ewallet_01117,"it's almost 3 months and my account is still locked! you have the worst customer service. Issues are not being handled, you keep asking for the same informations over and over again! my issue is so simple yet you cant fix it. i just need a temporary mpin so i can use my account again, why are you making this so hard for me!? PLEASE ACTUALLY HELP YOUR CUSTOMERS. WHAT HAPPENS TO OUR MONEY IF WE CANT ACCESS OUR ACCOUNT!? YOUR CUSTOMER SERVICE IS SO FRUSTRATING!!!",account_access_issue,GCash,Google Play (Kaggle public dataset),1,2019-06-24T11:31:51.000Z,strict_rule_relabel,training
ewallet_01119,No option on how to verify account on students. Please bring back the student id option where you can fully verified gcash account,feature_request,GCash,Google Play (Kaggle public dataset),1,2020-08-09T12:52:38.000Z,strict_rule_relabel,training
ewallet_01120,"Used it to buy load of Go90 but didn't received my load, I had to buy regular again. I got charged twice for one subscription!",payment_failure,GCash,Google Play (Kaggle public dataset),1,2020-10-29T11:50:26.000Z,strict_rule_relabel,training
ewallet_01121,Please allow student ID for verification,feature_request,GCash,Google Play (Kaggle public dataset),1,2020-08-11T02:57:48.000Z,strict_rule_relabel,training
ewallet_01123,5 for this application because how many times that I use this app and so far I didn't experience some failure of using this app it's very convenient to cash in and cashout,transfer_issue,GCash,Google Play (Kaggle public dataset),5,2020-10-27T09:46:47.000Z,strict_rule_relabel,training
ewallet_01124,Please fix your isssues and please add student id for verification.please,feature_request,GCash,Google Play (Kaggle public dataset),4,2020-08-12T06:11:07.000Z,strict_rule_relabel,training
ewallet_01125,Hello!!! Can someone tell me why the F$&#&# Cash In feature's not working..badly need na malagyan ng laman para hindi ma deactivate Thanks!!!,transfer_issue,GCash,Google Play (Kaggle public dataset),1,2020-10-27T13:37:05.000Z,strict_rule_relabel,training
ewallet_01126,"Almost 3day my Gcash is not working allways oops we're sorry! Try again later, Why my Gcash is like this I'm so disappointed I transfer my salary here in online but when. I need to buy load and send money to another gcash it allways like this, Pls. Fix this problem Wi did trust your app Thanks for the concern.",transfer_issue,GCash,Google Play (Kaggle public dataset),1,2020-10-30T06:26:44.000Z,strict_rule_relabel,training
ewallet_01128,"i dont know but when I invested on GCash Invest, I cant open my account now. What could be the problem.",transfer_issue,GCash,Google Play (Kaggle public dataset),2,2019-06-25T03:01:30.000Z,strict_rule_relabel,training
ewallet_01129,Full of errors with PayPal cash in.,transfer_issue,GCash,Google Play (Kaggle public dataset),1,2020-11-01T19:06:27.000Z,strict_rule_relabel,training
ewallet_01130,This is a very unsecure system. Especially when you turn the contacts syncing on. You will definitely have a great chance to hack other accts in your directory just by guessing the MPIN. You guys should prioritize the upgrade of your security like MFA or even use a damn password as what coins.ph app is doing! I must admit you have more services than coins.ph app but if you have a very unsecure system you better shut off your business.,account_access_issue,GCash,Google Play (Kaggle public dataset),1,2020-04-08T01:53:26.000Z,strict_rule_relabel,training
ewallet_01133,Please include Student ID to your ID options. It will be so much help for students like me without other valid/gov. ID. Thank you.,feature_request,GCash,Google Play (Kaggle public dataset),2,2020-08-13T06:45:28.000Z,strict_rule_relabel,training
ewallet_01134,So many bugs! I tried to pay my meralco bill and said error. Fix your app please. now i don't know if it was fully paid. And the app said it will be posted within 24 hours. 2 days past i don't know where should i check the post payment.,payment_failure,GCash,Google Play (Kaggle public dataset),1,2020-10-31T08:17:27.000Z,strict_rule_relabel,training
ewallet_01138,"THIS APP IS A SCAMl! Don't download it & don't put any money in it or you will lose it! I could not pay for my groceries at a partner merchant (Landmark) because when I scan the store's QR code, an error message says ""QR code does not exist."" Then, I tried calling GCash customer service several times, but only got a robot voice that kept asking me to enter my phone number,& when I do, the robot voice just says to go to GCash help center then cuts off the call. Avoid this app at all costs!",payment_failure,GCash,Google Play (Kaggle public dataset),1,2020-11-04T02:01:06.000Z,strict_rule_relabel,training
ewallet_01139,"I have been fan with this app since I've had it, until this issue right now where I can not cash in from my paypal acct, please fix this issue as soon as possible. Thanks",transfer_issue,GCash,Google Play (Kaggle public dataset),3,2020-11-05T00:05:59.000Z,strict_rule_relabel,training
ewallet_01141,I can't transfer my money on PayPal to gcash please fix this issue,transfer_issue,GCash,Google Play (Kaggle public dataset),3,2020-11-05T10:21:09.000Z,strict_rule_relabel,training
ewallet_01144,Why we cannot use gcash now for bills payment ? Have any update for this apps ? Just suddenly error and cant pay billspayment . No have anyuodate,payment_failure,GCash,Google Play (Kaggle public dataset),1,2020-11-07T02:51:34.000Z,strict_rule_relabel,training
ewallet_01145,cannot log in to gcash anymore,account_access_issue,GCash,Google Play (Kaggle public dataset),1,2019-06-25T11:46:26.000Z,strict_rule_relabel,training
ewallet_01146,bat di ako ma cash in sa gcash may problema ba talaga ang gcash ngayun,transfer_issue,GCash,Google Play (Kaggle public dataset),5,2020-11-05T12:54:09.000Z,strict_rule_relabel,training
ewallet_01147,"Hello Gcash Very nice app but please include Student ID sa pagpipilian for recommended ID's. Meron po kasing mga minor na gumagamit din ng Gcash like me, specially ngayon na online class, Gcash ang platform namin to pay fees (transfer money) and para ma access need namin ng verified account. I hope you can make it",feature_request,GCash,Google Play (Kaggle public dataset),4,2020-08-16T04:59:02.000Z,strict_rule_relabel,training
ewallet_01148,"It's been a couple of days since I sent a ticket to have my gcash issues fixed. I kept on getting the message transaction limit exceeded. I haven't even transferred or bought load that much and I'm even fully verified. I already did all the troubleshooting steps that was instructed through email and it still does not work. Now, i cannot buy load or send money. What is going on?",transfer_issue,GCash,Google Play (Kaggle public dataset),1,2020-11-08T05:15:17.000Z,strict_rule_relabel,training
ewallet_01149,I hate this app even though I entered the correct mpin it said that the mpin is wrong now my account is locked. I can never get my 52.50 balance in GCash again.,account_access_issue,GCash,Google Play (Kaggle public dataset),1,2019-06-25T13:09:46.000Z,strict_rule_relabel,training
ewallet_01150,unable to cash in. error. many times,transfer_issue,GCash,Google Play (Kaggle public dataset),1,2020-11-08T09:35:19.000Z,strict_rule_relabel,training
ewallet_01153,Can't log in. Error vode hjl3. Pls fix it ASAP.,account_access_issue,GCash,Google Play (Kaggle public dataset),1,2019-06-26T00:40:03.000Z,strict_rule_relabel,training
ewallet_01154,What happened to gcash now?! its not working in bank transfer. Please take action to this issue!,transfer_issue,GCash,Google Play (Kaggle public dataset),2,2020-11-09T02:19:50.000Z,strict_rule_relabel,training
ewallet_01155,I like it earning an interest. But I hope there's a chat support ready in your service too.,feature_request,GCash,Google Play (Kaggle public dataset),3,2020-08-19T03:52:58.000Z,strict_rule_relabel,training
ewallet_01156,"so far so good an awesome apps. sometimes not satisfied bec.of low data base and sometimes i need to send money i can't send, whats a problem about that?",transfer_issue,GCash,Google Play (Kaggle public dataset),4,2020-11-09T10:46:47.000Z,strict_rule_relabel,training
ewallet_01158,Can you please bring back the other id's needs to verify please back the student ids my business is needs gcash please back the student id pleaseee,feature_request,GCash,Google Play (Kaggle public dataset),1,2020-08-19T05:02:02.000Z,strict_rule_relabel,training
ewallet_01159,Very bad and disappointed with this gcash the issue regarding refund also slow process to slow to track my transaction... Communication with their respective department is bad their support... No time frame given because they cannot provide it.. resolving problem is very slow.. How if they resolve the issue next year really dissapoibted..,payment_failure,GCash,Google Play (Kaggle public dataset),1,2020-11-13T03:04:18.000Z,strict_rule_relabel,training
ewallet_01161,It's very inconvenient for those students who do not have the ids suggested for verification. I hope that gcash will add STUDENT ID in their suggested ids,feature_request,GCash,Google Play (Kaggle public dataset),1,2020-08-19T05:36:45.000Z,strict_rule_relabel,training
ewallet_01162,They keep updating this app and u can't access your account that really annoying specially when u need to used the money to pay the bills they always got error when u update,payment_failure,GCash,Google Play (Kaggle public dataset),1,2020-11-13T19:48:35.000Z,strict_rule_relabel,training
ewallet_01163,Great! Maganda sya kaso may Bank Transfer Fee na tsaka sa Cash in daming Problems unlike sa Paymaya and Coins,transfer_issue,GCash,Google Play (Kaggle public dataset),5,2020-11-13T13:19:08.000Z,strict_rule_relabel,training
ewallet_01164,It would be nice if you can add to allow scheduling of eloads.,feature_request,GCash,Google Play (Kaggle public dataset),4,2020-08-19T06:05:16.000Z,strict_rule_relabel,training
ewallet_01165,Badly needed to cash out my money but this app always had a problem! This sucks!,transfer_issue,GCash,Google Play (Kaggle public dataset),1,2020-11-18T09:07:32.000Z,strict_rule_relabel,training
ewallet_01166,I can't fully verified my account because of the ID. I hope you can add in the choices the TIN ID because that is the one kind of we have as a student. I hope you can catch the attention my suggestion. Thank you.,feature_request,GCash,Google Play (Kaggle public dataset),2,2020-08-19T06:15:31.000Z,strict_rule_relabel,training
ewallet_01167,Error in saved bills payment. Fix this.,payment_failure,GCash,Google Play (Kaggle public dataset),1,2020-11-15T06:51:13.000Z,strict_rule_relabel,training
ewallet_01168,Wr cant log in and it says theres some problem. fix it immediately,account_access_issue,GCash,Google Play (Kaggle public dataset),1,2019-06-26T03:04:17.000Z,strict_rule_relabel,training
ewallet_01170,i cannot login since yesterday. keeps on getting error message code HJL3. I clicked on Help Center but there is no info regarding this error. Pls help! I need to use GCASH now,account_access_issue,GCash,Google Play (Kaggle public dataset),3,2019-06-26T05:11:40.000Z,strict_rule_relabel,training
ewallet_01172,"i hope updates is not a ""must"" because sometimes we need to use gcash on emergency matters,not everyone has load when the app need to update. Please add options for this, like later or not now because I'm pretty sure wi will update it later.",feature_request,GCash,Google Play (Kaggle public dataset),5,2020-08-19T09:30:52.000Z,strict_rule_relabel,training
ewallet_01173,"This app is very helpful for me as i used to pay my bills and used to buy load. But as of now i can't open it, as it says Let's go Update!! When i try to update until now keeps on loading. Please help me on this issue, i need to open it and pay my electric bill.. Hoping for your feedback. Thanks",payment_failure,GCash,Google Play (Kaggle public dataset),4,2020-11-18T22:17:19.000Z,strict_rule_relabel,training
ewallet_01176,I cant open my account and i already forgot my MPIN so with the security questions what shall i do to retrieved my account pls help me thanks,account_access_issue,GCash,Google Play (Kaggle public dataset),1,2020-04-21T16:46:24.000Z,strict_rule_relabel,training
ewallet_01177,"The ""must"" update is annoying. Please add ""update later"" to the option.",feature_request,GCash,Google Play (Kaggle public dataset),3,2020-08-20T07:10:33.000Z,strict_rule_relabel,training
ewallet_01181,"i cannot log in to my gcash account since yesterday, it always says error",account_access_issue,GCash,Google Play (Kaggle public dataset),1,2019-06-27T04:44:14.000Z,strict_rule_relabel,training
ewallet_01182,Why i cannon send money to express send what wrong with the apps always error!,transfer_issue,GCash,Google Play (Kaggle public dataset),1,2020-12-09T16:33:58.000Z,strict_rule_relabel,training
ewallet_01184,"I hope they bring back the school id as an accepted valid id, since a lot of students are using this app.",feature_request,GCash,Google Play (Kaggle public dataset),5,2020-08-20T18:17:44.000Z,strict_rule_relabel,training
ewallet_01186,Can you guys please add tin I'd to the list id's? I am fully verified but now it go down to basic. Please add tin I'd to make my gcash acc to fully verified thanks,feature_request,GCash,Google Play (Kaggle public dataset),2,2020-08-22T08:11:43.000Z,strict_rule_relabel,training
ewallet_01187,"My transaction failed in Grab using GCash Mastercard. I talked to the GCash support, asking when will be my money refunded, and they want me to fill out a dispute form. Why? Your process was the one that failed in the first place. Why can't you just check your records and refund back my money? So disappointing.",payment_failure,GCash,Google Play (Kaggle public dataset),1,2020-12-08T07:29:59.000Z,strict_rule_relabel,training
ewallet_01190,GCASH DEDUCTED PAYMENT FROM FOODPANDA EVEN THOUGH THE ORDER WAS UNSUCCESSFUL. NO REFUND WAS MADE WHATSOEVER.,payment_failure,GCash,Google Play (Kaggle public dataset),1,2020-12-09T06:56:05.000Z,strict_rule_relabel,training
ewallet_01191,"I don't know what happen to my account, I can't access it anymore I can't log in, for that reason I'm giving you 1star,",account_access_issue,GCash,Google Play (Kaggle public dataset),1,2019-06-27T10:37:33.000Z,strict_rule_relabel,training
ewallet_01192,What happen to may GCash automatic 15 adjustment for my balance its a crop. Have many problems regarding cash in always offline on 7/11 store. Cash in 500pesos charge 40pesos on Allday store.t,transfer_issue,GCash,Google Play (Kaggle public dataset),1,2020-12-26T09:09:35.000Z,strict_rule_relabel,training
ewallet_01194,Appreciate the customer service. My issue regarding bills payment was resolved within 12 hours. Trustworthy e-wallet!,payment_failure,GCash,Google Play (Kaggle public dataset),5,2020-12-11T05:54:28.000Z,strict_rule_relabel,training
ewallet_01195,"you cannot log in to the app when it is inactive for 2 months which is just so annoying. You will need to go through the same verification steps again if you want it re installed. Then there's a system glitch with the mpin. It sends you this message with the temporary mpin and then when you try to log in using that mpin, it won't let you.",account_access_issue,GCash,Google Play (Kaggle public dataset),1,2019-06-27T13:11:14.000Z,strict_rule_relabel,training
ewallet_01197,Please allow Postal ID in verifying an account. It is also a Primary ID. Thanks,feature_request,GCash,Google Play (Kaggle public dataset),4,2020-08-24T06:42:16.000Z,strict_rule_relabel,training
ewallet_01198,"Matagal na akong user ng GCASH. Ok naman pero lagi nagkaka issue. For ex. Bank transfer didn't pushed through. I need to wait for 1- 2 days to have my fund back. Currently, having issues with my paybills. I've been reaching out for a couples of days. Still hindi nareresolve ang issue. Lagi sabi escalated, being handled or kaya prioritized pero wala namang nangyayari. Sabi always monitor my ticket. Pero wala namang nangyayari. Poor customer service.",transfer_issue,GCash,Google Play (Kaggle public dataset),1,2020-12-27T07:58:57.000Z,strict_rule_relabel,training
ewallet_01199,Referred a friend but didnt receive the 50 scammer,transfer_issue,GCash,Google Play (Kaggle public dataset),1,2020-04-27T02:35:31.000Z,strict_rule_relabel,training
ewallet_01200,"can you please add PRC ID for fully verified, it is also a government id issued , thats the only id i have",feature_request,GCash,Google Play (Kaggle public dataset),4,2020-08-24T09:04:52.000Z,strict_rule_relabel,training
ewallet_01203,"Very poor system service, customer service, always have maintenance in expected days like during billing period. They locked my account due to ""fraud"" tracing as their CSR and supervisors I have spoken with. I asked what and why? They cannot explain. At first, I cash-in around 3k and I can't use it for oaying bills as they said due to maintenance. I've waited long, I even emailed them but got no response. Second, this time of quarantine, from March, I can't still open my account til today.",transfer_issue,GCash,Google Play (Kaggle public dataset),1,2020-04-27T03:13:05.000Z,strict_rule_relabel,training
ewallet_01205,Encountered hjl3 error. Can't log in. Why?,account_access_issue,GCash,Google Play (Kaggle public dataset),1,2019-06-28T09:49:01.000Z,strict_rule_relabel,training
ewallet_01206,GCash issue always. I can't cash in through PayPal,transfer_issue,GCash,Google Play (Kaggle public dataset),1,2020-12-30T00:25:51.000Z,strict_rule_relabel,training
ewallet_01207,I was dissapoint because of some error and one of this is to verification but in the screen we dont have a GET VERIFIED so icant cash out my money and because of this my atm in gcash card have a problem and i cant withdraw please fixx,transfer_issue,GCash,Google Play (Kaggle public dataset),1,2020-12-30T06:51:37.000Z,strict_rule_relabel,training
ewallet_01208,Problem when scanning qr code. Cannot pay using this app!,payment_failure,GCash,Google Play (Kaggle public dataset),1,2020-12-16T09:30:22.000Z,strict_rule_relabel,training
ewallet_01209,"Goodevening, gcash. Why i cannot open my gcash account? Everytime i enter my mpin to log in but it says. THERE SEEMS TO BE A PROBLEM. please try again later. (CODE HJL3) Please fix this, i need to open my gcash account now!",account_access_issue,GCash,Google Play (Kaggle public dataset),2,2019-06-28T12:28:00.000Z,strict_rule_relabel,training
ewallet_01210,"I've been using this app for almost a year but the App is slow now! Very slow to load! Especially in the beginning. It's very inconvenient and irritating when you really need to send money quickly. My internet is not the problem, just the Gcash app itself. Hope it can be resolved in the next update.",transfer_issue,GCash,Google Play (Kaggle public dataset),1,2021-01-05T04:31:28.000Z,strict_rule_relabel,training
ewallet_01211,"You can't cash out your money in palawan,cebuana, and all only cash in, what a big ""scam""?",transfer_issue,GCash,Google Play (Kaggle public dataset),1,2020-04-28T10:23:46.000Z,strict_rule_relabel,training
ewallet_01212,0 rate since December 06 requesting for verification because I need to pay bills..but it keeps on rejected even if you did everything to get verified poor systems...not recommended to family and friends..I hate this apps...bad experience because I can't take my money back,payment_failure,GCash,Google Play (Kaggle public dataset),1,2020-12-18T07:13:09.000Z,strict_rule_relabel,training
ewallet_01213,Gcash why have error to send money.im so frustated too much i dont how to fix it,transfer_issue,GCash,Google Play (Kaggle public dataset),2,2021-01-05T20:17:01.000Z,strict_rule_relabel,training
ewallet_01214,Sana may Transfer from Security Bank to G-Cash.,transfer_issue,GCash,Google Play (Kaggle public dataset),4,2020-04-28T14:14:39.000Z,strict_rule_relabel,training
ewallet_01216,I WAS DEBITED TWICE AND WANTS ME TO WAIT FOR THREE MONTHS FOR A REFUND.,payment_failure,GCash,Google Play (Kaggle public dataset),1,2020-12-19T01:26:07.000Z,strict_rule_relabel,training
ewallet_01218,Nag cash in ako. Tapos sabi sa system ng lbc success pero nag failed pala kay gcash. Sent a ticket . Up until now di parin nababalik. Ang mahal ng interest . Talo pa bangko,transfer_issue,GCash,Google Play (Kaggle public dataset),1,2021-01-06T14:59:11.000Z,strict_rule_relabel,training
ewallet_01219,"Poor customer service, I was not able to receive my cash-in which was supposed to be a payment monthly dues, due to system failure. Now a couple of days later, no feedback from support. The inconvenience to follow up every day. The service the app offers does not serve its purpose. Now I'm planning to withdraw all my money from the app but afraid to do so because it might not reflect again.",transfer_issue,GCash,Google Play (Kaggle public dataset),1,2020-12-19T20:38:32.000Z,strict_rule_relabel,training
ewallet_01223,This app always fails me whenever I try to pay a merchant by scanning its QR code. I use a Samsung Galaxy A71. It doesn't read the QR code. My phone works fine wheneve I use PayMaya. I would have rated this app 1 star but it works fine for online payments so it's 2 stars for me.,payment_failure,GCash,Google Play (Kaggle public dataset),2,2020-12-21T11:01:55.000Z,strict_rule_relabel,training
ewallet_01224,It deducts money in your bank account when you cash in even though it shows as failed.,transfer_issue,GCash,Google Play (Kaggle public dataset),1,2021-01-10T09:04:11.000Z,strict_rule_relabel,training
ewallet_01225,"Hi! This app is a one click away payment process which is really in demand in this time of pandemic. But I hope that gcash would allow students 18 years old and above be verified via school id. The ""other id"" option is gone now.",feature_request,GCash,Google Play (Kaggle public dataset),4,2020-08-26T16:40:42.000Z,strict_rule_relabel,training
ewallet_01226,"I ve Cash In at around 10am today but problem.is i donth receive any amount up to night ., Where do i go with this ????",transfer_issue,GCash,Google Play (Kaggle public dataset),1,2021-01-11T10:47:42.000Z,strict_rule_relabel,training
ewallet_01227,QR Scanner is not working. I've tried it in different establishments these past few days but cannot read the QR Codes. I've also tried uninstalling and re-installing but still it doesn't work.,payment_failure,GCash,Google Play (Kaggle public dataset),1,2020-12-24T09:24:55.000Z,strict_rule_relabel,training
ewallet_01228,I hope you can bring back the student id option when getting verified.,feature_request,GCash,Google Play (Kaggle public dataset),2,2020-08-31T02:36:45.000Z,strict_rule_relabel,training
ewallet_01229,i cannot log in. an error code always appear (CODE HJL3),account_access_issue,GCash,Google Play (Kaggle public dataset),1,2019-06-30T06:06:11.000Z,strict_rule_relabel,training
ewallet_01232,"The app is good, pretty convenient and saves more money but I do have one concern. Please add the student's ID as a form of verification for us students who can't get other ID's yet. No matter how many times I restart the app, there's no option for student's ID in any of the accepted ID's listed in the verification. I hope my concern reaches you soon, thankyou.",feature_request,GCash,Google Play (Kaggle public dataset),4,2020-09-01T09:23:44.000Z,strict_rule_relabel,training
ewallet_01233,"Nice, but always giving me a notification where the transaction are unsuccessfully...big hastle for me , ill pay it",payment_failure,GCash,Google Play (Kaggle public dataset),4,2020-12-28T01:24:20.000Z,strict_rule_relabel,training
ewallet_01235,"Its always on error, keep and keep trying but always like that. Not too reliable when you need to send money urgenr as the app keeps having error. Hopefully you can find ways to improve your app. Thanks",transfer_issue,GCash,Google Play (Kaggle public dataset),3,2021-01-20T22:04:07.000Z,strict_rule_relabel,training
ewallet_01236,"It's really unfortunate to those students who can't validate their accounts because they do not have the recommended ID's. I hope you can add more options in the identification cards, like school IDs, etc.",feature_request,GCash,Google Play (Kaggle public dataset),3,2020-09-02T04:27:22.000Z,strict_rule_relabel,training
ewallet_01237,if i use my Gcredit to pay my payment in everywhere that have gcash but it is always decline. i dont know why but i always use gcash. and my gscore is 400+ please explain why is this happen to me.,payment_failure,GCash,Google Play (Kaggle public dataset),1,2021-01-04T09:14:10.000Z,strict_rule_relabel,training
ewallet_01239,"Even though I've been a long time Gcash user, I have to admit it has way more issues than Paymaya. Its always on service maintenance, transactions are slow, and customer service support is barely able to help. I made a purchase at Puregold and the transaction failed. The amount was already debited from my account but Puregold did not receive the payment and did not allow me to leave with my purchase. It's been 3 days and my account still hasn't been refunded. Beware of this app!",payment_failure,GCash,Google Play (Kaggle public dataset),1,2021-01-05T05:45:13.000Z,strict_rule_relabel,training
ewallet_01241,ANO BAYAN GCASH 2 DAYS NG ERROR AH! PANO KAMI MAKAKAPAG CASH OUT NYAN!,transfer_issue,GCash,Google Play (Kaggle public dataset),1,2021-01-29T01:40:35.000Z,strict_rule_relabel,training
ewallet_01242,Please bring back Student's ID in the Recommended ID to get fully verified. I need to be verified because there are things/payments that needs to be done through online. Thankyou,feature_request,GCash,Google Play (Kaggle public dataset),3,2020-09-03T09:55:39.000Z,strict_rule_relabel,training
ewallet_01243,Payment for bills does not reflect on inbox and when proceeding to payment been receiving errors then the amount for bills is deducted on my balance,payment_failure,GCash,Google Play (Kaggle public dataset),1,2021-01-05T11:04:54.000Z,strict_rule_relabel,training
ewallet_01245,"Kinda tried to install-reinstall the app, kinda forgot my mpin, and all security questions and cannot retrieve my account... is there anyway I can still retrieve my account without these, like emails or something?",account_access_issue,GCash,Google Play (Kaggle public dataset),2,2020-05-01T12:42:16.000Z,strict_rule_relabel,training
ewallet_01246,Maybe you should add fingerprint verification instead of just MPIN? It's tiring to keep entering my pin.,account_access_issue,GCash,Google Play (Kaggle public dataset),4,2020-09-04T04:21:49.000Z,strict_rule_relabel,training
ewallet_01249,i cannot log in now in the app im getting an error code hjl3,account_access_issue,GCash,Google Play (Kaggle public dataset),1,2019-07-01T13:11:39.000Z,strict_rule_relabel,training
ewallet_01250,Delayed cash in using Union Bank atm account. Service sucks!!!!,transfer_issue,GCash,Google Play (Kaggle public dataset),1,2021-02-16T06:22:41.000Z,strict_rule_relabel,training
ewallet_01253,please bring back the student's id option.,feature_request,GCash,Google Play (Kaggle public dataset),2,2020-09-06T03:18:16.000Z,strict_rule_relabel,training
ewallet_01254,Pay QR is not working on Samsung A71. Please fix this.,payment_failure,GCash,Google Play (Kaggle public dataset),1,2021-01-10T13:33:16.000Z,strict_rule_relabel,training
ewallet_01255,I gave this app 1 star review a year ago. But now I'm fully satisfied and happy about their improvements. I had a problem before w/ my cash in but it was resolved within 24 hrs. Good Job Gcash,transfer_issue,GCash,Google Play (Kaggle public dataset),5,2021-02-17T22:35:05.000Z,strict_rule_relabel,training
ewallet_01256,"It helpful app to everyone,but hoping for other security measures like long password or fingerprint scanner",account_access_issue,GCash,Google Play (Kaggle public dataset),3,2020-05-02T18:53:08.000Z,strict_rule_relabel,training
ewallet_01257,Please add School ID'S back like before,feature_request,GCash,Google Play (Kaggle public dataset),1,2020-09-06T12:34:53.000Z,strict_rule_relabel,training
ewallet_01258,"Gcash is the only e-wallet I have ever since it started. I love how it is widely used now and how it improved over time. I can conveniently cash in thru the two biggest convenience stores. I can transfer funds to banks, shopping app or other users. I can pay a lot of bills. Some system lags and problems is understandable as users are increasing every day. Customer service is pretty quick to answer. When I say quick it takes a day or two. And that works for me well.",transfer_issue,GCash,Google Play (Kaggle public dataset),5,2021-01-12T14:16:38.000Z,strict_rule_relabel,training
ewallet_01261,They must add student ID as for accounts verification specially right now that transactions are through internet/GCash.,feature_request,GCash,Google Play (Kaggle public dataset),1,2020-09-07T00:12:04.000Z,strict_rule_relabel,training
ewallet_01263,"This is making me hard to verify for save money feature. TIN ID is not allowed? Please include it because it is the ID every people use. Why omit it in Valid ID list? Help please, I want to save money and TIN ID is the only ID I have now.",feature_request,GCash,Google Play (Kaggle public dataset),1,2020-09-07T11:30:50.000Z,strict_rule_relabel,training
ewallet_01264,"It is indeed helpful to pay bills or send E-loads but it errors all of the sudden. If I hadn't updated it, I might not be able to open and utilize it. There was no notification sent as well that it needs to be updated. It was a horrible experience as I badly need to pay that day. I ended up finding other means tho. Please do ways to improve your app.",payment_failure,GCash,Google Play (Kaggle public dataset),3,2021-01-14T23:19:12.000Z,strict_rule_relabel,training
ewallet_01265,Cannot cash in from WU. I have a correct MTCN but always says error.,transfer_issue,GCash,Google Play (Kaggle public dataset),2,2021-02-21T12:31:06.000Z,strict_rule_relabel,training
ewallet_01266,Please add fingerprint or face entry for easier access,feature_request,GCash,Google Play (Kaggle public dataset),5,2020-09-09T21:09:57.000Z,strict_rule_relabel,training
ewallet_01267,Worst payment channel ever. I always get an error when paying my bills here. And it will took 3-4 days to validate your payment and after that get refunded to your account. Imagine waiting for that amount of time just to know if your payment is ok. Coins ph or paymaya is a better option than this.,payment_failure,GCash,Google Play (Kaggle public dataset),1,2021-01-18T06:03:04.000Z,strict_rule_relabel,training
ewallet_01268,Always with tech issues when you tried to cash in mostly in 7/11,transfer_issue,GCash,Google Play (Kaggle public dataset),2,2021-02-25T09:59:45.000Z,strict_rule_relabel,training
ewallet_01270,Money gram cash in not working again,transfer_issue,GCash,Google Play (Kaggle public dataset),3,2021-03-01T01:30:15.000Z,strict_rule_relabel,training
ewallet_01272,can't log in. please repair or attend to this matter,account_access_issue,GCash,Google Play (Kaggle public dataset),2,2019-07-02T15:01:11.000Z,strict_rule_relabel,training
ewallet_01273,its good but theres a problem what about the students wants to send money to other??we dont have some primary ID. please put some stundent ID we really need this to buy some things for school or food anything.,transfer_issue,GCash,Google Play (Kaggle public dataset),1,2021-03-03T09:35:53.000Z,strict_rule_relabel,training
ewallet_01276,no rebates. the transaction log is not working.the deduction when you cash in is too much.,transfer_issue,GCash,Google Play (Kaggle public dataset),3,2021-01-22T03:00:21.000Z,strict_rule_relabel,training
ewallet_01279,"HEY! I REALLY DON'T KNOW BECAUSE I'M WAITING A CONFIRMITION CODE TO REGISTER FOR A MONTH NOW! I'VE BEEN DOING EVERYTHING BUT I RECEIVED NOTHING, I AM VERY SURE THAT MY NUMBER'S CORRECT AND MAY INTERNET'S STABLE, I HOPE YOU GUYS WOULD ANSWER THIS.",feature_request,GCash,Google Play (Kaggle public dataset),1,2020-09-15T12:22:21.000Z,strict_rule_relabel,training
ewallet_01280,"gcash now la na wenta .Dami na nanakawan .Isa pa bkit ganun? ndi q lang nilamanan Ang gcash q ndi qna mabuksan! eh mlaki Po aq mglagay s gcash 5k to 3k pahirapan nio pa subscriber! ,pro Ang scammer madali lang mkapag nakaw s gcash SA MGA pakulo Nila na mi free 2k panalo Ang gcash! ,,instead pahirapan nio kmi s pagbukas ng account namin ,,asikasuhin nio nalang Ang MGA manloloko @ scammer .Isa pa asikasuhin nio Ang serbisyo nio xeh Dami na rekkamo mag load ng mali8 na halaga pro nbbawasan malaki",transfer_issue,GCash,Google Play (Kaggle public dataset),1,2020-05-07T23:40:34.000Z,strict_rule_relabel,training
ewallet_01282,ill give you guys a five star if you can solve my problem who the hell cash in my money in paypal to gcash fix this or i will sue you,transfer_issue,GCash,Google Play (Kaggle public dataset),5,2021-03-10T12:58:40.000Z,strict_rule_relabel,training
ewallet_01286,I can't log in after i updated,account_access_issue,GCash,Google Play (Kaggle public dataset),2,2019-07-04T09:35:15.000Z,strict_rule_relabel,training
ewallet_01289,"This app is not working properly and it's so lag, my freebies (first gcash user freebies P70) is not go through my gcash wallet. Even my wifi is pretty fast, this can't work properly even when I sign up. When I want to add a bill payment I can't add, because of the app/network is not working. ""Try again"". I'm going to uninstall this if I can't have a answer and have a changes in this.",payment_failure,GCash,Google Play (Kaggle public dataset),1,2021-01-25T15:39:09.000Z,strict_rule_relabel,training
ewallet_01292,"i order a gcash master card and i receive sms on how to pay for the card like pay bills> payment solution> gcash master card but that ""gcash master card"" is unable or has some error ... and im about to miss the 2 day given for the payment for my gcash master card because of that error...",payment_failure,GCash,Google Play (Kaggle public dataset),1,2021-01-27T18:38:25.000Z,strict_rule_relabel,training
ewallet_01293,"Before even you dont have load for mobile data,you can still use gcash to buy load or send money. Now, it's not working anymore. You should always have load for data before using it.",transfer_issue,GCash,Google Play (Kaggle public dataset),3,2021-03-13T02:49:12.000Z,strict_rule_relabel,training
ewallet_01294,"I've never used this app. I installed it and sign up but what the heck? It keeps on asking me of my MPIN but I never encounter it during signing up. I tried to click the forgot MPIN hoping that it will be a help but its all useless, its asking me of the security questions but even I typed the answers it respond that I got wrong answer to some of the questions. Hmp! So disappointed!! Not recommended.",account_access_issue,GCash,Google Play (Kaggle public dataset),1,2020-05-09T02:00:59.000Z,strict_rule_relabel,training
ewallet_01295,Please fix the problem right now. I have to pay my bills today.,payment_failure,GCash,Google Play (Kaggle public dataset),1,2021-01-28T04:36:08.000Z,strict_rule_relabel,training
ewallet_01297,Please add student id,feature_request,GCash,Google Play (Kaggle public dataset),1,2020-09-20T08:20:43.000Z,strict_rule_relabel,training
ewallet_01298,This app charged me twice! And gcash customer service is not that helpful at all. It's been more than a month and I still haven't got my refund. INSTEAD OF INVESTING YOUR MONEY ON ADVERTISING ON EXPENSIVE CELEBRITIES YOU SHOULD HAVE FOCUSED ON YOUR SERVICES WHICH IS MORE HELPFUL.,payment_failure,GCash,Google Play (Kaggle public dataset),1,2021-01-29T12:30:51.000Z,strict_rule_relabel,training
ewallet_01303,can you add Student ID for college students who dont have other ids yet in fully verified?,feature_request,GCash,Google Play (Kaggle public dataset),3,2020-09-24T13:48:32.000Z,strict_rule_relabel,training
ewallet_01304,"4 star because, you cannot use GCredit for all merchants. Specially 7/11 when you select GCredit as a payment option it will not transact. Payment failed 100% of the time.",payment_failure,GCash,Google Play (Kaggle public dataset),4,2021-02-03T12:00:03.000Z,strict_rule_relabel,training
ewallet_01305,"Why is that there is no Student ID recommended for verification? What if the user was a student and he/she doesn't have any valid ID's recommended for verification, how can he/she verified his/her account? This thing makes a difficulty to me because I'm still a student and I don't have any valid ID's recommended in the Gcash app. That's why I can't verified my Gcash account. I hope it might consider someday. It's just a suggestion. Thank you.",feature_request,GCash,Google Play (Kaggle public dataset),5,2020-09-26T14:49:34.000Z,strict_rule_relabel,training
ewallet_01306,poor rating cannot log in,account_access_issue,GCash,Google Play (Kaggle public dataset),1,2019-07-06T07:19:09.000Z,strict_rule_relabel,training
ewallet_01307,App is good but the issue is I can't cash in money from PayPal to gcash please fix this problem as soon as possible.,transfer_issue,GCash,Google Play (Kaggle public dataset),2,2021-04-04T10:06:01.000Z,strict_rule_relabel,training
ewallet_01309,Yung QR Code using Samsung A71 minsan lang gumana. Mukang app ang problem kasi QR code outside gcash app gumagana. Meron bang problem compatibility ng gcash to A71 phone?,payment_failure,GCash,Google Play (Kaggle public dataset),2,2021-02-08T13:20:51.000Z,strict_rule_relabel,training
ewallet_01312,I used my gcash mastercard for an online payment. The notification stated that the transaction was unsuccessful but my card was charged. The useless as ever customer service is not of any help. I thought using gcash is for convenience but it turned to be the opposite. USELESS AND FRUSTRATING,payment_failure,GCash,Google Play (Kaggle public dataset),1,2021-02-09T08:17:41.000Z,strict_rule_relabel,training
ewallet_01313,"Can you bring back the Student ID option for account verification? Alot of students need it more than ever since the academic year right now is online. Also can you fix the camera for account verification? I took so many clear photos of my passport and it still says that its unclear. Lastly fix the email verification code, I haven't received a code since I installed this app. I clicked on resend code dozens of times already. Thank you, I hope you would fix the issues i stated above.",feature_request,GCash,Google Play (Kaggle public dataset),2,2020-09-30T00:00:42.000Z,strict_rule_relabel,training
ewallet_01314,i can't log in to the app,account_access_issue,GCash,Google Play (Kaggle public dataset),1,2019-07-07T12:36:14.000Z,strict_rule_relabel,training
ewallet_01318,"Hello, I would suggest that you'll allow a student's ID because I see other people having financial problems and I want to donate but I can't because I'm just a student and I can't be verified. I don't want to wait for years to be able to get a valid ID. Please accept my suggestion",feature_request,GCash,Google Play (Kaggle public dataset),4,2020-09-30T10:03:38.000Z,strict_rule_relabel,training
ewallet_01319,"Gcash promises you almost everything, but cashing in is a problem. Merchant partners has always problems. Sometimes i have to check almost all branches of 7/11 and SM in our place only to be told they have problems with their merchant partners and transaction cannot push through. I ended up making a cashin on a bbq vendor paying 20% of the amount just to complete a cash in.. SO FRUSTRATING!!!!",transfer_issue,GCash,Google Play (Kaggle public dataset),1,2021-02-12T02:08:10.000Z,strict_rule_relabel,training
ewallet_01324,It's so Hard to recover the password. Too Many security questions. It's frustrating.,account_access_issue,GCash,Google Play (Kaggle public dataset),1,2020-05-18T12:34:07.000Z,strict_rule_relabel,training
ewallet_01325,cannot login ever since the update. error code HJL3,account_access_issue,GCash,Google Play (Kaggle public dataset),1,2019-07-08T04:31:09.000Z,strict_rule_relabel,training
ewallet_01326,"Great app but wouldnt trust it with large amount of money since costumer service wont help you with discrepancies within their system i.e. missing funds, not credited cash in",transfer_issue,GCash,Google Play (Kaggle public dataset),1,2021-04-11T02:59:50.000Z,strict_rule_relabel,training
ewallet_01327,I wish we could cashin paypal via gcash also..,transfer_issue,GCash,Google Play (Kaggle public dataset),5,2020-10-01T01:35:38.000Z,strict_rule_relabel,training
ewallet_01328,It keeps throwing an error message when I pay for bills,payment_failure,GCash,Google Play (Kaggle public dataset),3,2021-02-16T01:53:14.000Z,strict_rule_relabel,training
ewallet_01329,I really don't know..now a days..evrytime I cash in..always says.. were enable yo cash in..so..it always fails...,transfer_issue,GCash,Google Play (Kaggle public dataset),1,2021-04-11T05:55:24.000Z,strict_rule_relabel,training
ewallet_01330,im out of words. kindly add a negative star option to rate you. thats what you are.,feature_request,GCash,Google Play (Kaggle public dataset),1,2020-10-01T05:52:41.000Z,strict_rule_relabel,training
ewallet_01331,"-Very poor customer support -When paying bills, sometimes an errror code appears but if you retry transacting the payment it says that the payment has been processed already. -Electronic receipt is sometimes not being issued -Posting date of payment is slow -It says that money deducted for load payment that was not successful will be returned the next day but it's not. It has been 2 days already but I haven't received my money yet. PlsFixThis",payment_failure,GCash,Google Play (Kaggle public dataset),2,2021-02-16T04:16:08.000Z,strict_rule_relabel,training
ewallet_01332,I filled a ticket for missing cash in transaction i made but still was not resolved. I was very disappointed,transfer_issue,GCash,Google Play (Kaggle public dataset),1,2021-04-11T12:21:26.000Z,strict_rule_relabel,training
ewallet_01333,I hope they would not update frequently because I have a poor internet connection and can't use it because I need to updatw it first.,feature_request,GCash,Google Play (Kaggle public dataset),3,2020-10-01T10:14:34.000Z,strict_rule_relabel,training
ewallet_01335,"Whenever I pay bills I always get an error, yet the amount is deducted. The error was ""An invalid response was received from the upstream server"". Amount is deducted and seems to go through but there is no receipt.",payment_failure,GCash,Google Play (Kaggle public dataset),3,2021-02-16T16:42:09.000Z,strict_rule_relabel,training
ewallet_01337,"Ticket number 16041578 was created and raised for the account being charged twice last December 31 2020. Up until now even after I paid the full amount including the doublw charged amount, the email and chat support are unresponsive and do nit give feedback",payment_failure,GCash,Google Play (Kaggle public dataset),1,2021-02-17T01:17:05.000Z,strict_rule_relabel,training
ewallet_01338,Please add student in full verifying,feature_request,GCash,Google Play (Kaggle public dataset),3,2020-10-01T14:52:12.000Z,strict_rule_relabel,training
ewallet_01339,Cant pay bills required email but if you type your email its always error... Sometimes it double the load payment And cant contact costumer service,payment_failure,GCash,Google Play (Kaggle public dataset),1,2021-02-17T07:12:55.000Z,strict_rule_relabel,training
ewallet_01340,I cannot log in. Why is this?,account_access_issue,GCash,Google Play (Kaggle public dataset),1,2019-07-09T07:56:06.000Z,strict_rule_relabel,training
ewallet_01341,"The money that send to me is take to long to receive, in emportant needs it can't be use coz it error, I have one money gram cash in but it can't be cash in, and it send direct to my Gcash yesterday but until now the money I did not receive it yet!!! Come on what is going on fix this or I will report your app, it's an error, I will post it in social media that this app is to bad. I have a lot of prove coz I have a lot of screen shot, and recipe",transfer_issue,GCash,Google Play (Kaggle public dataset),1,2021-04-13T01:51:48.000Z,strict_rule_relabel,training
ewallet_01342,"At first I thought they did a good job because you can access the app even if you don't have data subscription to globe, so that I can load my simcard using gcash and have a data promo allocation. But then one time my data promo expired and as usual I load using gcash so can I have internet but then it asked me to update first before using the app, so how the hell can I update the app without internet connection? Suggestion, made a free access website that we can dl these necessary apps",feature_request,GCash,Google Play (Kaggle public dataset),3,2020-10-02T12:53:29.000Z,strict_rule_relabel,training
ewallet_01343,unable to use QR code scan (for purchasing goods) with other phones such as Vivo V17 Pro. The app should be compatible with all phone units.,payment_failure,GCash,Google Play (Kaggle public dataset),1,2021-02-18T07:31:19.000Z,strict_rule_relabel,training
ewallet_01344,"Though this app helps a lot.. it also caused problem. I had sent money through bank transfer but my receiver didn't receive it..yet it deducted to my account. Upon reaching their poor customer service, it caused me headache. How come my receiver didnt receive it????? Where did it go then????? Enlightened me..so disappointed !!!!!!",transfer_issue,GCash,Google Play (Kaggle public dataset),1,2021-04-13T09:39:21.000Z,strict_rule_relabel,training
ewallet_01345,"Very convenient to use. As for the GSave, after I had encounter some difficulties on widrawing my money, I didnt use it again. And there were some news on FB that there were some people who had cash-in large sum of money and they were on agony now because their number had been deactivated or something, and so they lost their money.yes, seems like a scam.i dont know if it is true though.",transfer_issue,GCash,Google Play (Kaggle public dataset),4,2020-05-25T23:44:20.000Z,strict_rule_relabel,training
ewallet_01347,"This has been going for several days now. I've been trying to buy load, the app shows me the receipt with the transaction reference number BUT seconds after a text message from gcash comes saying that the transaction was unsuccessful. FIX THIS! I did not put my momey on Gcash for it to be useless!",payment_failure,GCash,Google Play (Kaggle public dataset),1,2021-02-19T03:00:55.000Z,strict_rule_relabel,training
ewallet_01349,good you use. although theres a problem on cashout,transfer_issue,GCash,Google Play (Kaggle public dataset),5,2021-04-14T11:57:42.000Z,strict_rule_relabel,training
ewallet_01350,Please allow more id for verification like postal id and prc id. Or a student id,feature_request,GCash,Google Play (Kaggle public dataset),3,2020-10-04T07:51:15.000Z,strict_rule_relabel,training
ewallet_01353,"Very nice app. but problem to send money, Please increase exceed for send money or remove exceed. very helpful for everyone to remove exceed! Thanks",transfer_issue,GCash,Google Play (Kaggle public dataset),5,2021-04-16T06:19:47.000Z,strict_rule_relabel,training
ewallet_01355,"I would to like to convert load to gcash, just like before, but now it sucks i can't even to convert it.. Please add some feature to convert to load to gcash.",feature_request,GCash,Google Play (Kaggle public dataset),1,2020-10-06T19:40:40.000Z,strict_rule_relabel,training
ewallet_01357,Worst ever choosing my own password is not applicable I try 1000 times of different numbers but it said no it's error the worst ever very hard to use unusefull it's not a scam but an option for scamers,account_access_issue,GCash,Google Play (Kaggle public dataset),1,2020-05-27T15:50:11.000Z,strict_rule_relabel,training
ewallet_01358,i cant verify my account. and it said that may account is locked. how can i unlock that?,account_access_issue,GCash,Google Play (Kaggle public dataset),1,2019-07-11T13:43:21.000Z,strict_rule_relabel,training
ewallet_01359,"After their recent update, copy paste option is no longer supported... you may use the recently used number or you have to manually enter the number if you want to send money. All contact option is not working as well.",transfer_issue,GCash,Google Play (Kaggle public dataset),2,2021-04-18T07:15:16.000Z,strict_rule_relabel,training
ewallet_01360,please help me i cannot send money right now it error it says that our system is buzy and ill wait in 72 hours OMG,transfer_issue,GCash,Google Play (Kaggle public dataset),1,2021-04-19T16:18:08.000Z,strict_rule_relabel,training
ewallet_01361,Suggestion: Please make scanner of barcode more easier so we can scan MRN meralco easier. Thanks!,feature_request,GCash,Google Play (Kaggle public dataset),4,2020-10-11T18:40:13.000Z,strict_rule_relabel,training
ewallet_01363,very disappointed. I cannot login for weeks and cannot access my funds :(,account_access_issue,GCash,Google Play (Kaggle public dataset),1,2019-07-12T05:38:24.000Z,strict_rule_relabel,training
ewallet_01364,"It's scary for a fintech app to have so many recurring issues. Minsan na nga lang mag cash in, tas timing pa saka down. It looks like something always goes down. It's not the kind that gives you an error upfront. No. Money disappears from your account first but not credited to another. I just hope there are no bugs in your very process of rolling back transactions",transfer_issue,GCash,Google Play (Kaggle public dataset),2,2021-04-20T02:42:23.000Z,strict_rule_relabel,training
ewallet_01365,Limited valid ids. Please add TIN ID and SCHOOL ID for the valid ids.,feature_request,GCash,Google Play (Kaggle public dataset),1,2020-10-12T02:03:51.000Z,strict_rule_relabel,training
ewallet_01366,"Hi Gcash, how can i recover my gcash acc if i forgot to chage my temporary mpin? I want to cash out but i can't log in into my gcash account.",account_access_issue,GCash,Google Play (Kaggle public dataset),3,2019-07-12T07:53:44.000Z,strict_rule_relabel,training
ewallet_01367,Please add more ID options for verification like postal or TIN ID .......,feature_request,GCash,Google Play (Kaggle public dataset),1,2020-10-13T05:15:42.000Z,strict_rule_relabel,training
ewallet_01368,Save receipt button after payment is not working. Already performed clear cache & clear data. Also reinstalled. App permissions allowed except location & microphone (I doubt microphone & location have direct connection for downloading the receipt after payment). I have been having this issue since the last 2 version updates.,payment_failure,GCash,Google Play (Kaggle public dataset),2,2021-03-07T01:28:19.000Z,strict_rule_relabel,training
ewallet_01369,"I used to love this app so much but after a failed cash in (funds were deducted from my bank account but didn't receive it in my GCash) and seriously not getting customer support, I'm giving this 1 star until you guys fix this. I need my funds.",transfer_issue,GCash,Google Play (Kaggle public dataset),1,2021-04-24T11:57:40.000Z,strict_rule_relabel,training
ewallet_01370,Good evening gcash I hope you could help me what will I do ?I can't open my gcash up because the SIM I'm using was expired I can't recieved code Everytime I need to log in please help me recover my account there is still money inside,feature_request,GCash,Google Play (Kaggle public dataset),5,2020-10-13T10:41:54.000Z,strict_rule_relabel,training
ewallet_01371,I'm sorry for the one star. I have only one problem. It's about being verified. I really want to used it for convenience but I can't fully verified because of valid ID's. The only ID I have here is Postal ID and voter's certificate because COMELEC won't release voter's ID now. Can't you please add in the ID list the Postal ID? Postal ID is still valid ID right?,feature_request,GCash,Google Play (Kaggle public dataset),1,2020-10-13T14:29:00.000Z,strict_rule_relabel,training
ewallet_01372,cant log in now..always error,account_access_issue,GCash,Google Play (Kaggle public dataset),1,2019-07-13T03:21:57.000Z,strict_rule_relabel,training
ewallet_01373,I have a problem to gcash account..unable my paypal balance thats why i cannto cash in.plsss fix this issue becoz i need money.,transfer_issue,GCash,Google Play (Kaggle public dataset),2,2021-05-01T00:20:59.000Z,strict_rule_relabel,training
ewallet_01374,The system is not secured. My Gcash got hacked ang almost 6k was transfered to a DARNA account. Although it was refunded after a month of long wait. Every niw and then i get notif that my gcash is open in another device. Will not use gcash for big transactions anymore. I use to use it for big transactions. Not anymore after the incident.,payment_failure,GCash,Google Play (Kaggle public dataset),1,2020-06-07T02:54:24.000Z,strict_rule_relabel,training
ewallet_01375,No one assists me here on my problem...i cannot send money after i registered on Ginvest...its almost a day that i cannot send money...but i can recieve..,transfer_issue,GCash,Google Play (Kaggle public dataset),1,2021-05-02T13:43:17.000Z,strict_rule_relabel,training
ewallet_01376,"I love GCash, but they should count current Student ID as Valid ID to be a Fully Verified User because I want to transfer or send money to someone or to a charity but I still don't have a Valid ID like SSS, UMID, etc. I'm still a student but I hope you will add that feature. Thank you.",feature_request,GCash,Google Play (Kaggle public dataset),4,2020-10-14T13:29:50.000Z,strict_rule_relabel,training
ewallet_01377,I've just entered an incorrect password for only 3 times and now it's locked..whenever I try to recover my account and answer the questions I mess up because I forgot some kf the answers like what account I registered with and what is my GCredit Score...look I have my sim card with me why can't I just recover it that way?,account_access_issue,GCash,Google Play (Kaggle public dataset),3,2019-07-13T15:26:17.000Z,strict_rule_relabel,training
ewallet_01378,"Overall i love this app.. always satisfied and never had problems despite using it in everything i need like bills,fund transfer and also investing. Great work",transfer_issue,GCash,Google Play (Kaggle public dataset),5,2021-05-03T16:04:29.000Z,strict_rule_relabel,training
ewallet_01380,"Yesterday the scan to pay was not working at all. I had to pay cash instead of using the available balamce in my account. Then today, The app kept on crashing. I can't use my money to buy load. Im Extremely disappointed.",transfer_issue,GCash,Google Play (Kaggle public dataset),1,2021-03-23T07:49:09.000Z,strict_rule_relabel,training
ewallet_01381,"G cash out not true in all location, can you please work on your information about locations that can offer cash out . Fyi SM Santa Rosa does not issue cash out for G cash users only cash in. THIS IS A COMPLETE MISINFORMATION CAN YOU DO SOMETHING ABOUT THIS! NO STARS FOR THIS Need to put a star to be able to post this!",transfer_issue,GCash,Google Play (Kaggle public dataset),1,2021-05-10T06:16:57.000Z,strict_rule_relabel,training
ewallet_01383,Worst customer service but the app is good . My another issue is their monthly cash in limit and service fee,transfer_issue,GCash,Google Play (Kaggle public dataset),4,2021-05-11T01:50:16.000Z,strict_rule_relabel,training
ewallet_01384,I've been receiving text about my unsuccessful payment due to insufficient gcash balance and i don't know what's it all about..i have never purchased nor downloaded any app that needed 629.99 pesos for payment..i want to cash in but i am afraid it will be deducted to my balance.,transfer_issue,GCash,Google Play (Kaggle public dataset),2,2021-03-24T07:55:37.000Z,strict_rule_relabel,training
ewallet_01385,i have been using gcash for a year and now it's giving so many issues. Cannot send money always giving me an error then though I file a ticket to seek help nothing happened!!,transfer_issue,GCash,Google Play (Kaggle public dataset),1,2021-05-13T14:08:04.000Z,strict_rule_relabel,training
ewallet_01387,"I just got fully verified. Up until now, there's always an error message before I can enter my pin. And now that I can send money, the transaction is not on transaction log? I have no Idea how to get the reference number anymore. I wasn't able to take a screenshot. It's not in sms, not in email, not in transaction logs. :( I know that Gcash is helpful, just not the app.",transfer_issue,GCash,Google Play (Kaggle public dataset),1,2021-05-18T09:40:59.000Z,strict_rule_relabel,training
ewallet_01388,What is worse than having no option to deactivate our account? A Privacy Notice that says we have zero control over our personal information. This app tricks us into giving consent over whatever they want to do with our data even across different jurisdictions.,feature_request,GCash,Google Play (Kaggle public dataset),1,2020-06-09T10:49:18.000Z,strict_rule_relabel,training
ewallet_01389,"Hello Gcash, please add option to unfriend someone in Gforest Someone always steals my energy! So disappointing!",feature_request,GCash,Google Play (Kaggle public dataset),4,2020-10-19T06:24:33.000Z,strict_rule_relabel,training
ewallet_01390,"WHAT THE HELL! What did you do to this amazing app? It keeps on crashing since I update it. My internet conection is not weak. How can I say? I can play Mobile Legends. I just can't open this app if I don't have MB of Data. But now, it seems like I will take forever before I could open this app. Damn! How can I cash out my money if this app is like this? Please! Pay attention to this problem immediately before I could rate this app 5 stars.",transfer_issue,GCash,Google Play (Kaggle public dataset),1,2021-03-27T01:53:22.000Z,strict_rule_relabel,training
ewallet_01391,I can't verify my email :( I don't receive any verification code at all please help,account_access_issue,GCash,Google Play (Kaggle public dataset),1,2019-07-14T13:17:44.000Z,strict_rule_relabel,training
ewallet_01393,Please allow students to upgrade their accounts using their student IDs,feature_request,GCash,Google Play (Kaggle public dataset),1,2020-10-20T09:29:32.000Z,strict_rule_relabel,training
ewallet_01394,I can't send money using the app. I tried a lot of times to send. I even uninstalled and installed it again twice but the same problem occurs. It says that my transaction cannot push through.,transfer_issue,GCash,Google Play (Kaggle public dataset),1,2021-03-27T02:52:10.000Z,strict_rule_relabel,training
ewallet_01396,It works fine. I used to pay bills. You just need a faster net connection or signal. But there's need for improvement though. Like added security features. So it's a four,payment_failure,GCash,Google Play (Kaggle public dataset),4,2020-06-10T08:03:19.000Z,strict_rule_relabel,training
ewallet_01398,Hi when will i cash in via paypal ? Still not working,transfer_issue,GCash,Google Play (Kaggle public dataset),4,2021-05-25T14:07:48.000Z,strict_rule_relabel,training
ewallet_01400,"cant login, my mpin is right but it says error code HJL3",account_access_issue,GCash,Google Play (Kaggle public dataset),1,2019-07-15T02:03:06.000Z,strict_rule_relabel,training
ewallet_01401,Their verification process is pretty wack and their customer support is really lacking. I've been trying to contact them about it to no avail. Now my money's stuck there since you can't cash out without being verified.,transfer_issue,GCash,Google Play (Kaggle public dataset),1,2021-05-26T02:14:23.000Z,strict_rule_relabel,training
ewallet_01402,The download button in the transaction receipt is not working.,payment_failure,GCash,Google Play (Kaggle public dataset),3,2021-04-03T10:08:40.000Z,strict_rule_relabel,training
ewallet_01404,"Question how to update my gcash without google playstore, for my huawei nova7, cause i can't use this apps to my new phone which needs an update. , any help or suggestion pls..",feature_request,GCash,Google Play (Kaggle public dataset),4,2020-10-21T03:12:27.000Z,strict_rule_relabel,training
ewallet_01405,i cant login after loading it with 2k. HLJ3 error code is being shown. useless app,account_access_issue,GCash,Google Play (Kaggle public dataset),1,2019-07-15T05:28:19.000Z,strict_rule_relabel,training
ewallet_01406,Yung gscore ko hindi parin gumagalaw ilang bisis na akong nag cash in.. Hanggang ngayun wala parin pagbabago. Please fix this problem...,transfer_issue,GCash,Google Play (Kaggle public dataset),3,2021-06-01T09:03:06.000Z,strict_rule_relabel,training
ewallet_01409,cannot login most of the time (Code HJL3),account_access_issue,GCash,Google Play (Kaggle public dataset),1,2019-07-15T06:07:38.000Z,strict_rule_relabel,training
ewallet_01411,"Here is my honest experience in this applications. It was good and it take 3 weeks to be verified in GCASH online. And GCASH did the great job because they notified us if there's something tech issue or to fix something and that is good point also. But i suggest to this app to be as good as service, because a lot of my friend told me that GCASH is not good for savings or what we called ""scam"". Please be mindful for that and i hope that the GCASH service will take actions for this issue. Thanks.",feature_request,GCash,Google Play (Kaggle public dataset),4,2020-06-13T00:55:18.000Z,strict_rule_relabel,training
ewallet_01412,"Can you also please include POSTAL IDENTITY CARD to the list of ""Valid ID's""? It is as legal as other government ID's there is. In fact, DFA is now accepting Postal ID as a valid government ID. Please give this a thought because it will also pave to a much more convenience to a lot of people or GCash user. Thanks, a biggie.",feature_request,GCash,Google Play (Kaggle public dataset),3,2020-10-21T07:07:17.000Z,strict_rule_relabel,training
ewallet_01414,"I love using Gcash. Kahit noong nagkaroon ng problema sa pag cash in ko, naaksyunan nila. Hindi nga lang ganun kabilis kasi it takes days din Pero ang mahalaga gumawa sila ng paraan. So sad lang kasi may fee na bawat cash in sa 711.",transfer_issue,GCash,Google Play (Kaggle public dataset),5,2021-06-02T02:17:58.000Z,strict_rule_relabel,training
ewallet_01416,"Laggy sometimes + I hope the GCash system will allow the re-link of the gsave account in cimb when the number was changed. If you changed the number, you'll prompt to create a new account but then can't really access thru the gcash.",feature_request,GCash,Google Play (Kaggle public dataset),3,2020-10-22T08:13:21.000Z,strict_rule_relabel,training
ewallet_01417,Sometimes delayed for cash in,transfer_issue,GCash,Google Play (Kaggle public dataset),3,2021-06-02T07:20:35.000Z,strict_rule_relabel,training
ewallet_01419,What take so long to update? how can we cash out if the updating is too slow? Is there any problem?,transfer_issue,GCash,Google Play (Kaggle public dataset),1,2021-06-04T05:11:39.000Z,strict_rule_relabel,training
ewallet_01420,Please add cypto,feature_request,GCash,Google Play (Kaggle public dataset),4,2020-10-23T04:58:13.000Z,strict_rule_relabel,training
ewallet_01421,what happen to my gcash ? i can't log in when i tried to open my account there's an error always . pls help me fix it thankyou,account_access_issue,GCash,Google Play (Kaggle public dataset),3,2019-07-17T00:26:47.000Z,strict_rule_relabel,training
ewallet_01422,Some of my Transactions unsuccessful but have deducted rigorously by the system with out reflecting on the history.. this is one kind of SCAMMING. pls take immediate action for your app development. make some refund for my acct on gcash,payment_failure,GCash,Google Play (Kaggle public dataset),2,2020-06-17T22:28:30.000Z,strict_rule_relabel,training
ewallet_01423,Very convenient.. You should add a feature to reload beep cards,feature_request,GCash,Google Play (Kaggle public dataset),4,2020-10-23T10:42:59.000Z,strict_rule_relabel,training
ewallet_01426,"Two times na akong naka encounter ng problem especially sa bills payment. It was my fault, like nung time na yung amount na nailagay ko is more than the amount to be paid. Humingi ako tulong sa Gcash help center and they're really doing their job very well. Naging okay ang lahat dahil sa tulong nila. Kaya deserve nila makatanggap ng",payment_failure,GCash,Google Play (Kaggle public dataset),5,2021-04-12T13:16:35.000Z,strict_rule_relabel,training
ewallet_01428,"Wala akong masabi kundi ok ang serbisyo ng Gcash mabilis kong nai transfer yong cash ko from paypal to Gcash, problema ko lang, di ako makapag cash out sa Palawan pawnshop at walang Tambunting at Villarica sa lugar namin. Sana pwede akong maka cash out anytime sa Palawan pawnshop o sa Cebuana. Maraming salamat po.",transfer_issue,GCash,Google Play (Kaggle public dataset),5,2021-06-14T12:35:07.000Z,strict_rule_relabel,training
ewallet_01431,May problema b gcash bakit ang hirap mag cash out at manood s pitmaster live bwesit nakakaasar pinasok pasok nio p ung pitmaster s gcash hindi nio nmn pala kaya imanage kawawa mga gusto bumawi kung pasira sira ung system nio,transfer_issue,GCash,Google Play (Kaggle public dataset),3,2021-06-15T14:05:45.000Z,strict_rule_relabel,training
ewallet_01432,"The app is not hard to use. My main problem is that half the time I'm trying to pay for stuff, the QR code won't scan. I don't know if it's the phone I'm using, or there's a problem with compatibility, but please fix it especially know when contact less transactions can protect us.",payment_failure,GCash,Google Play (Kaggle public dataset),2,2021-04-13T03:43:46.000Z,strict_rule_relabel,training
ewallet_01433,"i have problem in my apps cant login since yesterday.. error HJLR code, plss help to open my account",account_access_issue,GCash,Google Play (Kaggle public dataset),2,2019-07-17T07:08:13.000Z,strict_rule_relabel,training
ewallet_01434,Maybe you can try giving your users notification if your app is going to have a maintenance?? Its so frustating i need to cash out then i saw that its not working,transfer_issue,GCash,Google Play (Kaggle public dataset),3,2021-06-16T10:16:06.000Z,strict_rule_relabel,training
ewallet_01436,"Poor customer service. they always have maintenance but they always failed to notify their customers in advance. I hope you're aware that we are trusting you with our funds and we used your service in our bills payment. Please understand, we are avoiding penalties, fix your issues immediately!!",payment_failure,GCash,Google Play (Kaggle public dataset),1,2021-04-13T03:46:17.000Z,strict_rule_relabel,training
ewallet_01438,Gcash nag cash in ako pano Kung mawala Yun? May error system niyo ehh unavailable pano yannn!!!,transfer_issue,GCash,Google Play (Kaggle public dataset),3,2021-06-16T12:19:20.000Z,strict_rule_relabel,training
ewallet_01439,Please add biometrics in my gcash app. Thanks.,feature_request,GCash,Google Play (Kaggle public dataset),5,2020-10-24T02:59:55.000Z,strict_rule_relabel,training
ewallet_01441,Cant Log in almost 4days na. It always says Check Your Network. Im using wifi and i already tried to log in to another cp and yet same problem.,account_access_issue,GCash,Google Play (Kaggle public dataset),3,2019-07-18T04:07:08.000Z,strict_rule_relabel,training
ewallet_01444,"since a lot of students use this account i suggest you bring back the student ID option for verification, i'm a student and we're in a middle of a pandemic hence i can only pay by using this app but i can't do so because the student ID is unavailable. please bring back the student ID option.",feature_request,GCash,Google Play (Kaggle public dataset),2,2020-10-25T00:14:57.000Z,strict_rule_relabel,training
ewallet_01447,i can't log in since yesterday. it keeps on saying that something was wrong.,account_access_issue,GCash,Google Play (Kaggle public dataset),1,2019-07-18T06:41:08.000Z,strict_rule_relabel,training
ewallet_01449,Im disappointed because some gcash users use this app for scamming please tighten the security of this app Im a victim of scam,security_concern,GCash,Google Play (Kaggle public dataset),3,2020-06-24T07:32:07.000Z,strict_rule_relabel,training
ewallet_01451,Gcash is amazing but the download image version of the transaction or receipt is not working on Samsing S21 Ultra. Hope it can get fixed soon.,payment_failure,GCash,Google Play (Kaggle public dataset),3,2021-04-16T19:44:22.000Z,strict_rule_relabel,training
ewallet_01455,Can you add students ID too please? It's my very first time using it though,feature_request,GCash,Google Play (Kaggle public dataset),2,2020-10-27T16:29:47.000Z,strict_rule_relabel,training
ewallet_01457,I've already done all requirements for verification but the 'upgrade in progress' isn't doing anything and I'm still stuck in that one so I still can't send money because of those verification process.,transfer_issue,GCash,Google Play (Kaggle public dataset),1,2021-06-25T11:33:26.000Z,strict_rule_relabel,training
ewallet_01458,"This app is actually very convenient. It's just that I hope everytime we use gcash to purchase on Google or somewhere else online, I wish it would send verification codes to your mobile number or lets you enter your MPIN. My uncle requested that I link my GCash to my cousin's phone so she can buy robucks because they don't have a GCash account and they'll pay me afterwards. But I just get shocked at times that I receive notifications that I purchased something on google.",account_access_issue,GCash,Google Play (Kaggle public dataset),4,2020-10-28T05:12:39.000Z,strict_rule_relabel,training
ewallet_01460,POOR CUSTOMER SERVICE ITS BEEN 24 HOURS MY ACCOUNT WAS LOCKED AND NO ONE IS STILL ASSISTING!!!!! I SENT AN EMAIL AND A MESSAGE AND STILL I AM LEFT HANGING!!!CMON WE HAVE FUNDS IN OUR ACCOUNT AND THAT SHOULD BE TREATED WITH URGENCY. FOR JUST MPIN RESET!!!!,account_access_issue,GCash,Google Play (Kaggle public dataset),1,2019-07-19T00:06:19.000Z,strict_rule_relabel,training
ewallet_01461,Please add money transfer to SMART PADALA account for an easier and faster transaction. Thank you!,feature_request,GCash,Google Play (Kaggle public dataset),3,2020-10-28T12:09:32.000Z,strict_rule_relabel,training
ewallet_01462,I cant cash in from bpi to gcash.. The account nos. Are not appearing is this a known issue.. Its been more than a month,transfer_issue,GCash,Google Play (Kaggle public dataset),2,2019-07-19T02:38:28.000Z,strict_rule_relabel,training
ewallet_01463,Bakit ganun nag update lg puro processing na lg lumalabas tapos error hindi ko ma cash out yung pera ko paki ayos naman to!,transfer_issue,GCash,Google Play (Kaggle public dataset),1,2021-06-28T03:19:12.000Z,strict_rule_relabel,training
ewallet_01464,Why i can't buy load? It always said that transaction unsuccessful please fix your service!!!,payment_failure,GCash,Google Play (Kaggle public dataset),1,2021-04-19T10:12:18.000Z,strict_rule_relabel,training
ewallet_01466,It would be nice if you add more id options such as postal id etc.,feature_request,GCash,Google Play (Kaggle public dataset),3,2020-10-29T12:59:53.000Z,strict_rule_relabel,training
ewallet_01467,It's just in 3 stars because the new update has a problem everytime I opening it theres always says that gcash is fixing something problem. And that's the problem because I need to pay my bills now in due date.,payment_failure,GCash,Google Play (Kaggle public dataset),3,2021-04-19T20:15:46.000Z,strict_rule_relabel,training
ewallet_01468,"i can't log in, it says error why?",account_access_issue,GCash,Google Play (Kaggle public dataset),4,2019-07-19T13:17:28.000Z,strict_rule_relabel,training
ewallet_01470,what is happening Gcash I can't log in?,account_access_issue,GCash,Google Play (Kaggle public dataset),1,2019-07-19T14:29:41.000Z,strict_rule_relabel,training
ewallet_01472,"Unreliable service. There were numerous times that transfer will fail, but money will be deducted from my bank amd it usually take days for my money to be credited back to my bank account. I have been using gcash for more than 3 years almost everyday to pay bills and buy load but instead of upgrading my score it was constantly been downgraded.",payment_failure,GCash,Google Play (Kaggle public dataset),1,2021-07-06T10:50:22.000Z,strict_rule_relabel,training
ewallet_01473,Please allow other id for verificarion like tin id and postal,feature_request,GCash,Google Play (Kaggle public dataset),3,2020-11-01T05:16:19.000Z,strict_rule_relabel,training
ewallet_01475,When i open the Gcash app it always says that Incorrect password. please make action in this problem,account_access_issue,GCash,Google Play (Kaggle public dataset),3,2019-07-20T10:10:17.000Z,strict_rule_relabel,training
ewallet_01476,i give 4stars because sometimes i have issue about my cash in from paypal to gcash .. fix it and i will give 5stars..,transfer_issue,GCash,Google Play (Kaggle public dataset),5,2021-07-10T08:42:54.000Z,strict_rule_relabel,training
ewallet_01477,Please allow School I.D to get verified,feature_request,GCash,Google Play (Kaggle public dataset),4,2020-11-01T20:54:13.000Z,strict_rule_relabel,training
ewallet_01478,Super scam!!!!! Even utility bill they will take it when you process payment. They will show receipt but payment was not process. Thief.,payment_failure,GCash,Google Play (Kaggle public dataset),1,2020-07-06T10:09:07.000Z,strict_rule_relabel,training
ewallet_01479,Almost perfect. I would like to add a suggestion to make a change number feature so that it will be easy for us to change it if we want to change our sim.,feature_request,GCash,Google Play (Kaggle public dataset),4,2020-11-02T04:19:46.000Z,strict_rule_relabel,training
ewallet_01480,"4 stars. This is my 2nd re-install whenever I cannot login to this app... Error codes I encountered are ""HJL4-502"" and ""HJL2"".",account_access_issue,GCash,Google Play (Kaggle public dataset),4,2019-07-20T11:06:36.000Z,strict_rule_relabel,training
ewallet_01481,Send money with attachments not working,transfer_issue,GCash,Google Play (Kaggle public dataset),1,2021-07-18T15:25:28.000Z,strict_rule_relabel,training
ewallet_01483,"WARNING!!!!! When your transaction failed, they will still deduct the amount to your account. They woudn't even refund it to you. It's also hard to reach to their customer support.",payment_failure,GCash,Google Play (Kaggle public dataset),1,2021-05-07T09:06:23.000Z,strict_rule_relabel,training
ewallet_01484,Cant send money out.... Not working,transfer_issue,GCash,Google Play (Kaggle public dataset),1,2021-07-20T06:12:37.000Z,strict_rule_relabel,training
ewallet_01485,"Please allow other ID like Tin for this app. Postal,",feature_request,GCash,Google Play (Kaggle public dataset),3,2020-11-02T15:21:25.000Z,strict_rule_relabel,training
ewallet_01486,I cant pay my bill due to error code bcc3-422.. please help,payment_failure,GCash,Google Play (Kaggle public dataset),1,2021-05-08T19:17:48.000Z,strict_rule_relabel,training
ewallet_01487,May problem po ako sa Pag cash in this day from Paypal. Sinubukan ko na pong i relink and updated rin po ang Gcash App ko. I also tried to Cash in smaller amount pero ayaw parin. I contacted the costumer service and medyo mabagal nga po ang actions. Emergency pa man din po sana yung pera ko sa Paypal need ko rin.,transfer_issue,GCash,Google Play (Kaggle public dataset),4,2021-07-27T09:18:28.000Z,strict_rule_relabel,training
ewallet_01488,Please allow me use different type of ID. I only have my PRC license right now,feature_request,GCash,Google Play (Kaggle public dataset),4,2020-11-03T01:41:34.000Z,strict_rule_relabel,training
ewallet_01489,Since last week I am having problems with the app. I am unable to login due to internet connection then it said that authentication failed. I tried to do some basic troubleshooting steps and nothing works. Now I can't use the app.,account_access_issue,GCash,Google Play (Kaggle public dataset),1,2019-07-20T20:31:38.000Z,strict_rule_relabel,training
ewallet_01490,It started good but suddenly I cannot cash in to paypal. They always fail me everytime I needed them the most.,transfer_issue,GCash,Google Play (Kaggle public dataset),1,2021-07-29T05:29:15.000Z,strict_rule_relabel,training
ewallet_01494,"I gave 5 star at first, but now 4 stars coz I got a problem using gcredit account, I can't pay bills using qrcode!",payment_failure,GCash,Google Play (Kaggle public dataset),4,2021-05-10T15:13:49.000Z,strict_rule_relabel,training
ewallet_01496,Ganda sana gamitin kasi magagamit mo na sa lahat through online cash out! Kaso ang problema ang hirap2 gumawa ng acc ilang beses nako nagsusubmit ng ticket paulit2!,transfer_issue,GCash,Google Play (Kaggle public dataset),1,2021-07-31T20:46:19.000Z,strict_rule_relabel,training
ewallet_01497,Please add student's ID for verification. I am a student.,feature_request,GCash,Google Play (Kaggle public dataset),4,2020-11-03T16:22:57.000Z,strict_rule_relabel,training
ewallet_01498,"Yeah it's convenient to use, but you know what?? When there's error in your transaction it will consume 5days to process even though it's your system fault, obviously they had already the proofs but they can't process the money immediately, it's regarding the cash in money stupid csr agents they didn't even know how to check the attachment first before they ask the client.",transfer_issue,GCash,Google Play (Kaggle public dataset),2,2021-05-14T12:25:28.000Z,strict_rule_relabel,training
ewallet_01499,"I was able to cash in using my security bank before but right now, it doesn't have that option! So disappointed!",transfer_issue,GCash,Google Play (Kaggle public dataset),1,2020-07-11T00:01:16.000Z,strict_rule_relabel,training
ewallet_01503,Ok na sana kaso ngayong nagmamadali ako mag cash out ayaw naman makatanggap ng authentication problem nadedelay gagawin ko,transfer_issue,GCash,Google Play (Kaggle public dataset),4,2021-08-01T20:25:30.000Z,strict_rule_relabel,training
ewallet_01504,PLEASE INCLUDE STUDENT ID HIGH SCHOOL AND COLLEGE,feature_request,GCash,Google Play (Kaggle public dataset),2,2020-11-04T21:00:20.000Z,strict_rule_relabel,training
ewallet_01505,"Cash in via bank card is no longer available making Gcash a hassle to use. Hoping this suspension, like your app says, is only temporary. I could no longer use my security bank account to transfer and load my gcash. Created a Unionbank account but could not electronically transfer my funds there and get it to your app. I have to go through all these hoops again which i shouldn't have to. It's not convenient.",transfer_issue,GCash,Google Play (Kaggle public dataset),1,2020-07-13T15:38:32.000Z,strict_rule_relabel,training
ewallet_01506,On next update kindly include the following: 1. DARK MODE 2. Option to HIDE/SEEN remaining balance,feature_request,GCash,Google Play (Kaggle public dataset),3,2020-11-05T01:19:52.000Z,strict_rule_relabel,training
ewallet_01507,Scan QR not working,payment_failure,GCash,Google Play (Kaggle public dataset),4,2021-05-16T08:59:14.000Z,strict_rule_relabel,training
ewallet_01510,i so very disappointed...when i was accidentally uninstalled my gcash app..i cannot login again...what happen??i have money there..what should i do...always been troubleshooting..kindly settle this...this kind of case...what should i do?...so that i can use my account again..pls reply,account_access_issue,GCash,Google Play (Kaggle public dataset),1,2019-07-22T03:09:09.000Z,strict_rule_relabel,training
ewallet_01514,"Still having the same issue. So yeah, I lost my simcard linked on my Gcash and I can't log in to my Gcash since then until now. It needs verification code. Is there any way I could do to recover this? My boyfriend, on the other hand cant do anything with his gCash because its LOCKED! How come?",account_access_issue,GCash,Google Play (Kaggle public dataset),3,2019-07-22T03:57:18.000Z,strict_rule_relabel,training
ewallet_01515,I us it but now I can't login to my gcash account. How to reset my mpin password,account_access_issue,GCash,Google Play (Kaggle public dataset),4,2019-07-22T06:53:30.000Z,strict_rule_relabel,training
ewallet_01516,I rate 1s coz of some issues. Keep m disconnecting during send money. And saying my internet is error.,transfer_issue,GCash,Google Play (Kaggle public dataset),1,2021-08-07T08:21:29.000Z,strict_rule_relabel,training
ewallet_01517,1 star because I order gcash Mastercard and I link always say failed and I go help said success I see no gcash Mastercard pls fix this or this Mastercard is scam only 1week already steal no link search already in website steal I try no link fix this my problem,security_concern,GCash,Google Play (Kaggle public dataset),1,2020-07-21T03:08:37.000Z,strict_rule_relabel,training
ewallet_01521,"Gcash has always been my favorite e-wallet app, I've never encountered any problems with it before. But this week alone, Gcash has failed me twice. First is when I was IN A MIDDLE of an IMPORTANT TRANSACTION, the app suddenly went under maintenance, leaving me almost panicking and going back and forth to search for cash out outlets. Second is today, for the first time ever, I haven't receive the load I bought from gcash. It's about an hour now since I submitted a ticket.",transfer_issue,GCash,Google Play (Kaggle public dataset),2,2021-05-23T12:23:24.000Z,strict_rule_relabel,training
ewallet_01522,When are you gonna fix your app? I'm unable to login to my gcash app since yesterday! It's frustrating!,account_access_issue,GCash,Google Play (Kaggle public dataset),1,2019-07-22T23:22:13.000Z,strict_rule_relabel,training
ewallet_01525,"I love using this app, super convenient, it's easy to use, good in making payments and budgeting. It's an one app for everything. Thank You Gcash for the best experience looking forward for the most out of services. If I have one problem using this app, is that I have trouble everytime I wanna login and do transaction in a timely manner when it is asking me to update and no option to do it later I hope this could be address or have a notice before the update of the app.",feature_request,GCash,Google Play (Kaggle public dataset),5,2020-11-10T17:15:15.000Z,strict_rule_relabel,training
ewallet_01530,please fix the issue my gscore is 438 then after i cash in and use it to paybills it goes down to 422 of my gscore this is bad,transfer_issue,GCash,Google Play (Kaggle public dataset),3,2021-08-11T09:40:11.000Z,strict_rule_relabel,training
ewallet_01532,"At first it is awesome! easier transactions and more convenient in any time. but after an update I can't make a new account fully verify, you will need some certain ID's that a minor doesn't have, Back from last year, I make my first account fully verified by using my student ID.. please add more option for legal ID so that the others can make their account fully verified too...",feature_request,GCash,Google Play (Kaggle public dataset),3,2020-11-14T13:29:47.000Z,strict_rule_relabel,training
ewallet_01533,Ang laki na ng charge tapos laging unsuccessful ang transaction napaka hassle kase 2 days pa bago ma refund.,payment_failure,GCash,Google Play (Kaggle public dataset),1,2021-05-26T11:16:35.000Z,strict_rule_relabel,training
ewallet_01538,ican't log in its always says that my log in is expires requires a new one becaise of 90 days but seems when iget a new and itry again to log in it redundants it ican't log in oh come on admin fix this problem,account_access_issue,GCash,Google Play (Kaggle public dataset),1,2019-07-24T01:17:23.000Z,strict_rule_relabel,training
ewallet_01539,Nag update lang ako kasi nirequired nyo na mag update pero after mag update. Di na pumasok ang cash in ko. Buti nalang hindi malaki ang kinash in ko. Nakakatakot na tuloy mag cash in. Paki ayos naman ng issue. Hanggang ngayon di pa pumapasok sa Gcash balance ko ang kinash in ko.,transfer_issue,GCash,Google Play (Kaggle public dataset),1,2021-08-14T05:40:13.000Z,strict_rule_relabel,training
ewallet_01540,Security concerns,security_concern,GCash,Google Play (Kaggle public dataset),3,2020-07-22T07:32:45.000Z,strict_rule_relabel,training
ewallet_01542,Pls fix the issue of cash in another acc . Because until now ididnt recieve my money. I contact your chat support but didn't response to me. Fix fix fix this issue,transfer_issue,GCash,Google Play (Kaggle public dataset),2,2021-08-14T10:27:42.000Z,strict_rule_relabel,training
ewallet_01544,"After paying my Gcredit outstanding balance last month 1 week before the due date, i cannot use Gcredit anymore. I tried to use it at Puregold countless times and i was embarassed because it never worked. It always said Payment failed (i don't know why). I tried it at Mercury Drug, Watsons and Shoppee, but, to no avail. I have no idea why it never worked anymore. My Gcash app is updated to the latest version and I followed how to update Gcredit as instructed in the text blast.",payment_failure,GCash,Google Play (Kaggle public dataset),1,2021-06-02T13:57:09.000Z,strict_rule_relabel,training
ewallet_01545,"i can't log in to my gcash app, says there's an error! fix it asap, i need to use it!",account_access_issue,GCash,Google Play (Kaggle public dataset),2,2019-07-24T05:53:02.000Z,strict_rule_relabel,training
ewallet_01547,"From prepaid top up, to bills, savings and investments is excellent. Application is very easy to navigate, nice app interface, cool colors. Security is good as well as notifications. Except i have so much problem with gcash mastercard, how to fund in cash, link and unlink. Account balance. I experience non receipt transaction, called the hotline and they were very cooperative and tentatively listening, exchange several emails, follow up very well. Round of applase to customer hotline team.",payment_failure,GCash,Google Play (Kaggle public dataset),4,2020-07-22T13:18:42.000Z,strict_rule_relabel,training
ewallet_01548,"This app is very useful especially for us students. It's easier to transfer and receive money. I just hope senior high school students are allowed for this app. I don't have valid ID, only Student ID. I really want to register to this app. I hope you allow me soon.",feature_request,GCash,Google Play (Kaggle public dataset),4,2020-11-22T10:02:39.000Z,strict_rule_relabel,training
ewallet_01551,"FIX YOUR SYSTEM. everytime i send money, it keep showing System error.",transfer_issue,GCash,Google Play (Kaggle public dataset),1,2021-08-21T10:06:34.000Z,strict_rule_relabel,training
ewallet_01553,I can't log in in my account... (Ruby May Anne Hongo) what's wrong with GCash?,account_access_issue,GCash,Google Play (Kaggle public dataset),2,2019-07-25T07:58:35.000Z,strict_rule_relabel,training
ewallet_01554,Always error when doing a bank transfer. Can you do something about this? This is so embarrassing when you need it the most.,transfer_issue,GCash,Google Play (Kaggle public dataset),1,2021-08-23T13:59:53.000Z,strict_rule_relabel,training
ewallet_01556,My account was locked up because I forgot my mpin then I message to your gcash care in messenger and no ones answering me on how to retrieve my account. Hope so that you can help me.,account_access_issue,GCash,Google Play (Kaggle public dataset),3,2019-07-25T09:35:05.000Z,strict_rule_relabel,training
ewallet_01561,i experience three times where i cannot load my costumer because of transaction unsuccessful,payment_failure,GCash,Google Play (Kaggle public dataset),3,2021-06-05T12:58:24.000Z,strict_rule_relabel,training
ewallet_01562,"It's good and it's faster than ever. Super likeable. Easy to get a money. And aside from it, it never fails to notify me about the receive and send money. Two thumbs up",transfer_issue,GCash,Google Play (Kaggle public dataset),5,2021-09-03T22:42:40.000Z,strict_rule_relabel,training
ewallet_01563,"In verifying the account, can you please add the student's id as one of the choices of valid ids. This would be a great help for students like me who still don't have SSS, UMID, DRIVER LICENSE and so on. Hoping you'll add that po.",feature_request,GCash,Google Play (Kaggle public dataset),3,2020-12-05T13:01:40.000Z,strict_rule_relabel,training
ewallet_01564,"Why I can't login?, they said, there seems to be a problem. Please try again later. I try again. why I can't log in please fix it.",account_access_issue,GCash,Google Play (Kaggle public dataset),1,2019-07-25T14:52:59.000Z,strict_rule_relabel,training
ewallet_01566,Suddenly cant use the app after i send money. No advisory or notification if got problem.,transfer_issue,GCash,Google Play (Kaggle public dataset),1,2021-09-07T12:02:39.000Z,strict_rule_relabel,training
ewallet_01568,Can you please bring back the Student ID?(),feature_request,GCash,Google Play (Kaggle public dataset),3,2020-12-07T07:53:09.000Z,strict_rule_relabel,training
ewallet_01569,The load transaction yesterday failed. It deducted on my account but the costumers didn't receive any. Any refund of this? I have the details. Please respond.,payment_failure,GCash,Google Play (Kaggle public dataset),3,2021-06-08T03:54:47.000Z,strict_rule_relabel,training
ewallet_01571,under maintenance since yesterday and I can't send money ontimebetter to solve any problems ASAP.,transfer_issue,GCash,Google Play (Kaggle public dataset),4,2021-09-11T00:44:59.000Z,strict_rule_relabel,training
ewallet_01573,"after I fully verify my account, I can't log in.",account_access_issue,GCash,Google Play (Kaggle public dataset),1,2019-07-26T01:43:35.000Z,strict_rule_relabel,training
ewallet_01574,"There's no rebate when buying load, unlike what it been said, and also I've been using gcash cash in, but my gscore it seems it doesn't work, it's still stuck at 350",transfer_issue,GCash,Google Play (Kaggle public dataset),3,2021-09-11T11:01:27.000Z,strict_rule_relabel,training
ewallet_01576,"After update new version, we can't paste gcash number to send money, it makes us inconvenience. pls fix this error soon",transfer_issue,GCash,Google Play (Kaggle public dataset),1,2021-09-11T11:42:40.000Z,strict_rule_relabel,training
ewallet_01578,gcash please help me i always know my MPIN and when i type my mpin CORRECTLY i can.t even loggin my gcash account I LOADED 1000$ and this error had me anger. fix this please,account_access_issue,GCash,Google Play (Kaggle public dataset),1,2019-07-26T03:44:59.000Z,strict_rule_relabel,training
ewallet_01579,"I keep sending a ticket about your PayPal cash in, my money needs to be withdrawn from your app but the PayPal cash in option seems to always be in a problem most of a time. Now it just says it's unable to process my request. Please FIX THIS situation. I HATE THIS APP! IM ALWAYS UNABLE TO CASH IN MY MONEY EVERY TIME I F##KING NEED IT.",transfer_issue,GCash,Google Play (Kaggle public dataset),1,2021-09-12T03:22:10.000Z,strict_rule_relabel,training
ewallet_01580,Please add TIN ID,feature_request,GCash,Google Play (Kaggle public dataset),3,2020-12-11T06:14:49.000Z,strict_rule_relabel,training
ewallet_01581,"Ever since last week, I can't log in. It always says error. Please help me ASAP.",account_access_issue,GCash,Google Play (Kaggle public dataset),1,2019-07-26T04:22:04.000Z,strict_rule_relabel,training
ewallet_01582,Can you add a student id for verification please. I don't have any other id and i can't send money if I'm not verified so... Hope you do something about this. Either you add the send money without verification or just add the student id on the verification id cause before i could send money even if i don't get verified,feature_request,GCash,Google Play (Kaggle public dataset),4,2020-12-11T16:37:40.000Z,strict_rule_relabel,training
ewallet_01583,I can't log in! Code hjl3? What's that??,account_access_issue,GCash,Google Play (Kaggle public dataset),1,2019-07-26T08:50:16.000Z,strict_rule_relabel,training
ewallet_01584,I can't log in to my account,account_access_issue,GCash,Google Play (Kaggle public dataset),2,2019-07-26T14:05:28.000Z,strict_rule_relabel,training
ewallet_01586,Can't log in since yesterday.This is really frustrating.,account_access_issue,GCash,Google Play (Kaggle public dataset),1,2019-07-26T19:34:11.000Z,strict_rule_relabel,training
ewallet_01587,"Everytime I try to cash in via paypal, I can't seem to do so. What might be the problem? I'm currently in need of that fund and I can't even grasps it? I emailed as well but got tranferred towards the support center. Tipped to make a request of review and what next now? I find this app useful but this issue, everytime, is exhausting.",transfer_issue,GCash,Google Play (Kaggle public dataset),2,2021-09-15T07:10:13.000Z,strict_rule_relabel,training
ewallet_01588,Can you please add student ID in registering on gcash account? I don't have any other ID's except student ID.,feature_request,GCash,Google Play (Kaggle public dataset),3,2020-12-13T14:43:19.000Z,strict_rule_relabel,training
ewallet_01589,I connot open my gcash app what seems to the problem i need to send money... this is unbelievebable i am frustrated,transfer_issue,GCash,Google Play (Kaggle public dataset),1,2021-09-15T13:59:04.000Z,strict_rule_relabel,training
ewallet_01590,"At first I thought it was convenient to use but the worst. I raised my concern for unsuccessful transaction and ask for refund but unfortunately they are not aware how worst their service, even though I followed their instructions and given proof. I will not recommend this app. A waste of time.",payment_failure,GCash,Google Play (Kaggle public dataset),1,2021-06-22T06:24:41.000Z,strict_rule_relabel,training
ewallet_01591,"is not working. can't log in, always have an error HJL3. please fix this",account_access_issue,GCash,Google Play (Kaggle public dataset),1,2019-07-27T01:13:37.000Z,strict_rule_relabel,training
ewallet_01593,I know the pin I used but I can't log in. Did the forgot pin procedure but it wasn't helpful,account_access_issue,GCash,Google Play (Kaggle public dataset),1,2019-07-27T04:21:32.000Z,strict_rule_relabel,training
ewallet_01594,"Please make your cash in via bank card functional again. It's the only way I can cash in and send money to my family in the Philippines. Not wanting to get online banking for my banks due to security purposes so, please make it work again especially this pandemic times.",transfer_issue,GCash,Google Play (Kaggle public dataset),5,2020-07-26T02:47:44.000Z,strict_rule_relabel,training
ewallet_01595,"Regarding the promo, please bring back the rebate automatically. It is just a waste of time logging in and scratching the screen for a single peso rebate. We have lots of things do which is much more important than scratching the screen. Lets just use our time wisely.",feature_request,GCash,Google Play (Kaggle public dataset),1,2020-12-17T04:51:19.000Z,strict_rule_relabel,training
ewallet_01596,Cannot log in the app for weeks now. Keeps showing error code HJL3 despite an upto date app. Such an inconvenience.,account_access_issue,GCash,Google Play (Kaggle public dataset),1,2019-07-27T04:41:42.000Z,strict_rule_relabel,training
ewallet_01597,It always has problems specially on the account and they cannot fix within the day i need to cash out money but i cant. Whats the problem Gcash?,transfer_issue,GCash,Google Play (Kaggle public dataset),3,2021-09-20T03:58:57.000Z,strict_rule_relabel,training
ewallet_01598,"zameco 02 payment not working, please fix so we can pay as we are currently quarantined",payment_failure,GCash,Google Play (Kaggle public dataset),1,2021-06-30T09:25:38.000Z,strict_rule_relabel,training
ewallet_01600,Di po friendly sa di urbanized. Hope they will improve the apps with lowest mbps rate of internet. So that i can transact even if I'm in the top of the montain or in the middle of the sea. Just only a suggestion for improvement of the apps. Thank you,feature_request,GCash,Google Play (Kaggle public dataset),1,2020-12-20T07:58:40.000Z,strict_rule_relabel,training
ewallet_01603,Its good but please bring back the student id verification,feature_request,GCash,Google Play (Kaggle public dataset),3,2020-12-21T09:19:42.000Z,strict_rule_relabel,training
ewallet_01604,Ayusin muna nyo Systema nyo bago kayo mag operate. Decline yung payment kapag Mastercard ginagamit. Sometime yung load transaction not succesffull pero kinakaltas sa account. At Hindi Lahat ng problema nasosolve ng Customer support nyo,payment_failure,GCash,Google Play (Kaggle public dataset),1,2021-07-05T21:36:50.000Z,strict_rule_relabel,training
ewallet_01605,*** since yesterday i cant log in my acc to my gcash and i already have it and i change the password and it still dont log in it has an error code i think thats why,account_access_issue,GCash,Google Play (Kaggle public dataset),2,2019-07-27T09:55:23.000Z,strict_rule_relabel,training
ewallet_01607,Please include TIN ID on your acceptable IDs list.,feature_request,GCash,Google Play (Kaggle public dataset),2,2020-12-22T08:00:29.000Z,strict_rule_relabel,training
ewallet_01609,"why my gscore did not increase i always cash in ,i even link my BPI account , and also invest , may gscore stuck in 350",transfer_issue,GCash,Google Play (Kaggle public dataset),2,2021-09-25T03:54:15.000Z,strict_rule_relabel,training
ewallet_01610,Disappointing app! I can't log in about 2 weeks now..,account_access_issue,GCash,Google Play (Kaggle public dataset),1,2019-07-27T23:31:11.000Z,strict_rule_relabel,training
ewallet_01612,"First time to use vurtual amex card for grab pay. A few days after ive got several unauthorized charges on a personal gcash and mostly from stripe. Did not use it on text messaging, online shopping, emails or anything of anh sort. Customer support is one of the worst. Theres no urgency on their end. Ill just wait for the refund, hopefully because thats my hard earned money, and ill delete this app. Never had this issue with coins.ph",payment_failure,GCash,Google Play (Kaggle public dataset),1,2020-07-28T04:24:00.000Z,strict_rule_relabel,training
ewallet_01615,"The verification part is I hope you'll add student id, it really hard to get the id that you require for verification. I hope you'll concideration for students.",feature_request,GCash,Google Play (Kaggle public dataset),3,2020-12-23T07:24:45.000Z,strict_rule_relabel,training
ewallet_01616,"Wala naman problema sa gcash, ang problema pag mag ca cashout sobrang laki ng patong. Nakakaloka. Sana bawasan naman yun patong na yan, nangangailangan dn kami ng pera noh.",transfer_issue,GCash,Google Play (Kaggle public dataset),1,2021-09-26T02:56:18.000Z,strict_rule_relabel,training
ewallet_01617,PLEASE BRING BACK STUDENT ID IN THE OPTIONS. I'M WAITING TO BE VERIFIED BUT NO RESPONSE RECEIVED.,feature_request,GCash,Google Play (Kaggle public dataset),2,2020-12-23T17:38:29.000Z,strict_rule_relabel,training
ewallet_01618,Just be careful with your linked card it may automatically deducted with out knowing and that's what happened..I emailed it about my American Virtual Pay that it seemed deducted from a charity which I did not signed for but no response..Beware of SCAM online transactions..always reset your password,account_access_issue,GCash,Google Play (Kaggle public dataset),1,2020-07-29T09:48:16.000Z,strict_rule_relabel,training
ewallet_01619,your update is a trash.i cannot log in to my account because it says it does not support android 4 butin fact my android system is already android 9.until now i cannot log in.i even went to globe store but they cannot do anything about it.please look at this matter,account_access_issue,GCash,Google Play (Kaggle public dataset),2,2019-07-28T06:45:09.000Z,strict_rule_relabel,training
ewallet_01620,Sana naman pag may bagong update hindi naman ganun kalaki ang size ng app. Ang hirap kaya mag-update lalo na't napakabagal naman ng internet ng Globe. Tapos suggestion lang sana makipag-partner kayo sa Shopee para anytime we can transfer money from ShopeePay to GCASH or GCASH to ShopeePay (if there's no such feature yet).,feature_request,GCash,Google Play (Kaggle public dataset),4,2020-12-24T17:47:08.000Z,strict_rule_relabel,training
ewallet_01624,"Buggy yung latest update past month nakabayad ako sa pay bills section without confirming actions kasi from signing up ay nakapag confirm na ako ng email. Ang tagal pati ang pagsend ng email for security code. Anu na tayu GLOBE mabagal na nga net connection niyu , pati dito ba naman??",payment_failure,GCash,Google Play (Kaggle public dataset),2,2020-08-01T07:01:31.000Z,strict_rule_relabel,training
ewallet_01625,"I can't get my account verified using my School ID. I'm college now, and I dont have any other IDs yet. I hope u can add school ID to the choices.",feature_request,GCash,Google Play (Kaggle public dataset),1,2020-12-25T16:34:30.000Z,strict_rule_relabel,training
ewallet_01627,Before GCash is so convenient pero nung tumatagal palagi nalang nag kaka problem even sa pag cash in nag kaka problem pa. Sana maaayos kagaya ng dati.,transfer_issue,GCash,Google Play (Kaggle public dataset),1,2021-10-01T22:30:01.000Z,strict_rule_relabel,training
ewallet_01628,"GCash is a great help for me. I don't have bad experience with the app. However, should I give a suggestion to make the app even better is that to expand the capability of the app to be able to receive crypto funds just like coins.ph but include dollar fund as well, and to be able to do conversions between crypto, dollar, and peso.",feature_request,GCash,Google Play (Kaggle public dataset),4,2020-12-26T08:26:22.000Z,strict_rule_relabel,training
ewallet_01629,sometimes i cannot log in,account_access_issue,GCash,Google Play (Kaggle public dataset),3,2019-07-28T23:30:58.000Z,strict_rule_relabel,training
ewallet_01632,"I sent money to a seller thru bank transfer through paymaya. It says i ran into some delay. I do wish this do not happen again. I had no back up cash that time and have to wait for several days. I cant finish my transaction with the seller because of this. Php 15.00 CONVENIENCE FEE for 3-5 days of delay. Edit. And it happened again, this time thru bank pa naman yung transfer. This system really finds amicable timing in its delays.",transfer_issue,GCash,Google Play (Kaggle public dataset),1,2021-10-02T12:06:40.000Z,strict_rule_relabel,training
ewallet_01633,"There is no option to unlink my bank account. I really don't trust you Gcash people. When I linked my account, i start receiving scam messages from random numbers. Beware people. People in gcash are punks",feature_request,GCash,Google Play (Kaggle public dataset),1,2020-08-04T13:17:04.000Z,strict_rule_relabel,training
ewallet_01634,i hope gcash bring back school id verification.. its hard to verify my acct without any ids,feature_request,GCash,Google Play (Kaggle public dataset),3,2020-12-27T15:58:13.000Z,strict_rule_relabel,training
ewallet_01635,"We are always having problems cashing in, so far nawawalan na kami ng almost 2k sa pag cash in na never narefund sa account namin. Take note hindi lang sa gcash app ko, pati sa partner ko din. Minsan transactions namin malalaking amount talaga and even more convenient dito, wala na kaming trust so we are choosing bank apps instead here. Pang load na lang namin itong gcash, but not a trusted app pagdating sa pera.",transfer_issue,GCash,Google Play (Kaggle public dataset),1,2021-10-03T08:23:33.000Z,strict_rule_relabel,training
ewallet_01641,Please add 1000 in garena shells much needed cause I'm using games easy to operate this app and reliable.,feature_request,GCash,Google Play (Kaggle public dataset),5,2020-12-29T06:12:33.000Z,strict_rule_relabel,training
ewallet_01642,So far i didnt encounter any problems. Gcash has been my mode of payment for all of my transactions since the pandemic started.. its very convenient and no need to go outside and be stuck in very long lines to pay your bills. Thank u GCASH.,payment_failure,GCash,Google Play (Kaggle public dataset),5,2021-08-02T02:09:59.000Z,strict_rule_relabel,training
ewallet_01643,I gave 3 star not 5 star because sometimes have a problem we cannot send a load or transfer money to other bank account,transfer_issue,GCash,Google Play (Kaggle public dataset),3,2021-10-06T11:39:03.000Z,strict_rule_relabel,training
ewallet_01644,- 4/18/19 I hope you can get a feature which will allow us to fund our Paypal. Paymaya upgrading account process seemed broken - 12/31/20,feature_request,GCash,Google Play (Kaggle public dataset),5,2020-12-30T16:01:51.000Z,strict_rule_relabel,training
ewallet_01645,"Ill give 2 star because its a big problem on where to find store na pwede mag cash out, more on cash in.",transfer_issue,GCash,Google Play (Kaggle public dataset),2,2021-10-06T13:30:07.000Z,strict_rule_relabel,training
ewallet_01646,why is it im always using pay Qr but my Gscore is stuck on 350 ??,payment_failure,GCash,Google Play (Kaggle public dataset),1,2021-08-02T03:46:40.000Z,strict_rule_relabel,training
ewallet_01647,please add load to beepcard function via nfc,feature_request,GCash,Google Play (Kaggle public dataset),4,2021-01-03T01:37:58.000Z,strict_rule_relabel,training
ewallet_01648,"The app was great actually, I accept payments from our customers since we do have our small business and I can use this to pay my bills to my school. The only problem that I experience is that it always update. But so far it was a great app!",payment_failure,GCash,Google Play (Kaggle public dataset),4,2021-08-02T03:57:57.000Z,strict_rule_relabel,training
ewallet_01649,stupid..app i cant log in....always error,account_access_issue,GCash,Google Play (Kaggle public dataset),1,2019-07-30T23:41:39.000Z,strict_rule_relabel,training
ewallet_01650,i can't cashout because i have to submit a ticket. the problem is i can't open the help center.,transfer_issue,GCash,Google Play (Kaggle public dataset),1,2021-10-07T04:40:06.000Z,strict_rule_relabel,training
ewallet_01651,"I like the service however, they changed something on the ""buy load"". I used to get rebate everytime I load but now, I only receive tickets. I hope that GCash would take it back.",feature_request,GCash,Google Play (Kaggle public dataset),4,2021-01-03T08:49:52.000Z,strict_rule_relabel,training
ewallet_01652,why i cannot log in using my pin i thought i forgot my pin so thats why i change my pin but still error..,account_access_issue,GCash,Google Play (Kaggle public dataset),2,2019-07-31T00:00:02.000Z,strict_rule_relabel,training
ewallet_01654,"Add feature like account limits monitoring, received and sending.. For easy monitoring.. Just my suggestion..",feature_request,GCash,Google Play (Kaggle public dataset),4,2021-01-03T10:12:32.000Z,strict_rule_relabel,training
ewallet_01655,I have an issue with bank transfer but no one is answeringy my call. Is there really someone attending in your customer service support?,transfer_issue,GCash,Google Play (Kaggle public dataset),3,2021-10-11T02:41:29.000Z,strict_rule_relabel,training
ewallet_01660,"bank transfer always delay, sometimes it takes 1 day before the amount goes to gcash.",transfer_issue,GCash,Google Play (Kaggle public dataset),3,2021-10-12T07:44:56.000Z,strict_rule_relabel,training
ewallet_01663,Fudge! I have claimed a lot of vouchers already from my buy load transactions but until now it wasn't reflected on my account. PLEASE BRING BACK THE AUTOMATIC REBATES! THAT'S MUCH BETTER THAN GIVING VOUCHERS!!!,feature_request,GCash,Google Play (Kaggle public dataset),1,2021-01-11T01:17:52.000Z,strict_rule_relabel,training
ewallet_01664,Lagi kau may issue sa system pag may cash in tapos puru kau charge.shuta kau na lang yumaman.pisti,transfer_issue,GCash,Google Play (Kaggle public dataset),2,2021-10-15T04:18:20.000Z,strict_rule_relabel,training
ewallet_01666,i cant pay my gcredit im receiving error h something,payment_failure,GCash,Google Play (Kaggle public dataset),5,2021-08-05T04:38:18.000Z,strict_rule_relabel,training
ewallet_01667,Please allow Student ID for validation,feature_request,GCash,Google Play (Kaggle public dataset),3,2021-01-13T17:39:30.000Z,strict_rule_relabel,training
ewallet_01668,"i cannot log in to my account, code HJL3 appears everytime I try to log in! I hope you can fix this, I always use gcash to pay bills.",payment_failure,GCash,Google Play (Kaggle public dataset),1,2019-08-01T09:24:12.000Z,strict_rule_relabel,training
ewallet_01669,it's always fixing some issues. I can't cash out on time,transfer_issue,GCash,Google Play (Kaggle public dataset),1,2021-10-15T05:46:11.000Z,strict_rule_relabel,training
ewallet_01670,Bakit ganun ang gcash nagsend money ako sa paymaya.. Nawala ang pera ko sa gcash pero wala naman pumasok na pera sa paymaya na pinag send dan ko ng pera.. Scam ba tong gcash,transfer_issue,GCash,Google Play (Kaggle public dataset),1,2020-08-13T22:36:46.000Z,strict_rule_relabel,training
ewallet_01672,"I love this app .it easy to send money and easy to load ..but the issue is ,it's updated all the time .. so when you use it to buy load/cashout or cashin ..you connot use it bescause it say again time to update ..plss .let we know if you want to upgarde the apps so that .we can load or cash out earlier ..",transfer_issue,GCash,Google Play (Kaggle public dataset),1,2021-10-15T12:56:49.000Z,strict_rule_relabel,training
ewallet_01673,Please bring back the option to verify using student ID! So many students badly need it!,feature_request,GCash,Google Play (Kaggle public dataset),3,2021-01-15T10:32:29.000Z,strict_rule_relabel,training
ewallet_01674,Hi Got same problem when i updated the apps i cannot login it says problems HJL2.. please help i cant login.,account_access_issue,GCash,Google Play (Kaggle public dataset),1,2019-08-01T14:29:27.000Z,strict_rule_relabel,training
ewallet_01675,I have an issue regarding that i didint receive my money after i cash in and didnt receive text from gcash.,transfer_issue,GCash,Google Play (Kaggle public dataset),3,2021-10-15T23:00:36.000Z,strict_rule_relabel,training
ewallet_01676,"Return the REBATE!!! Loading with GCash was easier and convenient since there was the rebate system, and then this ""LOAD TO WIN"" promo just appeared The load2win itself is a trash, it's not even working properly, so many downsides yet still ongoing? Please bring back the rebate.",feature_request,GCash,Google Play (Kaggle public dataset),1,2021-01-16T06:51:00.000Z,strict_rule_relabel,training
ewallet_01679,SUGGESTION: Pls partner up with Abra. Pleaaaase.,feature_request,GCash,Google Play (Kaggle public dataset),5,2021-01-17T04:36:29.000Z,strict_rule_relabel,training
ewallet_01681,"Gcash, bat tinanggal nyo yung Tin as id for verification? Ang hirap tuloy magverify. Please add tin id as means of verification",feature_request,GCash,Google Play (Kaggle public dataset),3,2021-01-19T15:08:48.000Z,strict_rule_relabel,training
ewallet_01682,"After the recent updatr, I cannot login anymore. I received a text message that my registered email address is outdated. What does that even mean? It's telling me to update in user profile, How can I possibly do that if I cannot login in the first place.",account_access_issue,GCash,Google Play (Kaggle public dataset),1,2019-08-02T01:27:31.000Z,strict_rule_relabel,training
ewallet_01683,Bakit panay yong update... Kada ba kailangan mag update... Walang problema aa load og cash in kaso biglang update na naman..,transfer_issue,GCash,Google Play (Kaggle public dataset),3,2021-10-20T04:24:39.000Z,strict_rule_relabel,training
ewallet_01686,Please add a BTC wallet here,feature_request,GCash,Google Play (Kaggle public dataset),1,2021-01-21T04:06:15.000Z,strict_rule_relabel,training
ewallet_01687,I cant update why... i need to cash out my money Please help me why i cant update...always pending,transfer_issue,GCash,Google Play (Kaggle public dataset),1,2021-10-24T03:16:10.000Z,strict_rule_relabel,training
ewallet_01688,"suggestion lang po. sana po, pagmag-load o mag-bayad via GCash app, makita agad ang binawas sa account mo in 'Real Time' tulad ng kakompetensya nyo na PayM... salamat.",feature_request,GCash,Google Play (Kaggle public dataset),3,2021-01-21T11:16:51.000Z,strict_rule_relabel,training
ewallet_01689,"This app is good at first. Until this happen. They deducted my money and it says the merchant is ""epic games"" the problem is i dont have that epic games. I didnt leave my phone to others in it has a password so definetly no one can use my account. So who can deduct my money ? Obviusly the gcash company it self",account_access_issue,GCash,Google Play (Kaggle public dataset),1,2021-08-20T01:39:42.000Z,strict_rule_relabel,training
ewallet_01690,"please add Student Id on your next update so that we can be fully verified High school, Senior High or College that does not have any Card, we can use this as app as a savings account.",feature_request,GCash,Google Play (Kaggle public dataset),3,2021-01-23T17:59:32.000Z,strict_rule_relabel,training
ewallet_01691,Gcash is good i love using gcash problem is hard to contact their customer service i got an emergency problem regarding on my cash in but so hard to let them know not easy to talk to them.. irritating,transfer_issue,GCash,Google Play (Kaggle public dataset),3,2021-11-02T03:35:04.000Z,strict_rule_relabel,training
ewallet_01694,Nakakabwesit laging error hindi ka makapag cash in...,transfer_issue,GCash,Google Play (Kaggle public dataset),1,2021-11-03T02:48:35.000Z,strict_rule_relabel,training
ewallet_01695,"Nilibot ko buong atm sa cebu pero transaction failed, tapos late na mag remind na need update sa mpin sa card! Grabi energy ko na waste talaga! Kaya im not happy today. Baka bukas",account_access_issue,GCash,Google Play (Kaggle public dataset),1,2021-09-10T06:04:49.000Z,strict_rule_relabel,training
ewallet_01698,PLEASE BRING BACK THE 5% LOAD REBATE!,feature_request,GCash,Google Play (Kaggle public dataset),1,2021-01-28T05:40:25.000Z,strict_rule_relabel,training
ewallet_01701,"Please bring back the automatic cashback when you buy load. The scratch things is awful, I didn't receive it even if I win a cashback for a week. Please notice me.",feature_request,GCash,Google Play (Kaggle public dataset),1,2021-01-28T14:47:28.000Z,strict_rule_relabel,training
ewallet_01702,It was really disappointing.. you know i love gcash i evenn recommend it with friends and relatives but this month of October and November every transactions i made. Gcash cash in or bank transfer or even gsave withdrawal and buy load every single transactions i made always have technical issue especially bank transfer and gsave withdrawal. Always submit ticket but no clear response from you guys. I hate to tell this but i am losing trust in you now.. especially on days that i badly needed,transfer_issue,GCash,Google Play (Kaggle public dataset),1,2021-11-08T05:07:11.000Z,strict_rule_relabel,training
ewallet_01703,There is a problem in my gcredit.i can no longer use it to pay bills,payment_failure,GCash,Google Play (Kaggle public dataset),1,2021-09-11T06:38:46.000Z,strict_rule_relabel,training
ewallet_01704,"Gscore is not adding up despite the fact that I am actively using cashin, paybills, gsave and sending money. Please fix the problem.",transfer_issue,GCash,Google Play (Kaggle public dataset),3,2021-11-08T14:05:47.000Z,strict_rule_relabel,training
ewallet_01706,Worst! I've been waiting for my money to be back after the transaction failed. Its been a days and my money still not refunded. It's like stealing money in your clients.,payment_failure,GCash,Google Play (Kaggle public dataset),5,2021-09-11T08:55:36.000Z,strict_rule_relabel,training
ewallet_01707,i still can't log in..,account_access_issue,GCash,Google Play (Kaggle public dataset),1,2019-08-06T05:17:31.000Z,strict_rule_relabel,training
ewallet_01708,Sometime I can't open the app and now gcash app is down I am trying to cash out money but I can't open it and saying there some problem and fixing this soon how can we able to get our money. We can't trust this app what if they just shutdown how can we get our money back,transfer_issue,GCash,Google Play (Kaggle public dataset),2,2021-11-09T23:43:55.000Z,strict_rule_relabel,training
ewallet_01709,please bring back the rebate system smh,feature_request,GCash,Google Play (Kaggle public dataset),1,2021-01-30T12:46:48.000Z,strict_rule_relabel,training
ewallet_01711,"why I can't verify my gcash? when I go to verification section, there is no ""icon"" to be click to capture my IDs. I am still on a basic level. Please advise.",account_access_issue,GCash,Google Play (Kaggle public dataset),1,2019-08-07T01:41:04.000Z,strict_rule_relabel,training
ewallet_01716,"It was good from the start but recently it has a little problem, I've cash in into my account but I didn't receive the money only the txt message but no ammount of cash appeared on my account",transfer_issue,GCash,Google Play (Kaggle public dataset),3,2021-11-12T00:27:07.000Z,strict_rule_relabel,training
ewallet_01717,"The app is really good and helping, but please bring back the old cashback, because the scratch thing is awful. Please notice.",feature_request,GCash,Google Play (Kaggle public dataset),2,2021-02-01T15:54:44.000Z,strict_rule_relabel,training
ewallet_01718,cannot login my gcash to your app,account_access_issue,GCash,Google Play (Kaggle public dataset),2,2019-08-07T02:49:23.000Z,strict_rule_relabel,training
ewallet_01719,Can you please include the TIN ID as a valid ID. It is not convinient that you only have limited list of valid IDs,feature_request,GCash,Google Play (Kaggle public dataset),2,2021-02-01T16:23:49.000Z,strict_rule_relabel,training
ewallet_01720,Please bring back the student ID so that we can fully verified,feature_request,GCash,Google Play (Kaggle public dataset),1,2021-02-02T04:41:00.000Z,strict_rule_relabel,training
ewallet_01721,I've got error at first transaction for paying bills when i updated the app and now I can't open my gcash.,payment_failure,GCash,Google Play (Kaggle public dataset),1,2021-09-14T03:01:58.000Z,strict_rule_relabel,training
ewallet_01724,So annoying having update notification almost everymonth! Also not safe application they took 1k from my account without my consent and they never give it back to me! So be careful,security_concern,GCash,Google Play (Kaggle public dataset),1,2020-08-22T00:09:35.000Z,strict_rule_relabel,training
ewallet_01726,I cash in php1100 and i open my gcash they said that there was a problem comeback later. I open it again but they said come back again later.. i need to pay my friend now. Please fixed it..,transfer_issue,GCash,Google Play (Kaggle public dataset),1,2021-11-16T04:49:48.000Z,strict_rule_relabel,training
ewallet_01728,Almost 5days i experience already this i cant open my gcash account Until right now and i have 12k amount of fund pls do resolve this problem right away because i need my fund to pay bills.. pls pls pls pls ASAP,payment_failure,GCash,Google Play (Kaggle public dataset),1,2021-09-16T11:52:33.000Z,strict_rule_relabel,training
ewallet_01730,excellent!! Plz...i concern my gcash..i cannot cash out my money..this problem that im not already fully verified..i fill up and waiting...its too long for this waiting..plz fix this problem gcashplzzz fix this putang innaaa niu,transfer_issue,GCash,Google Play (Kaggle public dataset),5,2021-11-18T00:22:43.000Z,strict_rule_relabel,training
ewallet_01732,What happning here! I have my due date payment tomorrow and i need to pay it but how? since may money is in my gcash and i dont have card to withraw it. Why you guys did not informed us prior to happened this kind of issue? Why? I badly need my money. I dont want to have payment getting over due cause it can charge me thousand pesos of penalty. Fix it now.,payment_failure,GCash,Google Play (Kaggle public dataset),1,2021-09-16T13:21:09.000Z,strict_rule_relabel,training
ewallet_01733,i will give it 1 star i cannot verify my gmail account because i cannot recieve verification code ive tried many times but always like that,account_access_issue,GCash,Google Play (Kaggle public dataset),1,2019-08-10T16:02:07.000Z,strict_rule_relabel,training
ewallet_01736,nag change na ako mpin di pa rin ako maka login ilang linggo na. laging may error. tsk tsk tsk.,account_access_issue,GCash,Google Play (Kaggle public dataset),3,2019-08-10T23:04:44.000Z,strict_rule_relabel,training
ewallet_01741,I can't log in to my account fix it please,account_access_issue,GCash,Google Play (Kaggle public dataset),1,2019-08-11T23:41:20.000Z,strict_rule_relabel,training
ewallet_01742,"My account can't be verified :( please bring back ""Student's ID""!!!!!",feature_request,GCash,Google Play (Kaggle public dataset),3,2021-02-13T22:16:13.000Z,strict_rule_relabel,training
ewallet_01743,"I can't cash-in from moneygram to my gcash account. It says ""There seems to be a problem. Please try again later. ("" code crs0 or crs1). It's been 3 days that i contacted customer service. But until now I can't still cash-in. Very poor service. Already messaged gcash support 3 days ago.",transfer_issue,GCash,Google Play (Kaggle public dataset),1,2019-08-12T04:11:52.000Z,strict_rule_relabel,training
ewallet_01744,So far the service is good. The only problem is not easy to cash out.,transfer_issue,GCash,Google Play (Kaggle public dataset),2,2021-11-22T23:04:15.000Z,strict_rule_relabel,training
ewallet_01745,All good but i hope that you can include student Id in the recommended id,feature_request,GCash,Google Play (Kaggle public dataset),5,2021-02-16T04:36:12.000Z,strict_rule_relabel,training
ewallet_01747,"longer mpin pls. Feel ko di ganun ka secured pag 4 digit mpin lang, mas madami digits mas malakas security ng mpin",account_access_issue,GCash,Google Play (Kaggle public dataset),4,2020-08-25T09:03:48.000Z,strict_rule_relabel,training
ewallet_01748,"Please fix your cash in to paypal, it always says error and cannot even cash in for days now",transfer_issue,GCash,Google Play (Kaggle public dataset),1,2021-11-25T12:40:54.000Z,strict_rule_relabel,training
ewallet_01749,Please bring back the load rebates,feature_request,GCash,Google Play (Kaggle public dataset),5,2021-02-18T00:55:33.000Z,strict_rule_relabel,training
ewallet_01750,"its useful but since the newest update i have uninstall and re-installed the app few time already this month dahil pag nagchange number ako sa isang account ko na globe to my smart gcash acct hindi nag oopen ang app. plus having the hard time using the scan to pay dati nman walang problem ngaun madalas di nadedectect nun scanner un qr code., ang hassle lalo na pag madami na nkapila sa likod mo dahil hinihintay ka nila mascan un code na ending magbabayad ka nln ng cash kc hirap magdetect un qr.,",payment_failure,GCash,Google Play (Kaggle public dataset),3,2021-09-18T12:21:07.000Z,strict_rule_relabel,training
ewallet_01751,"After the new update of gcash, i was unable to login. it says ""Oops! There seems to be a problem."" I already send my concern to Gcash support email but no one response. PLease Please please fix this problem as soon as possible. tnx tnx",account_access_issue,GCash,Google Play (Kaggle public dataset),3,2019-08-14T06:58:44.000Z,strict_rule_relabel,training
ewallet_01752,My problema ups di nag send ng verification code pag mag cash out sa gsave,transfer_issue,GCash,Google Play (Kaggle public dataset),3,2021-11-29T07:23:32.000Z,strict_rule_relabel,training
ewallet_01753,"So far so good. Just a suggestion: If your partnerstore like robinsons mall do not accept philhealth ID when cashing out, don't include that ID in the lists or it may mislead more people. And I dont understand what's the update for. It keeps updating the version but there's no improvement at all. It actually lags more than the previous version which is so inconvenient.",feature_request,GCash,Google Play (Kaggle public dataset),2,2021-02-18T08:25:02.000Z,strict_rule_relabel,training
ewallet_01755,I can't log in to my account after i update the app.Keeps on loading and loading then error.Why?,account_access_issue,GCash,Google Play (Kaggle public dataset),2,2019-08-14T10:46:41.000Z,strict_rule_relabel,training
ewallet_01756,Please add school Id!,feature_request,GCash,Google Play (Kaggle public dataset),1,2021-02-18T10:24:50.000Z,strict_rule_relabel,training
ewallet_01757,Ang dami palaging problema Baka pwedi paki babaan minimum sa paypal cash in. Kahit 100 sana naman... Salamat!,transfer_issue,GCash,Google Play (Kaggle public dataset),2,2021-11-29T17:46:05.000Z,strict_rule_relabel,training
ewallet_01760,"Please fix your ticketing system on Gcash App. After I completed all the required infos and press submit, all it does was to delete all and start again. I'd like to follow up on the progress of Pending Bank Transfer and I can't find a way to contact you. Very inconvenient",transfer_issue,GCash,Google Play (Kaggle public dataset),1,2021-11-30T05:24:27.000Z,strict_rule_relabel,training
ewallet_01761,"I'm satisfied with it. As a student, i can use it to send money to my school for tuition. Thank you for creating this app. It really helps me a lot. Keep on improving it as your user will be satisfied as I am too. And ohh for suggestion, can you bring back the student id for verification? There's a lot of students struggling to verified their account cuz student id is what they have only. Thank you!",feature_request,GCash,Google Play (Kaggle public dataset),5,2021-02-19T02:04:31.000Z,strict_rule_relabel,training
ewallet_01763,My Gcash app is Missing right after I cash in!! I needed to send the money to someone it's very disturbing!,transfer_issue,GCash,Google Play (Kaggle public dataset),1,2021-11-30T06:05:51.000Z,strict_rule_relabel,training
ewallet_01764,I'll be rating this one as 5 stars since it's flexible... But please can you add the National ID option soon for validation?,feature_request,GCash,Google Play (Kaggle public dataset),5,2021-02-19T15:07:56.000Z,strict_rule_relabel,training
ewallet_01765,"Always facing issue with cash in, even i type the correct MTN combination still going to say wrong pin, most of the time my last ticket until now still pending and no concrete solution at all....",transfer_issue,GCash,Google Play (Kaggle public dataset),2,2021-11-30T12:12:46.000Z,strict_rule_relabel,training
ewallet_01766,I hope they will bring back the rebate because in my opinion its easier to save on gcash because of the rebate,feature_request,GCash,Google Play (Kaggle public dataset),4,2021-02-20T02:19:51.000Z,strict_rule_relabel,training
ewallet_01767,"Sa 7/11 ako ng ng cacash in.. Sulit sya nung una kasi walang charges,pero nitong nkaraang buwan ay nagpatung na ng 1percent pag cash in , ok naman sana at mababa lang naman, ang problema pag nagbabayad na ako (bills) may mga charge pa na binabayan, kaya na do double tuloy, kaya sana naman tanggalin na ang 1percent na nilagay ng Gcash, minsan umaabot pa ng 2percent pag nagcacash in,kasi may charge na sa bills na binabayan.Hayyyy...",transfer_issue,GCash,Google Play (Kaggle public dataset),2,2021-12-01T14:24:57.000Z,strict_rule_relabel,training
ewallet_01768,I just have one suggestion please make your App upate Optional.,feature_request,GCash,Google Play (Kaggle public dataset),5,2021-02-22T03:15:59.000Z,strict_rule_relabel,training
ewallet_01770,"Experience is excellent however I would suggest to add more partnering stores for cashing out. Also, it would be great to be able to link my account with Gigalife as I am a smart subscriber. Not only support Globe with GlobeOne but with Smart as well. Also, since dark mode feature is almost on every app, it is a must have. That would make a great feauture in GCash.",feature_request,GCash,Google Play (Kaggle public dataset),5,2021-02-22T13:57:28.000Z,strict_rule_relabel,training
ewallet_01773,please add again a student id for verification,feature_request,GCash,Google Play (Kaggle public dataset),2,2021-02-23T14:00:44.000Z,strict_rule_relabel,training
ewallet_01776,"New update: GUI is good but functionality is bad. unable to verify when going to cash in from my bank as well as unable to process fund transfer. Your customer support needs improvement sending ticket online and waited for few days before receiving reply through email and asking only details such as name, account problem etc. which already being filled out during online. wasting of time.",transfer_issue,GCash,Google Play (Kaggle public dataset),2,2019-08-16T23:43:07.000Z,strict_rule_relabel,training
ewallet_01778,"20,30mins to 1hour delay of code and it allways say incorrect code when you insert the code damn what a trash app what a waste i hope they fixt it or else no one would use this app theres lot of problem",feature_request,GCash,Google Play (Kaggle public dataset),1,2021-02-25T20:22:59.000Z,strict_rule_relabel,training
ewallet_01779,I've been waiting for hours and my gcash app is still not working I don't know what seems to be the problem! My connection is good and my gcash app is updated. Most of my friends gcash are working perfectly fine except for mine. Pls resolve this problem ASAP. I have bills to pay!,payment_failure,GCash,Google Play (Kaggle public dataset),1,2021-09-26T08:54:36.000Z,strict_rule_relabel,training
ewallet_01780,I can't remember my MPIN. Then I feed back to G cash. They give me information. But it was always incorrect even if I fill it up perfectly. I'm not satisfied with your service. My account got blocked and I can't use it anymore. Still 1 year of trying to revive my account. Nothing happens. Still blocked,account_access_issue,GCash,Google Play (Kaggle public dataset),1,2019-08-18T03:27:46.000Z,strict_rule_relabel,training
ewallet_01781,"Nice app. But the problem is every month you need to update the app. Unless you can't open it. There's a time that i don't have wifi, and I badly need to send money thru this app. That's only an issue for me.",transfer_issue,GCash,Google Play (Kaggle public dataset),3,2021-12-06T10:06:32.000Z,strict_rule_relabel,training
ewallet_01782,Your security system is incredibly useless. I forgot my MPIN and it denies on giving me an authentication code to recover my account. I made a request last year but you didn't take any actions. What annoys me the most is you keep on sending me messages promoting all your BS services. I believe I should be allowed to give no star.,account_access_issue,GCash,Google Play (Kaggle public dataset),1,2020-09-07T02:49:58.000Z,strict_rule_relabel,training
ewallet_01784,Cannot log in. Code HJL3,account_access_issue,GCash,Google Play (Kaggle public dataset),5,2019-08-18T04:28:17.000Z,strict_rule_relabel,training
ewallet_01785,"Like other experience,,lots of update but updating is not easy....like now,,updating my gcash,,still pending!!!i really need to send money for medical needs,,,but what is this!!!!!",transfer_issue,GCash,Google Play (Kaggle public dataset),2,2021-12-07T11:12:02.000Z,strict_rule_relabel,training
ewallet_01787,i wish there could be an update where students are able to use it even without any id because in this times of pandemic it gives everyone struggles and everyone including me are using this as their wallet but can't send money because we're not verified,transfer_issue,GCash,Google Play (Kaggle public dataset),3,2021-02-26T12:35:44.000Z,strict_rule_relabel,training
ewallet_01788,Paying bills and buying loads made easy.. we can even pay our electric and water bills. Ang problema sa ngayon ang nag eerror ang system at di maka log in sa account. Ang resulta magbabayad ka ng penalty dahil di nabayaran ang gcredit on time na hindi mo naman kasalanan.,payment_failure,GCash,Google Play (Kaggle public dataset),2,2021-09-28T00:40:16.000Z,strict_rule_relabel,training
ewallet_01791,Please add feauture where student can be verify their account using their student ID because it is hard for me to be verified because I only have one ID and that ID is a student ID,feature_request,GCash,Google Play (Kaggle public dataset),4,2021-02-26T13:08:34.000Z,strict_rule_relabel,training
ewallet_01793,BANK TRANSFER KO PENDING PA DIN. EMERGENCY PA NAMAN YUN. NEED NG PAMBILI NG GAMOT NG ERMATS KO. HAYS,transfer_issue,GCash,Google Play (Kaggle public dataset),1,2021-12-09T12:11:23.000Z,strict_rule_relabel,training
ewallet_01794,"Your apps is good very i really appreciate the service, but the problem is need to increase the cash in amount per month and very high charge. And also it always update the system.",transfer_issue,GCash,Google Play (Kaggle public dataset),4,2021-12-11T06:26:33.000Z,strict_rule_relabel,training
ewallet_01795,PLEASE ADD A FEATURE THAT WE CAN USE OUR FINGERPRINT TO LOGIN,feature_request,GCash,Google Play (Kaggle public dataset),5,2021-02-28T03:08:47.000Z,strict_rule_relabel,training
ewallet_01799,"I think it works decently. The only problem I have is with how the app needs to update first, in order to open. And also, I hope they bring back the semi-verification option.",feature_request,GCash,Google Play (Kaggle public dataset),3,2021-03-01T04:36:04.000Z,strict_rule_relabel,training
ewallet_01801,Its been 7days now that updating my account is pending so i can't transfer fund,transfer_issue,GCash,Google Play (Kaggle public dataset),2,2021-12-12T01:50:44.000Z,strict_rule_relabel,training
ewallet_01802,It's a good app but please add Student ID because it's Pandemic and we need to pay my tuition fee.,feature_request,GCash,Google Play (Kaggle public dataset),3,2021-03-01T07:32:58.000Z,strict_rule_relabel,training
ewallet_01803,I cannot generate my own QR code. There is always a problem,payment_failure,GCash,Google Play (Kaggle public dataset),3,2021-10-05T14:04:33.000Z,strict_rule_relabel,training
ewallet_01804,"I CANT LOG IN LIKE THERE IS ALWAYS AN ERROR! WHAT IS WRONG, I HAD AN EMERGENCY AND I COULDN'T BUY LOAD FOR MY FRIEND",account_access_issue,GCash,Google Play (Kaggle public dataset),1,2019-08-23T04:37:50.000Z,strict_rule_relabel,training
ewallet_01805,I love this Apps..we dont need to go anywhere if we want send money to our family....but the problem is always update. My phone is low memory. Pls give us any options.,transfer_issue,GCash,Google Play (Kaggle public dataset),4,2021-12-13T10:04:52.000Z,strict_rule_relabel,training
ewallet_01808,Seems to encounter a. Problem now. I cant use my gcredit to pay my bills.,payment_failure,GCash,Google Play (Kaggle public dataset),4,2021-10-07T01:20:36.000Z,strict_rule_relabel,training
ewallet_01809,Can't log in. Error gr31-13436,account_access_issue,GCash,Google Play (Kaggle public dataset),1,2019-08-23T05:04:27.000Z,strict_rule_relabel,training
ewallet_01810,"Lagi nlng may problema sa app, di makapag bayad ng bills, madalas delay pa yung cashin. Puro nlng abala",transfer_issue,GCash,Google Play (Kaggle public dataset),1,2021-12-16T05:32:02.000Z,strict_rule_relabel,training
ewallet_01811,Im realy realy disapointed to this company. In worth of 30 Pesos they scam it thanks to this app i prove my self that they Can scam you one day any time my sister told me about it and thanks to god i did not cash in my money to this app its realy make me laugh. Contact me ill show you my screen shot and prof,transfer_issue,GCash,Google Play (Kaggle public dataset),1,2020-09-11T00:32:21.000Z,strict_rule_relabel,training
ewallet_01813,The app is great but the Bank Transfer is having an error.,transfer_issue,GCash,Google Play (Kaggle public dataset),1,2021-12-17T12:36:06.000Z,strict_rule_relabel,training
ewallet_01814,What the hell! One day I woke up tried to open my gcash but then biglang mag eerror and sasabhn na may ibang devices na nag log in. How the hell eh wala naman ibang nkakaalam ng mpin ko!!!!!!!!!!!!!! What kind of bullahit ang security neto! Pano na yung ipon ko!!!!??!!!!!!!?!!,account_access_issue,GCash,Google Play (Kaggle public dataset),1,2020-09-11T05:36:17.000Z,strict_rule_relabel,training
ewallet_01815,"FOR THOSE WHO WILL DOWNLOAD THIS APP FOR THE FIRST TIME, HERE ARE SOME IMPORTANT ISSUES I HAVE ENCOUNTERED: First, my payment transaction isn't psoted successfully. I haven't received any response up to now. LASTLY, the app suddenly hide. I have to uninstall and reinstall thru the playstore again. If there's a zero star, ill definitely give that rate. Walang kwentang app! PayMaya is way too better than this app! I will never download this app again.",payment_failure,GCash,Google Play (Kaggle public dataset),1,2021-10-08T21:41:00.000Z,strict_rule_relabel,training
ewallet_01816,thats good because it can use to buy load send bills and cash in and cash out.The problem is the verification process. Nang hiram pa kami ng cp sa kapit bahay kase di nababasa yung id sa cp ko.,transfer_issue,GCash,Google Play (Kaggle public dataset),2,2021-12-23T16:31:07.000Z,strict_rule_relabel,training
ewallet_01817,Very helpful naman ang GCash lalo na sa mga load at bill transactions. Problem ko lang is may mga glitch pa rin sa mismong app. Suggestion ko lang rin sana ng konting improvement at saka yung search feature kapag bumibili ng load. Ang hirap kasi hanapin at isa-isahin yung hinahanap mong promo Yun lang naman!,feature_request,GCash,Google Play (Kaggle public dataset),4,2021-03-03T06:36:25.000Z,strict_rule_relabel,training
ewallet_01818,Why i can't log in,account_access_issue,GCash,Google Play (Kaggle public dataset),5,2019-08-23T13:36:26.000Z,strict_rule_relabel,training
ewallet_01819,I try to send money but it always fails! I do everything I can to fix it but it doesn't work!,transfer_issue,GCash,Google Play (Kaggle public dataset),1,2022-01-05T09:34:50.000Z,strict_rule_relabel,training
ewallet_01820,I have a problem logging in it says that i have reached the maximum log in attempt even though i have typed my MPIN once and it is the correct PIN and still now i can't log in. Please fix this problem cause this is so inconvenient,account_access_issue,GCash,Google Play (Kaggle public dataset),1,2019-08-24T09:26:52.000Z,strict_rule_relabel,training
ewallet_01824,"Putang ina mo! ng dahil sayo hindi ko ma transfer pero ko mula sa paypal... bigla nlang nag system error ang putang inang gcash nang ika cash in ko na at wla kaung pki, makasakit s customer nyo dpat s inyo pinapaban nlng npakaeresponsable ng developer nito! Kya di ako naglalagay ng mlaking pera dito winiwidraw ko agad. Di ako nagtitiwala basta sa gcash n to! Di buo tiwala ko sayo hayop ka!",transfer_issue,GCash,Google Play (Kaggle public dataset),1,2022-01-07T19:17:11.000Z,strict_rule_relabel,training
ewallet_01825,please add a psn credits so we can buy in gcash,feature_request,GCash,Google Play (Kaggle public dataset),3,2021-03-04T07:49:09.000Z,strict_rule_relabel,training
ewallet_01826,Every 15th and 30th i usually pay via gcash all my bills but there's always have an error on these particular days.,payment_failure,GCash,Google Play (Kaggle public dataset),1,2021-10-15T09:26:08.000Z,strict_rule_relabel,training
ewallet_01827,"The latest update sucks I can't logged in to my account, it always says check internet connection even though I am connected to wifi and I tried the mobile data it's the same. Fix this, I am bit annoyed now it's been 24 hours and I still can't log in.",account_access_issue,GCash,Google Play (Kaggle public dataset),1,2019-08-24T20:04:42.000Z,strict_rule_relabel,training
ewallet_01828,I have a problem now. I cash in but unable to open my Gcash. I can't update my Gcash because I cannot delete important apps I have in my phone.,transfer_issue,GCash,Google Play (Kaggle public dataset),2,2022-01-09T05:31:09.000Z,strict_rule_relabel,training
ewallet_01829,I like this app. I hope the developer will include student ID for verification purposes.,feature_request,GCash,Google Play (Kaggle public dataset),3,2021-03-06T14:32:09.000Z,strict_rule_relabel,training
ewallet_01830,Pay Bills function keep loading please help to fix this problem as soon as possible.,payment_failure,GCash,Google Play (Kaggle public dataset),2,2021-10-15T10:01:35.000Z,strict_rule_relabel,training
ewallet_01834,Will you please add student's id for verification purposes,feature_request,GCash,Google Play (Kaggle public dataset),3,2021-03-08T07:02:19.000Z,strict_rule_relabel,training
ewallet_01836,How to forgot my mpin i forgot my mpin and i cant open my account there are 30$ wallet in my account plss solve my problem,account_access_issue,GCash,Google Play (Kaggle public dataset),1,2019-08-28T03:50:53.000Z,strict_rule_relabel,training
ewallet_01837,"Used to be an ok app. Filed a ticket to resolve an issue (successful fund transfer from originating bank but money did not appear in gcash) but there was no response. So i called Landbank. Luckily, Landbank was so prompt and helpful so the funds I have transfered to gcash was reverted to landbank. Now, it's inconvenient because i have to go out to cash-in. Also, it is difficult to link gcash with apple.",transfer_issue,GCash,Google Play (Kaggle public dataset),3,2022-01-18T01:26:38.000Z,strict_rule_relabel,training
ewallet_01838,Hi everyone im a student how use gcash everysingle day but my gcash acc is not verified why bucause i am a student i dont have any id's i only have school so tonight i sincerely call who created gcash please allow us to use school id's to get verified on your acc i really need this app because its the only way to prevent virus please gcash allow us to use your app WE STUDENT PLEASE ALLOW US PLEASE SEE THIS POST PETITION FOR STUDENT WHO DOEST HAVE ANYTHING TO GET VERIFIED ON THIS APP PLEASE! HELP,feature_request,GCash,Google Play (Kaggle public dataset),4,2021-03-09T13:09:02.000Z,strict_rule_relabel,training
ewallet_01841,Pay QR always fail,payment_failure,GCash,Google Play (Kaggle public dataset),1,2021-10-23T22:45:29.000Z,strict_rule_relabel,training
ewallet_01842,Why i cannot register ?? How to register if i dont have mpin what i would do??? Answer pls my concern im really disapointed this,account_access_issue,GCash,Google Play (Kaggle public dataset),1,2019-08-29T10:49:57.000Z,strict_rule_relabel,training
ewallet_01843,Poor customer service as they answered emails via autoreply! I already wired money to gcash account and can't do anything aside from buying load as my verification process is still pending for almost 3 months now! I can't even transfer back the money into my bank account because of that! They are not helpful at all.,transfer_issue,GCash,Google Play (Kaggle public dataset),1,2022-01-22T04:00:13.000Z,strict_rule_relabel,training
ewallet_01844,I hope it has school id or voters certificate for verification(there's no voters id that are given this year) . We are still teens anyway. Hoping you consider my suggestion. Teens use this more often to be cashless and reliable in case of any circumstances.,feature_request,GCash,Google Play (Kaggle public dataset),2,2021-03-12T04:57:11.000Z,strict_rule_relabel,training
ewallet_01845,"Always on system maintenance or error. Grrrr. Last night i purchased 90pesos load for my globe sim,it said that the transaction wasn't successful 'cause i took so long to confirm but I wasn't took long to confirm. I repeated the process and i was charged double! If only I had a choice I wouldn't download this app! 10-24-2021 Nothing change Gcash! I submitted ticket 10-22-2021 regarding money trasfer but until now no one reach me out to lend help!that was money deducted on my acc but cant claim!",payment_failure,GCash,Google Play (Kaggle public dataset),1,2021-10-24T02:39:14.000Z,strict_rule_relabel,training
ewallet_01846,"tried to log in once with correct MPIN, and it failed to log in, it say's i have reached maximum allowed log in attempts. tsk",account_access_issue,GCash,Google Play (Kaggle public dataset),1,2019-08-30T05:36:09.000Z,strict_rule_relabel,training
ewallet_01847,Had a problem with cash in.,transfer_issue,GCash,Google Play (Kaggle public dataset),1,2022-01-24T10:51:32.000Z,strict_rule_relabel,training
ewallet_01849,Why is the regular load gone after the update. Only some promos will show when you buy a load. Please bring back the regular load.,feature_request,GCash,Google Play (Kaggle public dataset),2,2021-03-13T11:39:42.000Z,strict_rule_relabel,training
ewallet_01850,"Big problem, transfer of money from land bank to gcash.. 10k php fly away!!",transfer_issue,GCash,Google Play (Kaggle public dataset),1,2022-01-31T11:29:46.000Z,strict_rule_relabel,training
ewallet_01852,"It was great before. But after the update Vivo Y72 5G went terrible experience for me. I cannot use my 11k money in gcash. I cant give load, i cannot pay bills, i cannot send money. It was hilarious how the agent keeps on delaying how to work with my error because they are using email in contacting me instead of their own application chat support. How much money they are using and gaining but they provide their workers seminars to be skilled and unbecoming convenient",payment_failure,GCash,Google Play (Kaggle public dataset),1,2022-02-02T02:04:37.000Z,strict_rule_relabel,training
ewallet_01853,Hope you can bring back the 'student id' in the verification process since there are students using this application.,feature_request,GCash,Google Play (Kaggle public dataset),3,2021-03-18T03:58:19.000Z,strict_rule_relabel,training
ewallet_01854,"Very bad, yoit money is mot safe ang guaranteed, i cash in from my on-line banking ang its not working, the money is already debited to my bank. I submitted a ticket and call the customer service.. Hindi nila masagot ng tama kung anu ang gagawin, pinoatwag ako sa insta pay, bkt alo tatawav eh sinunod ko ing step ng cash in ng gcash, paanu lung incase of emergency paanu ung pera namin mababalik. Nkaka stress oarang nagtuturuan kung san npunta ang pera.",transfer_issue,GCash,Google Play (Kaggle public dataset),1,2022-02-07T11:52:43.000Z,strict_rule_relabel,training
ewallet_01855,Changing my review today. I wasn't able to collect green energy for a month already from GForest because it all white when I enter GForest. Graphics are distorted sometimes and hangs up. I tried re-installing the app but its still the same. It's updated so I don't know why this happens. I hope it would be fixed.,feature_request,GCash,Google Play (Kaggle public dataset),3,2021-03-24T07:56:10.000Z,strict_rule_relabel,training
ewallet_01858,error on shopeepay cash in,transfer_issue,GCash,Google Play (Kaggle public dataset),1,2022-02-12T14:46:51.000Z,strict_rule_relabel,training
ewallet_01859,2 star first its because my experience for cashout into villarica and puregold always offline2..hope you add more branches to cash out and the charge rate for cash out is very high..,transfer_issue,GCash,Google Play (Kaggle public dataset),2,2021-03-27T05:03:46.000Z,strict_rule_relabel,training
ewallet_01861,How can i retrieve my gcash account? I forgot my password. I ady reset the mpin but cant still open it. It always says ny account is locked. Please help me,account_access_issue,GCash,Google Play (Kaggle public dataset),4,2019-09-09T15:17:42.000Z,strict_rule_relabel,training
ewallet_01862,Ok nmn ela nmn aq naging problema s cash out,transfer_issue,GCash,Google Play (Kaggle public dataset),5,2022-02-13T05:49:06.000Z,strict_rule_relabel,training
ewallet_01864,"If I can rate 0/5 I will. They have the worse support team. Took me 1 month to get an answer about Gcredit and their answer was ""I am not eligible for Gcredit"". They are the one who enrolled me to Gcredit, took my sensitive data, then they will tell me the bank declined. Also, pay bills not available on my Apps showing only error message.",payment_failure,GCash,Google Play (Kaggle public dataset),1,2021-11-10T03:22:11.000Z,strict_rule_relabel,training
ewallet_01865,I can't open my gcash now..I just cash in yesterday..what's the problem.. please fix this,transfer_issue,GCash,Google Play (Kaggle public dataset),1,2022-02-15T11:19:11.000Z,strict_rule_relabel,training
ewallet_01866,Please bring back the school id in the selection for upgrading the account.,feature_request,GCash,Google Play (Kaggle public dataset),1,2021-03-30T01:48:57.000Z,strict_rule_relabel,training
ewallet_01867,"What a frustrating update.. The user is now responsible if the telco company for a number is correct. If you buy game credits, it can take days before you will be refunded for a certain unsuccessful transaction..",payment_failure,GCash,Google Play (Kaggle public dataset),1,2021-11-10T12:43:50.000Z,strict_rule_relabel,training
ewallet_01869,Walang kwentang app to nagmimaintenance ng walang pasabi. Sana gabi niyo nalang ginawa yang fix fix issue niyo ung tipong makapag cash out na lahat jusko,transfer_issue,GCash,Google Play (Kaggle public dataset),1,2022-02-15T11:59:05.000Z,strict_rule_relabel,training
ewallet_01870,Security issues and the app keeps on crashing,security_concern,GCash,Google Play (Kaggle public dataset),3,2020-09-26T01:27:46.000Z,strict_rule_relabel,training
ewallet_01871,This app is good but will you please bring back the 5% rebate on load purchase.,feature_request,GCash,Google Play (Kaggle public dataset),4,2021-03-30T08:42:53.000Z,strict_rule_relabel,training
ewallet_01872,Hey gcash what happened? I need to cashout for my son medecine what is the problem!!!,transfer_issue,GCash,Google Play (Kaggle public dataset),1,2022-02-16T06:55:07.000Z,strict_rule_relabel,training
ewallet_01873,This app is good.but i have a suggestion about on how to get fully verified.. please include TIN ID FOR FULL VERIFICATION COUZ THE OTHER PLACES HERE LIKE HERE IN OUR CITY DON'T RELEASE VOTERS I.D .. I HOPE YOU INCLUDE TIN ID FOR THE FULL VERIFICATION.. I HOPE GCASH YOU READ THIS ONE THANK YOU,feature_request,GCash,Google Play (Kaggle public dataset),5,2021-04-01T01:40:47.000Z,strict_rule_relabel,training
ewallet_01874,always under maintenance always have problem cash in cash out,transfer_issue,GCash,Google Play (Kaggle public dataset),2,2022-02-16T12:36:34.000Z,strict_rule_relabel,training
ewallet_01876,nakakabwisit ang gcash na to nag bank transfer ako ng 900 pesos ang confirm sakin 900 pag send reciep tru email 300 pesos nalang . mga magnanakaw.. WAG NA WAG KAYO GGAMIT NG APP NA TO SCAMMER,transfer_issue,GCash,Google Play (Kaggle public dataset),1,2020-09-26T14:44:40.000Z,strict_rule_relabel,training
ewallet_01877,"always hang up, unable to do any transaction. typical of globe overall service, always will not do what you want when needed. need to find other means to pay bills. hope paymaya will be different better experience",payment_failure,GCash,Google Play (Kaggle public dataset),1,2021-11-15T08:09:03.000Z,strict_rule_relabel,training
ewallet_01879,I just hope and wish this could still be of use even without data connection/WIFI whenever we wanted to cash out or something..we really had a poor data connection even with load you know,transfer_issue,GCash,Google Play (Kaggle public dataset),5,2021-04-06T22:03:38.000Z,strict_rule_relabel,training
ewallet_01880,HANGGANG NGAYON D PA BINABALIK YUNG CASH IN KO. KAKADISMAYA DALING GUMAWA NG PROBLEMA TAGAL GUMAWA NG SOLUSYON,transfer_issue,GCash,Google Play (Kaggle public dataset),1,2022-02-21T17:04:48.000Z,strict_rule_relabel,training
ewallet_01881,This is Great.. but why I can't use Gsave even when My Account already verified. I hope this issue will be resolved soon..,feature_request,GCash,Google Play (Kaggle public dataset),4,2019-09-20T13:31:55.000Z,strict_rule_relabel,training
ewallet_01882,I experienced this a while ago. I was about to cash out my funds but I was stucked in the authentication page because you're not sending any OTP to my phone number? What's the matter? Pls fix it. My tita also cashed out her money but she didn't have any authentication first before sending the money to other person. Is it because my number is a DITO SIM or is it just a bug from your app?,transfer_issue,GCash,Google Play (Kaggle public dataset),3,2022-02-25T10:12:21.000Z,strict_rule_relabel,training
ewallet_01883,Suggestion: Please reflect latest transactions for us to verify. Marked them as PENDING if they ara not completely processed. Thank you.,feature_request,GCash,Google Play (Kaggle public dataset),4,2021-04-10T22:42:10.000Z,strict_rule_relabel,training
ewallet_01884,"Got a lot of trouble using this app for the past weeks. At first the buy loads isn't working second i try to cash in on paypal, my paypal got deducted but the funds didn't reflect on gcash app. Gladly they returned my funds on my paypal after 3days but now its really hard to cash in coz i think this app has a system problem i hope you fix it coz i can't withdraw my money on my paypal",transfer_issue,GCash,Google Play (Kaggle public dataset),1,2022-02-26T04:49:44.000Z,strict_rule_relabel,training
ewallet_01885,Very convenient to use. There is a lot of merchants in the Pay Bills. Hope you include also MOTORTRADE. Thanks. Very good service and customer service. Please maintain constant Buy Load incentives/cashback.,payment_failure,GCash,Google Play (Kaggle public dataset),4,2021-04-11T03:21:09.000Z,strict_rule_relabel,training
ewallet_01886,Its already been two months and my verification process is not being responded. My money is stucked in my gcash account because I cannot cash out it because of this issue! Please do something for me,transfer_issue,GCash,Google Play (Kaggle public dataset),1,2022-02-26T07:08:09.000Z,strict_rule_relabel,training
ewallet_01887,Very useful.. love it! But i hope i could use the app even without data,feature_request,GCash,Google Play (Kaggle public dataset),4,2021-04-11T07:39:57.000Z,strict_rule_relabel,training
ewallet_01889,"At first this is convenient, no fees and other charges and have rebates. But now, this is ridiculous! Transfer of money from Gcash to bank charge is 15 pesos, withdrawal of money from mastercard to ATM's is 20 pesos and when you bought load there's no rebates! I just hope that please bring back the free charges and rebates so that you can you help people specially this time of pandemic, don't make our life more harder! Please be considerate.",transfer_issue,GCash,Google Play (Kaggle public dataset),1,2021-04-11T11:38:50.000Z,strict_rule_relabel,training
ewallet_01890,Why it seems everytime i buy load and it when the network is unavailable and the transaction is unsuccessful you did not give back the payment???,payment_failure,GCash,Google Play (Kaggle public dataset),1,2021-11-18T09:14:58.000Z,strict_rule_relabel,training
ewallet_01891,I deletes the app coz i couldn't log in. I tried changing the password but still the app wouldn't let me log in. So disappointed. Sayang yung points na naearn ko.,account_access_issue,GCash,Google Play (Kaggle public dataset),1,2019-10-01T02:20:47.000Z,strict_rule_relabel,training
ewallet_01892,"I can't seem to use the cash in via paypal feature of this app, I always get error even if I have enough money converted to PHP via paypal. Still I can't transfer money.",transfer_issue,GCash,Google Play (Kaggle public dataset),2,2022-02-28T04:26:51.000Z,strict_rule_relabel,training
ewallet_01894,"Can't log in. Message always appear ""check your internet connection"" even if I have internet.",account_access_issue,GCash,Google Play (Kaggle public dataset),1,2019-10-01T11:10:45.000Z,strict_rule_relabel,training
ewallet_01895,To slow send money is not working!,transfer_issue,GCash,Google Play (Kaggle public dataset),1,2022-02-28T10:48:34.000Z,strict_rule_relabel,training
ewallet_01896,CS needs improvement would be nice if we have access to chat inside app,feature_request,GCash,Google Play (Kaggle public dataset),2,2021-04-11T13:00:49.000Z,strict_rule_relabel,training
ewallet_01898,"Di ko magamit -gamit yung bagong MPIN ko and now my Gcash account is locked. Then, Ang tagal pa machange into another new MPIN.",account_access_issue,GCash,Google Play (Kaggle public dataset),3,2019-10-05T14:13:59.000Z,strict_rule_relabel,training
ewallet_01899,"Always on bug fixes , when you need the money you can't withdraw but when you send money from your bank account to gcash they don't have any problems.",transfer_issue,GCash,Google Play (Kaggle public dataset),1,2022-02-28T11:14:56.000Z,strict_rule_relabel,training
ewallet_01903,Why i cant open may gcash at time i need to cash out for emergency please may some action to this issue.....,transfer_issue,GCash,Google Play (Kaggle public dataset),1,2022-02-28T14:02:45.000Z,strict_rule_relabel,training
ewallet_01904,"i cant log.in, it says my accnt is logged in in another device, does this mean its hacked??",account_access_issue,GCash,Google Play (Kaggle public dataset),4,2020-10-04T00:30:02.000Z,strict_rule_relabel,training
ewallet_01905,Good apps very convience and easy to use but i wish that they will bring back the rebates when buying load.,feature_request,GCash,Google Play (Kaggle public dataset),4,2021-04-12T06:28:56.000Z,strict_rule_relabel,training
ewallet_01906,Gcash!what happen I cannot log in to my account its alway says this features does not support android ver 4.4 and lower but my phone is android 8.0!What happen to your system???? I am calling 2882 but no one answer! I cannot receive authentication either! Please help me! I need to open the apps!! I am fed up with you GCASH!!,account_access_issue,GCash,Google Play (Kaggle public dataset),1,2019-10-11T23:02:27.000Z,strict_rule_relabel,training
ewallet_01907,For my opinion...its good to having a gcash for sometimes when i need a money to transfer or send me...there somestimes have a little problem to gcash but its not so much longer..,transfer_issue,GCash,Google Play (Kaggle public dataset),5,2022-03-02T15:32:06.000Z,strict_rule_relabel,training
ewallet_01909,Sometimes it has a problem when you cash in through western union...,transfer_issue,GCash,Google Play (Kaggle public dataset),4,2022-03-02T23:52:18.000Z,strict_rule_relabel,training
ewallet_01910,I changed my review into 3 star because i can't use my school ID it was still valid because im still a student ang that is the only ID that I have can you please allow the shool ID.,feature_request,GCash,Google Play (Kaggle public dataset),3,2021-04-13T01:36:06.000Z,strict_rule_relabel,training
ewallet_01914,"easy and convinient to use this app,but sometimes it takes much more times to send money cause many times got failed.",transfer_issue,GCash,Google Play (Kaggle public dataset),5,2022-03-03T03:36:15.000Z,strict_rule_relabel,training
ewallet_01915,I hate this app everyday i always face technical problem and few fixes everytime i tried to cash out my money tssk! This app is not reliable at all,transfer_issue,GCash,Google Play (Kaggle public dataset),1,2022-03-03T06:00:35.000Z,strict_rule_relabel,training
ewallet_01916,"It would be nice if you add student ID to make other students get verified, some student want to deposit money too",feature_request,GCash,Google Play (Kaggle public dataset),3,2021-04-14T00:48:31.000Z,strict_rule_relabel,training
ewallet_01917,I've used this app for making a payment online (PRC ID renewal). The transaction was unsuccessful yet the amount was taken out from my account. Now I was advised by PRC to contact GCash to get my refund. And I have been doing that for 5 days now. The app does not show my tickets nor do they seem to receive my responses to every email they sent me. Making follow-ups on my ticket does not even work. This app is troublesome in terms of getting refunds.,payment_failure,GCash,Google Play (Kaggle public dataset),1,2021-11-28T05:35:52.000Z,strict_rule_relabel,training
ewallet_01919,Please Add option for student ID,feature_request,GCash,Google Play (Kaggle public dataset),2,2021-04-14T08:24:46.000Z,strict_rule_relabel,training
ewallet_01921,Good but sometimes the money transfer from bank is not real time or there is a delay,transfer_issue,GCash,Google Play (Kaggle public dataset),4,2022-03-03T08:04:45.000Z,strict_rule_relabel,training
ewallet_01922,It's easy to use But I have a suggestion can you make it easy to transfer our paypal money to gcash without the minimum of 500,feature_request,GCash,Google Play (Kaggle public dataset),5,2021-04-14T10:06:59.000Z,strict_rule_relabel,training
ewallet_01924,"Encountered an error while trying to cash-in using Unionbank and was recommended by the app to try using debit/credit card instead. Saved the card info as instructed but my cash-in has not been credited to my gcash account and the money has already left my Unionbank account! Customer service is horrible, issue started on the 13th and today is already the 24th and still no sign of the money despite having done multiple follow-ups. Once I get my cash back Im obviously uninstalling this app.",transfer_issue,GCash,Google Play (Kaggle public dataset),1,2019-10-23T21:24:14.000Z,strict_rule_relabel,training
ewallet_01925,"1 star because,until now almost 1month my problem of send money is not okay..",transfer_issue,GCash,Google Play (Kaggle public dataset),1,2022-03-04T01:40:19.000Z,strict_rule_relabel,training
ewallet_01926,"This app is a scam. They restricted my access to my account without prior notice and I couldn't get my money back. The same with close to a thousand other users. Our complaints are being hidden on their Facebook and Twitter accounts amd they keep stalling when you email them, asking for 16+ requirements which include private documents. They are a fraudulent company, I'll advice you all not to download or use the app. Withdraw your money and stop using this account. You may be the next victim.",security_concern,GCash,Google Play (Kaggle public dataset),1,2020-10-13T02:48:19.000Z,strict_rule_relabel,training
ewallet_01929,"Right now I have a problem. I want to pay some of my bills but have to update first. I just updated recently. Why can't I use the same version, anyway I use it only for bills payment and buying load. This is very inconvenient! I was asked to delete some of my apps, so I did, but still I cannot update. I don't have a problem with the present version, why don't you just allow me to use it? I really find it hard to update specially too often. Pls improve the system.",payment_failure,GCash,Google Play (Kaggle public dataset),2,2021-12-04T15:26:18.000Z,strict_rule_relabel,training
ewallet_01930,"This app is unusable whenever they release updates. Updates are per season. Hope they'd add a feature where it would still work even without keeping it up to date. But this app is so helpful, still 4 stars.",feature_request,GCash,Google Play (Kaggle public dataset),4,2021-04-16T13:37:08.000Z,strict_rule_relabel,training
ewallet_01932,"Can't find gcash in my galaxy phone. We badly needed it for investing. Sadly we really can't find it, only the globe one app. Hope you also support every galaxy phone.",transfer_issue,GCash,Google Play (Kaggle public dataset),1,2021-04-18T10:20:23.000Z,strict_rule_relabel,training
ewallet_01933,"I hope this suggestion will be useful in the future. I suggest that please make a separate account number instead of phone number make a account number that can be use in transaction, incase the user lost its cellphone or simcard. I hope you suggest to our government to make a personal permanent phone number of each filipino citizen.",feature_request,GCash,Google Play (Kaggle public dataset),4,2021-04-18T12:05:27.000Z,strict_rule_relabel,training
ewallet_01934,I have problem with your app it keeps on updating and now I'm having trouble on updating it it says pending but I need to update it I have cash in and I need to cash it out..,transfer_issue,GCash,Google Play (Kaggle public dataset),3,2022-03-07T22:39:37.000Z,strict_rule_relabel,training
ewallet_01935,"NOT SECURE. Worst customer service. I lost the mastercard and called next day to report an unauthorized withdrawal. Asked the card to be blocked and unlinked so i can relink the new card i ordered. Guess what, it has been 3 weeks now and it is still active. Calling almost everyday is a major inconvenience.",transfer_issue,GCash,Google Play (Kaggle public dataset),1,2020-10-18T02:56:12.000Z,strict_rule_relabel,training
ewallet_01936,I like the app. But i was just wondering why i wasn't able to see other load products aside from Game pins (or what is that called). I hope someone can guide me on that. I would really appreciate if it's not a generated answer. Thank you!,feature_request,GCash,Google Play (Kaggle public dataset),4,2021-04-18T15:51:34.000Z,strict_rule_relabel,training
ewallet_01938,It only allow me to cash in and i try to upgrade its all most 2months but still pending my upgrading.. What the f.**** never install this up you will dis appointed...,transfer_issue,GCash,Google Play (Kaggle public dataset),1,2022-03-10T09:53:55.000Z,strict_rule_relabel,training
ewallet_01940,It is good but there is a problem going on gcash. I cannot send money through it.,transfer_issue,GCash,Google Play (Kaggle public dataset),1,2022-03-11T22:28:47.000Z,strict_rule_relabel,training
ewallet_01941,3 weeks of going back and forth - 50k did not transfer to the bank account and they tell you it did. Thanks for scamming people,transfer_issue,GCash,Google Play (Kaggle public dataset),1,2020-10-20T04:15:47.000Z,strict_rule_relabel,training
ewallet_01942,"The App is Really Useful, I Hope that you can add more Features in GCredit like Buy Load and Gaming Credits and More, just make it more Flexible than it had Right now",feature_request,GCash,Google Play (Kaggle public dataset),5,2021-04-19T05:10:55.000Z,strict_rule_relabel,training
ewallet_01943,"you could've let me know that there's some delay when transferring money to bank! sana di na ako nag transfer, the hell 3-5 banking days really?? that's my money and i need it!",transfer_issue,GCash,Google Play (Kaggle public dataset),1,2022-03-12T22:53:10.000Z,strict_rule_relabel,training
ewallet_01944,Option to remove friends on the Gcash forest. Its very annoying when someone steal energy to your acct. Its like you are promoting stealing to others. The one and only reason why I seldom use the app. It would be nice to harvest what you've worked hard for. :(,feature_request,GCash,Google Play (Kaggle public dataset),3,2021-04-19T17:25:50.000Z,strict_rule_relabel,training
ewallet_01946,This app is not useful I try to register many times but I can't what should I do I am very disappointed with you guys. You didn't even tell me what to when I was to register I can't register it I and The pin you gave me is correct but why I can't log in. And their will be a text messages texted me that I already reach the maximum of coding like it sucks wait for 24 hours? Really? I am very disappointed guys. I really do expecting that this app may help me but no I don't think so but gcash help,account_access_issue,GCash,Google Play (Kaggle public dataset),1,2019-11-05T21:20:14.000Z,strict_rule_relabel,training
ewallet_01947,"Nice apps pero mabagal maopen minsan even maka wifi pa?at one thing more,,,kanina pa ako nag a update but ang tagal mag loading,pending ?need ko pa nmn mag cash out bukas?soo sad",transfer_issue,GCash,Google Play (Kaggle public dataset),1,2022-03-13T16:46:00.000Z,strict_rule_relabel,training
ewallet_01948,Please Add BTC wallet on this App,feature_request,GCash,Google Play (Kaggle public dataset),1,2021-04-20T08:08:49.000Z,strict_rule_relabel,training
ewallet_01949,I need to cash out money but it need to update my gcash and it's not working,transfer_issue,GCash,Google Play (Kaggle public dataset),3,2022-03-14T00:16:48.000Z,strict_rule_relabel,training
ewallet_01953,My qr code scanning is not working!! I cant pay for my bills cashless when Im outside. :(,payment_failure,GCash,Google Play (Kaggle public dataset),2,2021-12-12T00:10:50.000Z,strict_rule_relabel,training
ewallet_01954,"I input my password then this ""OOOOPS! THERE SEEMS TO BE A PROBLEM"" what could it be?! The connection is pretty good and the password was correct...TELL ME?! I NEED THE APP NOW THEN I CANT OPEN IT",account_access_issue,GCash,Google Play (Kaggle public dataset),2,2019-11-09T22:51:16.000Z,strict_rule_relabel,training
ewallet_01957,No online costumer service to support the problem issued in cash in problem,transfer_issue,GCash,Google Play (Kaggle public dataset),1,2022-03-18T01:58:01.000Z,strict_rule_relabel,training
ewallet_01960,Nice app easy to cash out but a problem after a week update again,transfer_issue,GCash,Google Play (Kaggle public dataset),4,2022-03-18T07:13:01.000Z,strict_rule_relabel,training
ewallet_01962,"The help center isn't really that much of a help, I needed to attach 7 attachments via JPG format that is required to get fully verified, and yet if I try to attach 7 attachments it will automatically say ""too much attachments"" I hope you could fix this.",feature_request,GCash,Google Play (Kaggle public dataset),1,2021-04-25T01:04:24.000Z,strict_rule_relabel,training
ewallet_01963,At first I can cash in money in money gram.. But now as I tried.. It coudnt reach.. What should.. We needed the money.. Hope you could fix it nowwww,transfer_issue,GCash,Google Play (Kaggle public dataset),3,2021-04-29T01:56:06.000Z,strict_rule_relabel,training
ewallet_01966,Cant receive an authentucation code!!i cant send money bcoz of this..i tried to send a ticket..but its not working bcoz of the pic i send!,transfer_issue,GCash,Google Play (Kaggle public dataset),1,2022-03-22T05:02:06.000Z,strict_rule_relabel,training
ewallet_01967,"This app, while useful, currently has security and privacy gaps that can cause issues on your phone. It asks for invasive permissons to be set and I found that allowing permissions on your camera/recording hi-jacks your camera and audio functions. I had video and sound issues on my phone of this app. I also don't know if the app has been recording me since I have had it. So please be sure to set all its requested permissions to ""Deny"".",security_concern,GCash,Google Play (Kaggle public dataset),2,2020-10-25T01:47:27.000Z,strict_rule_relabel,training
ewallet_01968,Great app but can you add some rebate thru load il'l using gcash for loading business thank you,feature_request,GCash,Google Play (Kaggle public dataset),5,2021-04-30T15:18:30.000Z,strict_rule_relabel,training
ewallet_01969,Why there is no students id i need it for my scholl payments please fix this problem so i can pay my bill in my school,payment_failure,GCash,Google Play (Kaggle public dataset),3,2021-12-18T13:33:25.000Z,strict_rule_relabel,training
ewallet_01971,"There is a character cap on email, i cant change my gcash number. I also failed to pay at Robinson Supermarket via Gcard card saying there's a ""Card Error"", i cant do it via gcash QR that time because my phone for gcash is dead batt.",payment_failure,GCash,Google Play (Kaggle public dataset),2,2021-12-19T13:37:18.000Z,strict_rule_relabel,training
ewallet_01973,Its a useless apps. Do not download I send money to bank It takes how many hours for transfer. And no one reply on chatbot and on email robot reply. Amount still not yet reflected inthe account guven. Please provide me the receipt.,transfer_issue,GCash,Google Play (Kaggle public dataset),1,2021-05-03T01:45:38.000Z,strict_rule_relabel,training
ewallet_01974,I can't log in. I can't receive any authentication code.,account_access_issue,GCash,Google Play (Kaggle public dataset),2,2019-11-15T08:11:54.000Z,strict_rule_relabel,training
ewallet_01975,This is great nice and safe to cash in .... but sometimes lots of problems,transfer_issue,GCash,Google Play (Kaggle public dataset),3,2022-03-22T23:09:35.000Z,strict_rule_relabel,training
ewallet_01977,What happen i cant cash out my money.....please settle this problem i send the code the but its wrong code then all wrong code that you send are wrong always try agin....,transfer_issue,GCash,Google Play (Kaggle public dataset),1,2022-03-23T14:22:46.000Z,strict_rule_relabel,training
ewallet_01978,I really don't know what's the problem of this app. I hate it when I'm trying to cash out he need authentication number but in how many times I tried I didn't receive authentication number please fix it I give five start if I cash out now,transfer_issue,GCash,Google Play (Kaggle public dataset),1,2022-03-24T19:00:22.000Z,strict_rule_relabel,training
ewallet_01979,"This app is sucks. My android is 6.0 but it does not support. I see that you support 4.4 and up. I am a developer and the problem with this lies on the AndroidManifest file, please add required=""false"" to other permission like flastlight, autofocus so that it will be available to other phone. For example Listen to me or you will have big lost.",feature_request,GCash,Google Play (Kaggle public dataset),1,2021-05-04T15:38:46.000Z,strict_rule_relabel,training
ewallet_01980,"i still can't generate my own qr code, it's always says there's a problem",payment_failure,GCash,Google Play (Kaggle public dataset),2,2021-12-24T07:02:03.000Z,strict_rule_relabel,training
ewallet_01981,I have a problem regarding my account in gcash in which I can't send money because I don't receive any authentication number that is supposed to be sent to my phone number.,transfer_issue,GCash,Google Play (Kaggle public dataset),1,2022-03-25T03:05:16.000Z,strict_rule_relabel,training
ewallet_01983,Forgot my MPIN. Really hard to reset password because it always gets an error.,account_access_issue,GCash,Google Play (Kaggle public dataset),1,2019-11-22T15:18:52.000Z,strict_rule_relabel,training
ewallet_01984,I didnt recieve the authintacion code during i send money since last night. What is the problem gcash? How i can cash out my remaining money in my account?,transfer_issue,GCash,Google Play (Kaggle public dataset),1,2022-03-25T23:31:56.000Z,strict_rule_relabel,training
ewallet_01985,"The app was great at first. but now it's not really convenient, how can we use this as online banking when it's costing us a lot of fee. I tried to deposit 50k but any of cash in options are asking for 2% fees it's 1k pesos you know. I deposited the remaining balance in my bank account but it did also deducted some fee? When your cashing in you need to pay some fee, cashing out need to pay some fee, And lol even bank transfer ? it's not convenient lol it's a scam",transfer_issue,GCash,Google Play (Kaggle public dataset),1,2020-10-28T13:40:48.000Z,strict_rule_relabel,training
ewallet_01986,"I like this app i rate it 4 because there's no national id in the recommended id, i think you should add national to the option...",feature_request,GCash,Google Play (Kaggle public dataset),4,2021-05-05T11:56:17.000Z,strict_rule_relabel,training
ewallet_01988,this app always need verification when you send money...can you fix this problem..my customer always waited for so long because you dindnt sent the verification as fast as possible we always waited 2-3 minutes before we get the verification code...,transfer_issue,GCash,Google Play (Kaggle public dataset),2,2022-03-26T03:49:09.000Z,strict_rule_relabel,training
ewallet_01992,Well its okay. But please add a school id to verify our acc thanks.,feature_request,GCash,Google Play (Kaggle public dataset),3,2021-05-15T09:04:47.000Z,strict_rule_relabel,training
ewallet_01993,This is the first time that i encountered this kind of inconvinience. I cash in through paymay but until now i did not received my money on my gcash account.,transfer_issue,GCash,Google Play (Kaggle public dataset),1,2022-04-02T00:11:05.000Z,strict_rule_relabel,training
ewallet_01995,"Hey, can you add back cam when we verify, because some of us have a broken camera. Thankyou...",feature_request,GCash,Google Play (Kaggle public dataset),3,2021-05-19T12:56:13.000Z,strict_rule_relabel,training
ewallet_01996,"Bank transfer nyo hindi na nagana, kaya lipat ako sa paymaya.. rate ko kayo 5star pag na fix nyo yang problem na yan.. rcbc bank transfer not working",transfer_issue,GCash,Google Play (Kaggle public dataset),1,2022-04-05T08:02:31.000Z,strict_rule_relabel,training
ewallet_01998,I can't register It's says that I have reach the attempts of MPIN Why do it need attempts but I forgot it,account_access_issue,GCash,Google Play (Kaggle public dataset),1,2019-11-30T08:40:49.000Z,strict_rule_relabel,training
ewallet_01999,Trying to update the app but it's always pending grrrrr please fix the apps prob I need to transfer money,transfer_issue,GCash,Google Play (Kaggle public dataset),1,2022-04-05T13:31:33.000Z,strict_rule_relabel,training
ewallet_02000,"I wish you could put the ""Student ID"" on your choice for ID choices. It's very hassle to wait for 3 days to get fully verified. We can just give you the other info needed to get verified, students and workers should be serves equally because both are costumers and users. If you can't trust student ID, then ask for Certificate of Registration of the student to make sure that they're really enrolled.",feature_request,GCash,Google Play (Kaggle public dataset),1,2021-05-20T05:46:44.000Z,strict_rule_relabel,training
ewallet_02001,I have been trying for hours to get verified but their app CANNOT read even the clearest of pictures. It kept rejecting it. If youre not verified you cannot send money.,transfer_issue,GCash,Google Play (Kaggle public dataset),1,2022-04-07T11:54:55.000Z,strict_rule_relabel,training
ewallet_02002,I bought an item in game for 499. At first it was all going well the payment went successful until there was an another message that the payment was unsuccessful. I didn't get my item and i was charged for 499 this service sucks,payment_failure,GCash,Google Play (Kaggle public dataset),1,2022-01-01T11:56:54.000Z,strict_rule_relabel,training
ewallet_02006,Pay online issues my transaction succesful but the coins i buy didnt recieve i tried it again but they charge me again but no coins recieve,payment_failure,GCash,Google Play (Kaggle public dataset),1,2022-01-02T00:08:35.000Z,strict_rule_relabel,training
ewallet_02008,"You should bring back the option where Student IDs can be used for getting the accounts verified. GCASH is very useful in terms of money transferring but without this option, it will only be useful for those who have Valid IDs recommended in the app.",feature_request,GCash,Google Play (Kaggle public dataset),1,2021-05-22T02:43:01.000Z,strict_rule_relabel,training
ewallet_02009,When I pay my bills it says error BCC6. But I receive a text message saying the payment has been processed. Please fix this for the payment may not have been processed at all.,payment_failure,GCash,Google Play (Kaggle public dataset),2,2022-01-03T04:58:23.000Z,strict_rule_relabel,training
ewallet_02010,Who made this app?is he having a eye problem?i cannot verify my accpunt because everytime i take a picture of my ID it said MAKE SURE YOUR ID IS CLEAR AND READABLE when in fact it's already clear and readable for me.i already get exhausted making verification. Get lost who made this app. Useless.,account_access_issue,GCash,Google Play (Kaggle public dataset),1,2019-12-02T22:15:31.000Z,strict_rule_relabel,training
ewallet_02011,"The app is good, but it is better if you put an option that we're able to change our profile picture. I hope you could do something about that, it will be really helpful.",feature_request,GCash,Google Play (Kaggle public dataset),4,2021-05-24T23:24:16.000Z,strict_rule_relabel,training
ewallet_02013,"After the update, 1st problem is I cannot cash in using my cards. 2nd thing is I cannot buy load from the app.",transfer_issue,GCash,Google Play (Kaggle public dataset),1,2022-04-11T02:46:16.000Z,strict_rule_relabel,training
ewallet_02014,used to loved this app cause its so convenient. but now the pay bills and buy load always send an error and refund.,payment_failure,GCash,Google Play (Kaggle public dataset),1,2022-01-07T05:04:47.000Z,strict_rule_relabel,training
ewallet_02016,"Endless update so annoying. Cash in charge, P15 they said but it's actually P25. What a scam",transfer_issue,GCash,Google Play (Kaggle public dataset),1,2020-11-07T02:27:01.000Z,strict_rule_relabel,training
ewallet_02018,Palaging may problema app nato. Kelan kaylangan mo ung pera naka cash in dun pa sira nag loloko okaya sira,transfer_issue,GCash,Google Play (Kaggle public dataset),1,2022-04-11T09:05:08.000Z,strict_rule_relabel,training
ewallet_02021,Since d ako maka received ngda cp ko sa cashout Ako ngkaka problema para authentication code(need new phone).. other than that very good,transfer_issue,GCash,Google Play (Kaggle public dataset),4,2022-04-12T12:48:04.000Z,strict_rule_relabel,training
ewallet_02023,THIS APP IS SO ANNOYING. I CAN'T USE MY VOUCHER. I CAN'T LOG IN.,account_access_issue,GCash,Google Play (Kaggle public dataset),1,2019-12-07T10:10:41.000Z,strict_rule_relabel,training
ewallet_02029,Please include student id for verification so that a student like me can verify their accounts. This is really needed specially in this time of pandemic so please consider my request.,feature_request,GCash,Google Play (Kaggle public dataset),1,2021-05-30T03:35:58.000Z,strict_rule_relabel,training
ewallet_02030,too bad! cash in money tru bank accounts didn't received! scan to pay also is not working,transfer_issue,GCash,Google Play (Kaggle public dataset),1,2022-01-20T07:41:32.000Z,strict_rule_relabel,training
ewallet_02032,"Nagloloko minsan , error pero tapos na pala first transaction taz ma double minsan payment or load then hugas kamay lang si gcash.. badtrip for 2nd time",payment_failure,GCash,Google Play (Kaggle public dataset),1,2022-01-20T21:13:06.000Z,strict_rule_relabel,training
ewallet_02033,"when you log out it's hard to log in again, here's gcash you send money you put in money but there are such problems that they don't even take action.",transfer_issue,GCash,Google Play (Kaggle public dataset),1,2022-04-19T02:24:59.000Z,strict_rule_relabel,training
ewallet_02034,"Super nice and easy , so useful specially tuis pandemic time.. i really appreciate this app. I hope this could be carefully handled to everyone. Thank you.",feature_request,GCash,Google Play (Kaggle public dataset),5,2021-06-01T23:58:36.000Z,strict_rule_relabel,training
ewallet_02035,I use this app to send money. But know I'm using my new realme phone. I can't send money on bank anymore. Please fix this problem.,transfer_issue,GCash,Google Play (Kaggle public dataset),3,2022-04-24T03:08:44.000Z,strict_rule_relabel,training
ewallet_02036,"Sabi pag BPI account walang bayad sa pag fund transfer pero meron pala scam kayo, 15.00 every transfer, tapos laging pang down ang system.",transfer_issue,GCash,Google Play (Kaggle public dataset),2,2020-11-16T00:16:24.000Z,strict_rule_relabel,training
ewallet_02037,"please valid the Dito numbers, please allow DITO sim to register",feature_request,GCash,Google Play (Kaggle public dataset),1,2021-06-02T03:33:00.000Z,strict_rule_relabel,training
ewallet_02038,I've been having problems on making a payment using merchant QR code! It says that it is Invalid yet the cashier confirmed that other customer was able to pay using GCash. It happened twice!,payment_failure,GCash,Google Play (Kaggle public dataset),2,2022-01-28T02:00:36.000Z,strict_rule_relabel,training
ewallet_02040,Having problems with cash in and buying loads lately. What happened gcash?,transfer_issue,GCash,Google Play (Kaggle public dataset),3,2022-04-24T23:27:07.000Z,strict_rule_relabel,training
ewallet_02042,"I change my rate if you fix my problem. I cash in 500 pesos , then i cant cash it out. It say that I need authentication. And now that i authenticate it, it say that something went wrong and i need to submit a ticket. What ticket do you mean?",transfer_issue,GCash,Google Play (Kaggle public dataset),1,2022-04-25T08:01:17.000Z,strict_rule_relabel,training
ewallet_02043,"Wag nyo na download tong GCash. Scammer sila. Wag nyo pagkatiwala pera nyo dito sa GCash. Nag cash in ako hindi pumasok sa account ko. Yung gcash support nila wala naman ginagawang action, at mga agent na nakakausap mo para sa follow up. Paulit ulit at pare pareho lang sinasabi.",transfer_issue,GCash,Google Play (Kaggle public dataset),1,2020-11-17T19:20:24.000Z,strict_rule_relabel,training
ewallet_02044,I'm so disappointed to this new update due they removed TIN I'd. Not everyone have valid hope for next update you'll have to bring back that tin I'd. And if that happens please accept that I'd when it's already readable. I won't give star for this new update so disappointed.,feature_request,GCash,Google Play (Kaggle public dataset),1,2021-06-02T06:22:25.000Z,strict_rule_relabel,training
ewallet_02048,Ang tgal mag retrieve pag my problem yung app. Minsan need nmin mag cash out di nmin agad mabubuksan ksi my problem. Sana improve nyu nmn yung app,transfer_issue,GCash,Google Play (Kaggle public dataset),1,2022-04-26T00:17:12.000Z,strict_rule_relabel,training
ewallet_02049,i hope they allow age 17 to be verified using barangay id,feature_request,GCash,Google Play (Kaggle public dataset),2,2021-06-02T07:27:31.000Z,strict_rule_relabel,training
ewallet_02050,Hard to connect gcash password and always say error But its good to use my wallet ....help a lots....,account_access_issue,GCash,Google Play (Kaggle public dataset),3,2019-12-13T12:13:14.000Z,strict_rule_relabel,training
ewallet_02052,I have no problem with my gcash. It helps me a lot to pay with my bills quickly. It saves me time and effort to pay with my bills. 5 star is my rating.,payment_failure,GCash,Google Play (Kaggle public dataset),5,2022-02-08T05:39:07.000Z,strict_rule_relabel,training
ewallet_02055,We need real time transaction history including refunds and failed transactions.,payment_failure,GCash,Google Play (Kaggle public dataset),1,2022-02-10T14:58:55.000Z,strict_rule_relabel,training
ewallet_02058,I have stable internet connection but it always say error when I cash in using Paypal accout. So dissapointing!!!,transfer_issue,GCash,Google Play (Kaggle public dataset),1,2022-04-30T15:50:34.000Z,strict_rule_relabel,training
ewallet_02060,It is really good. I just hope there is option to add another mobile number so that we can still retrived the gcash accnt if ever phone was gone,feature_request,GCash,Google Play (Kaggle public dataset),5,2021-06-02T23:59:02.000Z,strict_rule_relabel,training
ewallet_02063,"hello GCash devs, can you add an option where you can transfer your excess load from your Globe sim to your GCash account? Example: I have a 300 then I only use 100 on my promo, I need to transfer the remaining 200 to GCash for the time being.",feature_request,GCash,Google Play (Kaggle public dataset),4,2021-06-03T03:17:47.000Z,strict_rule_relabel,training
ewallet_02064,Why the hell do we need to wait for 7 days to be verified? Now i can't send money and i can't get what I need. What the hell is your problem? I need to send the money today and it's urgent everyone needs to be verified.,transfer_issue,GCash,Google Play (Kaggle public dataset),1,2022-05-03T09:22:32.000Z,strict_rule_relabel,training
ewallet_02065,"Gcash is a great mobile wallet. Ginvest feature really helped me to invest in funds and let my money grow instead of just keepin it in the app. I really hope that they add cryptocurrency exchanges like coins.ph because gcash UI is more friendly. But I hope they upload better graphs for crypto because unlike those funds which many of us plan to hold for long time, crypto is much more volatile and is great for trading. So, minus one star for those bad fees. And minus one star for crypto, add it.",feature_request,GCash,Google Play (Kaggle public dataset),3,2021-06-04T01:04:22.000Z,strict_rule_relabel,training
ewallet_02066,Why did gcash permit the app to pay the in-app payment without my permission. I was sleeping and when i woke up i saw a payment that is 1200 pesos for a purchased in that game... i will not spend that amount of money in a game. Why??????,payment_failure,GCash,Google Play (Kaggle public dataset),1,2020-11-25T00:58:25.000Z,strict_rule_relabel,training
ewallet_02067,"The app is useful. However, there were times that my transactions were canceled due to system downtime. I hope this would be fixed. Thank you",feature_request,GCash,Google Play (Kaggle public dataset),4,2021-06-04T05:46:16.000Z,strict_rule_relabel,training
ewallet_02068,please bring back the input amount option in buy load :( due to the latet update it is now gone,feature_request,GCash,Google Play (Kaggle public dataset),2,2021-06-07T01:11:15.000Z,strict_rule_relabel,training
ewallet_02069,"Hello, I have tried to pay my BATELEC 1 BILL here on 2/14/22 6:04pm for the amount of 1177.50 but it seems that your application encountered an error while the payment is being sent,at that time the payment is not yet credited. So i tried paying thru other bills payment channel and it went thru. I checked with BATELEC and they said that they have received the payment from that channel but from GCASH they havnt received the money that you deducted from me. I want my money to be refunded",payment_failure,GCash,Google Play (Kaggle public dataset),3,2022-02-15T07:11:43.000Z,strict_rule_relabel,training
ewallet_02070,Remove mpin please i can't login and remove the limit,account_access_issue,GCash,Google Play (Kaggle public dataset),1,2019-12-23T04:07:30.000Z,strict_rule_relabel,training
ewallet_02071,"Ok na ang bank transfer, in a minute pasok agad ang pera, thanks to fix the issue problem",transfer_issue,GCash,Google Play (Kaggle public dataset),5,2022-05-07T18:16:35.000Z,strict_rule_relabel,training
ewallet_02073,Can you please bring back the student id choices on the gcash verification process,feature_request,GCash,Google Play (Kaggle public dataset),4,2021-06-12T10:52:10.000Z,strict_rule_relabel,training
ewallet_02074,It's been weeks since I verified my account yet it's still on process. I've already submitted a ticket regarding this issue but it's still on process. I need to cash out my money for emergency. Please fix this immediately!!!,transfer_issue,GCash,Google Play (Kaggle public dataset),1,2022-05-08T10:33:21.000Z,strict_rule_relabel,training
ewallet_02075,"Gcash is good but I hope there are more ID's that we can verify our accounts. Especially, I'm only a student and I don't have any ID which is required in gcash. Hope you see my suggestion, Thank you!",feature_request,GCash,Google Play (Kaggle public dataset),5,2021-06-16T01:19:38.000Z,strict_rule_relabel,training
ewallet_02076,"Eversince I renewed my postpaid plan with Globe and switched device, I always encounter an error message when using scan QR for payment method. The error message I get is invalid QR code. This always happen when I pay in SM Hypermarket and most stores. But other Gcash users can easily scan the QR code with no issue. What could be the cause of this error message? Hope it gets resolved.",payment_failure,GCash,Google Play (Kaggle public dataset),3,2022-02-16T07:47:44.000Z,strict_rule_relabel,training
ewallet_02077,I'm trying to cash in but its rejecting the transfer from my bdo account....i tried to open a ticket with my consern but no resolution provided...they are asking me of proof of debit when i clearly stated that i cannot cash in....,transfer_issue,GCash,Google Play (Kaggle public dataset),1,2022-05-08T22:53:59.000Z,strict_rule_relabel,training
ewallet_02078,I hope you could include ml10 because that's one of the in demand load type that we have.. Then i can rate you 5 stars.. Thank u,feature_request,GCash,Google Play (Kaggle public dataset),4,2021-06-16T04:57:17.000Z,strict_rule_relabel,training
ewallet_02080,"Please fix this issue. After scanning a qr code, decimal point is not recognized when typing the payment amount.",payment_failure,GCash,Google Play (Kaggle public dataset),2,2022-02-18T12:37:44.000Z,strict_rule_relabel,training
ewallet_02082,Scam! Nag cash in ako sa gcash pero di ako makabili load.,transfer_issue,GCash,Google Play (Kaggle public dataset),1,2020-12-03T09:51:52.000Z,strict_rule_relabel,training
ewallet_02084,I signed for verification and now was the 7th day still no response from someone and your blog sucks it won't help me with almost any pf my problems and also i cant cash out via cebuana and they said we only do a cash in,transfer_issue,GCash,Google Play (Kaggle public dataset),1,2022-05-15T14:24:10.000Z,strict_rule_relabel,training
ewallet_02086,"why i cant verify my gcash. i've done it many times but the verication process is taking too long which is so annoying. i have to cashout my money for emergency purposes but cant have my money cash out because of this error, please fix this as soon as possible. I badly need that allowance.",transfer_issue,GCash,Google Play (Kaggle public dataset),1,2022-05-19T11:43:03.000Z,strict_rule_relabel,training
ewallet_02088,"I can't get myself verified. I tried sending a ticket since school ID is not on the options to get verified but it won't send for some reason, I can't send any money. Please add school ID in the options, Overall the app is great, I just have a tiny problem.",feature_request,GCash,Google Play (Kaggle public dataset),4,2021-06-22T11:26:44.000Z,strict_rule_relabel,training
ewallet_02089,qr code is not working properly!!!!,payment_failure,GCash,Google Play (Kaggle public dataset),1,2022-02-24T11:36:50.000Z,strict_rule_relabel,training
ewallet_02090,"Before i love ur app...but since last month,i always irritate when i used ur app..always there's a problem!! I can't send money anymore!!!! Always need to submit ticket..!!!!!",transfer_issue,GCash,Google Play (Kaggle public dataset),1,2022-05-21T22:37:18.000Z,strict_rule_relabel,training
ewallet_02093,My cousin get scam here this app needs strong security for everyones safety.,security_concern,GCash,Google Play (Kaggle public dataset),1,2020-12-10T06:37:56.000Z,strict_rule_relabel,training
ewallet_02094,Please bring back the student id option to verify the acc,feature_request,GCash,Google Play (Kaggle public dataset),1,2021-06-25T15:07:02.000Z,strict_rule_relabel,training
ewallet_02095,"Can't login cuz I forgot my MPIN, I don't even remember putting one. Tried to recover but always gets an error. I'm stuck, can't use the app.",account_access_issue,GCash,Google Play (Kaggle public dataset),1,2020-01-06T19:42:47.000Z,strict_rule_relabel,training
ewallet_02096,"Easy to transact money (cash in and cash out), but sometimes the problem is the signal...",transfer_issue,GCash,Google Play (Kaggle public dataset),4,2022-05-25T13:39:58.000Z,strict_rule_relabel,training
ewallet_02099,"I tried gloan able to have a 1000 pesos loan. Now the problem is that i cannot pay. Everytime i open gloan it says it cannot open page. Now i have penalties its been a week as of this writing. I tried to call 211 customer service but to no avail. Please contact me asap, for me to avoid penalties...",payment_failure,GCash,Google Play (Kaggle public dataset),2,2022-03-01T10:18:38.000Z,strict_rule_relabel,training
ewallet_02100,Only problem You can't send money until you update I need to send now and it is sitting here updating,transfer_issue,GCash,Google Play (Kaggle public dataset),4,2022-05-27T06:57:31.000Z,strict_rule_relabel,training
ewallet_02101,Why I can't log in to this and keeps saying need MPIN even I didn't put MPIN yet...plss fix this,account_access_issue,GCash,Google Play (Kaggle public dataset),1,2020-01-14T12:40:43.000Z,strict_rule_relabel,training
ewallet_02102,"It says you can cash out at Bayad Center outlets, but NO! It is not possible. What a scam! New users beeare of this app. Uninstalled.",transfer_issue,GCash,Google Play (Kaggle public dataset),1,2020-12-12T04:57:33.000Z,strict_rule_relabel,training
ewallet_02103,Can you please add (National ID) Option to get fully verified. thanks.,feature_request,GCash,Google Play (Kaggle public dataset),5,2021-07-04T07:50:01.000Z,strict_rule_relabel,training
ewallet_02104,Palaging under maintenance. Nakakatakot pag mag pay bills palaging pending.,payment_failure,GCash,Google Play (Kaggle public dataset),1,2022-03-01T11:25:42.000Z,strict_rule_relabel,training
ewallet_02107,I cannot update gcash hence i couldnt send money.. waited for long mins repeated everyday same issue always pending.. please help,transfer_issue,GCash,Google Play (Kaggle public dataset),1,2022-05-28T14:18:27.000Z,strict_rule_relabel,training
ewallet_02108,"Its totally great but I want to suggest that you shoud make it accessible in offline, cause not Everytime we have a load, if you will consider this suggestion, everything will be fall in to place, promise. Thank you in advance.",feature_request,GCash,Google Play (Kaggle public dataset),5,2021-07-04T15:35:02.000Z,strict_rule_relabel,training
ewallet_02110,I hope they add cryptocurrency,feature_request,GCash,Google Play (Kaggle public dataset),5,2021-07-07T01:29:59.000Z,strict_rule_relabel,training
ewallet_02112,I have cash in Gcash and it was not credited to my gcash account. Nobody from Gcash contacted me no matter I messaged them.,transfer_issue,GCash,Google Play (Kaggle public dataset),1,2022-05-31T12:05:16.000Z,strict_rule_relabel,training
ewallet_02113,Bring back school ID because there are some students that doesn't have any valid ID that's on your current list. Gcash is useless if your account isn't verified. Please bring back the school ID on list of valid ID maybe i'll rate this 5 star,feature_request,GCash,Google Play (Kaggle public dataset),1,2021-07-09T11:53:47.000Z,strict_rule_relabel,training
ewallet_02114,I have a problem with send money my wife is in Qatar I send gcash to her but too late my wife tell me her gcash is unable to open in other country because of her simcard have no signal there can't receive otp to login her account I email for gcash support services too many process waiting a day before the reply but and the end of day agent told me we're highly recommend that the recipient cooperate with us what kind of services is that I explain I send evidence ..,transfer_issue,GCash,Google Play (Kaggle public dataset),1,2022-05-31T12:46:09.000Z,strict_rule_relabel,training
ewallet_02115,Worst freaking app scam!! I bought 100 garena shells to Send the game pin and I didnt receive any game pin!!,transfer_issue,GCash,Google Play (Kaggle public dataset),1,2020-12-15T12:12:58.000Z,strict_rule_relabel,training
ewallet_02116,The app is ok but I wish I could cash transfer from gcash to paypal,transfer_issue,GCash,Google Play (Kaggle public dataset),3,2021-07-11T07:24:55.000Z,strict_rule_relabel,training
ewallet_02117,"I can't register despite multiple attempts. I emailed them then they gave me possible solutions. However, I still can't register despite doing everything that is said on their email. I installed and uninstalled it several times, my phone is also not dual sim, my internet connection is good and I even tried to register on #143 and on messenger but still can't register. I hope they can give me definite solution to this. Thank you.",feature_request,GCash,Google Play (Kaggle public dataset),1,2020-01-17T00:58:17.000Z,strict_rule_relabel,training
ewallet_02118,Bank transfer failed an no corresponding assistance from gcash!,transfer_issue,GCash,Google Play (Kaggle public dataset),1,2022-06-04T14:22:22.000Z,strict_rule_relabel,training
ewallet_02121,"i hope someday, you will allow students 18 below to use this.",feature_request,GCash,Google Play (Kaggle public dataset),3,2021-07-17T03:49:13.000Z,strict_rule_relabel,training
ewallet_02123,"I was liking it recently better than other ewallet for its convenience. BUT after learning that it needs bank validation when I tried to transfer 23k to my bank from gcash with delay taking 3 to 5 business days, I guess I'm shifting back to previous ewallet for major transactions. 4 digit transactions go through tho without hassle. If you get what I mean.",transfer_issue,GCash,Google Play (Kaggle public dataset),1,2022-06-08T03:01:13.000Z,strict_rule_relabel,training
ewallet_02126,Soo dissapointed! I lost my sim that registered on my gcash and now I no longer have access on my acc.i wish the developer add an option to change a phone number atleast we can recover our acc.then I created new acc.when I try to verified my acc.its almost 3days waiting and still no update.why is this hard for us to use this app?,feature_request,GCash,Google Play (Kaggle public dataset),1,2021-07-19T01:18:49.000Z,strict_rule_relabel,training
ewallet_02128,Hope bring back the cashback in buying load,feature_request,GCash,Google Play (Kaggle public dataset),5,2021-07-19T01:29:03.000Z,strict_rule_relabel,training
ewallet_02131,I hope gcash could be used without cellular load but yeah it was still good,feature_request,GCash,Google Play (Kaggle public dataset),2,2021-07-19T09:55:41.000Z,strict_rule_relabel,training
ewallet_02133,I am having problems when cashing-in. OTP code is so delayed. I am unable to send money.,transfer_issue,GCash,Google Play (Kaggle public dataset),2,2022-06-13T06:29:54.000Z,strict_rule_relabel,training
ewallet_02134,"Hey GCash, please include the National ID to verify our gcash accounts. It would be very helpful so please update the app and put the National ID in the list. Ty",feature_request,GCash,Google Play (Kaggle public dataset),4,2021-07-20T07:09:24.000Z,strict_rule_relabel,training
ewallet_02137,Too much unauthorized fraudulent transactions. Don't put funds in the wallet or else it will deduct you for payments you didn't make.,security_concern,GCash,Google Play (Kaggle public dataset),1,2020-12-22T07:27:08.000Z,strict_rule_relabel,training
ewallet_02138,I hope I can get fully verified so it could be more good.,feature_request,GCash,Google Play (Kaggle public dataset),5,2021-07-20T12:04:31.000Z,strict_rule_relabel,training
ewallet_02139,Please add support for Prepaid WiFi number. Thank you!,feature_request,GCash,Google Play (Kaggle public dataset),3,2021-07-22T11:05:12.000Z,strict_rule_relabel,training
ewallet_02140,I changed my rating from 5 stars to 1 star...I always have this problem everytime I will money as payment to another Gcash recipient...I can't send money! I tried to uninstall and reinstall...but still the same,transfer_issue,GCash,Google Play (Kaggle public dataset),1,2022-03-12T04:28:22.000Z,strict_rule_relabel,training
ewallet_02141,"Lagi na lang kayo may error tapos ang bagal ng app, ayaw gumana bank transfer kahit na may balance ka naman di na kayo convenient gamitin like before",transfer_issue,GCash,Google Play (Kaggle public dataset),1,2022-06-17T13:56:31.000Z,strict_rule_relabel,training
ewallet_02142,"Because of the pandemic student dont have the latest id that their school supposed to issue, please add school id dated from 2017 - 2021",feature_request,GCash,Google Play (Kaggle public dataset),3,2021-07-22T11:48:44.000Z,strict_rule_relabel,training
ewallet_02143,"I cant open the app coz it says need to update. When I click update, it will not push through. I have enough space on my storage. What is the main problem? Pls help, I need my funds to pay bills.",payment_failure,GCash,Google Play (Kaggle public dataset),1,2022-03-12T08:04:20.000Z,strict_rule_relabel,training
ewallet_02145,Pwede update the problem please the verification cause I want to cash out but I can because of the verification is something problem please update this,transfer_issue,GCash,Google Play (Kaggle public dataset),1,2022-06-19T11:51:19.000Z,strict_rule_relabel,training
ewallet_02147,"CS was awful! Gcash is a big help app but you should have an option to unfriend someone stealing your hard earned green energy. Also, it would be better if there's a notification that our green energy is ready since it does not generate real time after a transaction is done. That way, we don't need to check it from time to time since we have a lot of things to do, work, and stuffs, for us to keep checking that so others can't steal it. Plus the CS is not helpful, issue left unsolved.",feature_request,GCash,Google Play (Kaggle public dataset),1,2021-07-23T16:52:40.000Z,strict_rule_relabel,training
ewallet_02150,Stuck I G cash Hell!!!! Your app sucks wish I could give it a 0 cant get verified and need to send money I'll never use this app again!!!!!,transfer_issue,GCash,Google Play (Kaggle public dataset),1,2021-07-24T09:20:59.000Z,strict_rule_relabel,training
ewallet_02152,have been verifying my Gcash account for almost 3 weeks but until now my account has not been fully verified and I have done everything and I have sent tickets but there is still nothing ready. I would like to be fully verified and I hope you will listen to me now Gcash Support and so that I can use it. Verying my Gcash account.,feature_request,GCash,Google Play (Kaggle public dataset),1,2021-07-25T00:58:26.000Z,strict_rule_relabel,training
ewallet_02153,cannot log in. exceeded log in attemp. so annoying apps.,account_access_issue,GCash,Google Play (Kaggle public dataset),1,2020-02-12T23:41:55.000Z,strict_rule_relabel,training
ewallet_02154,I have problem to my gcash why ican't send money its almost aweek my problem didn't solve..,transfer_issue,GCash,Google Play (Kaggle public dataset),2,2022-06-27T03:35:46.000Z,strict_rule_relabel,training
ewallet_02155,I gave 1 star cuz it is so slow and i just cash in some money and i didn't receive it or any confirmation text from gcash. Is this how you do business with your client's or customer. I am really dissappointed to this app because it is really unreliable and this is a kind of SCAM. fix this problem of yours and your customer service is so slow and poor. So how many do you need more people to do your scam. Phew!!!,transfer_issue,GCash,Google Play (Kaggle public dataset),1,2020-12-24T10:20:03.000Z,strict_rule_relabel,training
ewallet_02156,Can you add the new PSA ID from the PH.,feature_request,GCash,Google Play (Kaggle public dataset),5,2021-07-25T12:07:40.000Z,strict_rule_relabel,training
ewallet_02159,Please add cryptocurrency wallets like BTC BCH and ETH.,feature_request,GCash,Google Play (Kaggle public dataset),1,2021-07-27T07:53:37.000Z,strict_rule_relabel,training
ewallet_02161,please bring back load rebate,feature_request,GCash,Google Play (Kaggle public dataset),1,2021-07-27T10:02:13.000Z,strict_rule_relabel,training
ewallet_02162,"I was disappointed with gcash gcredit, I use my gcredit for paying my bill but the transactions was error and I need to cancel it. After that happen I open my gcash account and I was shocked because I've seen the unpaid bill even the transactions was error so now I need to pay it. In several time I try to contact the gcash service but nobody answer my calls.",payment_failure,GCash,Google Play (Kaggle public dataset),2,2022-03-19T06:34:57.000Z,strict_rule_relabel,training
ewallet_02163,Okay ang Gcash..napaka convenient.npakalaking bagay lalo na sa online job ko..kailangan lang talaga maingat ka at ingatan ang iyong mpin para di mnakawan at ma scam..pero overall ayos na ayos ang Gcash.,account_access_issue,GCash,Google Play (Kaggle public dataset),4,2020-12-28T08:10:09.000Z,strict_rule_relabel,training
ewallet_02164,Can you please bring back where the student I.D can be used to get fully verified,feature_request,GCash,Google Play (Kaggle public dataset),1,2021-08-01T15:02:37.000Z,strict_rule_relabel,training
ewallet_02165,"I was trying to pay thru qr scan earlier around 9am, but it was not working and it kept crashing, I wonder if this inconvenience is for android phones only?",payment_failure,GCash,Google Play (Kaggle public dataset),1,2022-03-19T14:56:17.000Z,strict_rule_relabel,training
ewallet_02166,"The hell's wrong with this app??!? Unable to login, can't retrieve mpin no matter how many attempts. Customer service unable to help. Fix ur app please.",account_access_issue,GCash,Google Play (Kaggle public dataset),1,2020-02-17T01:43:52.000Z,strict_rule_relabel,training
ewallet_02167,Ive been using gcash for almos 4 years now and i have no isssue...but this last two months i have a problem to cash in from paypal to gcash...its always said try to relink...i tried many many times to relink my paypal still i cant cash in my paypal balance to gcash...please fixed this issue...error on relinking my paypal...,transfer_issue,GCash,Google Play (Kaggle public dataset),1,2022-07-02T21:53:56.000Z,strict_rule_relabel,training
ewallet_02168,"Gcash is nice App Sana... kung di nagloloko minsan, for example sa phone loading minsan nawawala yung mga load option if sa wireless company ang problem bakit hinde i settle down to fix their loads and promos to be more convenient sa mga customer anyway diskarte nyo yan how to fix this problem its my suggestion as a user to be more reachable... hope you can fix to be more competitive specially nowadays daming player sa market...",feature_request,GCash,Google Play (Kaggle public dataset),4,2021-08-01T23:28:44.000Z,strict_rule_relabel,training
ewallet_02170,"Unsatisfied because of many times attempt on sending money to another gcash account to process my transaction of payment. Still it doesn't resolved the issue even if i always submit a ticket, and leave a message to them. It always stated that ""sorry, we're unable to process your request. "" Too bad. It cause a delayed of my payment.",payment_failure,GCash,Google Play (Kaggle public dataset),3,2022-03-25T12:18:48.000Z,strict_rule_relabel,training
ewallet_02174,Please include investment on globe using your own app,feature_request,GCash,Google Play (Kaggle public dataset),5,2021-08-02T09:24:05.000Z,strict_rule_relabel,training
ewallet_02175,"I can't log in, only 2 times for the correct answers when i want to change mpin, worse is that you needed to wait for 24hrs to try again and it's been 3-4days since I ask help and still no reply.",account_access_issue,GCash,Google Play (Kaggle public dataset),1,2020-02-24T13:18:10.000Z,strict_rule_relabel,training
ewallet_02176,"i cant update,always pending. i cant cash out my balance.because of that update..",transfer_issue,GCash,Google Play (Kaggle public dataset),1,2022-07-05T15:29:00.000Z,strict_rule_relabel,training
ewallet_02178,"The app is getting worse by the minute. I use this app to pay off my SSS loan. I've been trying to pay my SSS loan but it's always saying error until it came to the due date and I was charged with interest. Good one, Gcash!! You've just given me a 50 pesos interest on my loan.",payment_failure,GCash,Google Play (Kaggle public dataset),1,2022-03-31T23:26:57.000Z,strict_rule_relabel,training
ewallet_02179,"NAKAKADISAPPOINT!!! DAPAT MAY TEXT CONFIRMATION TUNGKOL SA UPDATE!!!! EVERY TIME N MGCASH OUT AKO ONCE A MONTH MAY UPDATE PERO WALANG TEXT CONFIRMATION N MERON N PA LANG UPDATE!!! NKAKA ABALA AT NAGIGING DAHILAN NG DELAY. BIGLAANG PAG GAMIT NG GCASH PARA MG PROCESS NG TRANSFER DI KAGAD MAGAWA KASI MAY PUTANG INANG UPDATE!!! TEXT CONFIRMATION HOY! PARA MKAPAG UPDATE AKO KPG MAY NEWLY UPDATE, HINDI YUNG KUNG KAILAN KAILANGAN MG TRANSFER SAKA MALALAMAN N MAY UPDATE!!!!",transfer_issue,GCash,Google Play (Kaggle public dataset),1,2022-07-05T19:41:42.000Z,strict_rule_relabel,training
ewallet_02180,"Its only now I experienced issues.. my qr code used to work fine but now it just crashes whenever I use it... I resetted my phone, re installed but it still didnt work...",payment_failure,GCash,Google Play (Kaggle public dataset),3,2022-04-02T03:05:26.000Z,strict_rule_relabel,training
ewallet_02182,I need to get verified but i dont have the IDs stated in your list as i am still a student. I hope you could add a student's ID option for verification,feature_request,GCash,Google Play (Kaggle public dataset),5,2021-08-02T11:19:18.000Z,strict_rule_relabel,training
ewallet_02183,"I like this App, but as of now i cant log.in in My Account It says just click forgot MPIN, but it doesnt work , i cant recover My Gcash Account, Hope you can help me to fix my problem Thanks-",account_access_issue,GCash,Google Play (Kaggle public dataset),4,2020-03-02T12:19:33.000Z,strict_rule_relabel,training
ewallet_02185,Too many updates.and f u update it it will failed l.i need to cash out bcoz need money but it cant bcoz of this update first bfore u can used it,transfer_issue,GCash,Google Play (Kaggle public dataset),2,2022-07-09T11:59:18.000Z,strict_rule_relabel,training
ewallet_02186,It keeps updating for almost a week I'm trying to update but not updating till now still pending and I need to transfer my money. Why do we need to update .we must have a choice if we want to update or not,transfer_issue,GCash,Google Play (Kaggle public dataset),2,2022-07-10T10:56:26.000Z,strict_rule_relabel,training
ewallet_02187,Please add a student ID i want to be fully verified in my account Please i really need to get fully verified,feature_request,GCash,Google Play (Kaggle public dataset),2,2021-08-03T04:34:35.000Z,strict_rule_relabel,training
ewallet_02188,Why I can't open my gcash... And aske to update but when I click it just stuck there... My internet in fine... All my transaction is pending because of that... Hope you can give option.. to not update..... It's frustrating,feature_request,GCash,Google Play (Kaggle public dataset),3,2022-04-05T15:50:36.000Z,strict_rule_relabel,training
ewallet_02189,"Gcash update is so hassleeeeee nooow, at tirst i thought my gcash acc has problem, but it turned out that my it's on my device, I can't send money and can't even buy load.",transfer_issue,GCash,Google Play (Kaggle public dataset),1,2022-07-10T10:56:58.000Z,strict_rule_relabel,training
ewallet_02190,"THE VERIFICATION SUCKS, WHY CANT YOU JUST LET US USE THE ""SEND MONEY"" OPTION. MY RELATIVE'S MONEY IS NOW STUCK IN MY UNVERIFIED ACCOUNT BECAUSE OF THIS INCONVENIENT APP!!!",transfer_issue,GCash,Google Play (Kaggle public dataset),1,2022-07-12T10:06:14.000Z,strict_rule_relabel,training
ewallet_02193,I hope u can add REITS on GInvest.,feature_request,GCash,Google Play (Kaggle public dataset),4,2021-08-05T01:30:55.000Z,strict_rule_relabel,training
ewallet_02194,"Fair lang....i like the app for my convenience pay bills,loading,etc.but this previous days so many issues encountered..",payment_failure,GCash,Google Play (Kaggle public dataset),3,2022-04-06T03:07:26.000Z,strict_rule_relabel,training
ewallet_02195,gcash help center wala kwenta..ayusin nyo trabaho nyo..nagsubmit ticket n nga para maresolved concern..kasi pag bank transfer delayed.ibalik nlng sana sa gcash..,transfer_issue,GCash,Google Play (Kaggle public dataset),1,2022-07-14T16:50:05.000Z,strict_rule_relabel,training
ewallet_02199,please add ml10,feature_request,GCash,Google Play (Kaggle public dataset),5,2021-08-09T11:53:31.000Z,strict_rule_relabel,training
ewallet_02200,I can't log in or sign in to another account,account_access_issue,GCash,Google Play (Kaggle public dataset),1,2020-03-13T08:30:21.000Z,strict_rule_relabel,training
ewallet_02201,"It's good,but please include the PRC payment too for the liscense",feature_request,GCash,Google Play (Kaggle public dataset),4,2021-08-09T15:56:37.000Z,strict_rule_relabel,training
ewallet_02205,The app is good but can you please add student id in the valid ID's? So students like me can also use gcash without using our parents ID,feature_request,GCash,Google Play (Kaggle public dataset),3,2021-08-10T06:30:43.000Z,strict_rule_relabel,training
ewallet_02206,"Why do I have to pay 1,550 for Google g credit I don't even need it it's spamming messages to me saying payment declined why the hell do I have to pay I'm not even interested on it fix it I don't want to pay for that",payment_failure,GCash,Google Play (Kaggle public dataset),2,2022-04-07T12:54:20.000Z,strict_rule_relabel,training
ewallet_02207,"GCASH UPDATE IS SO DISAPPOINTED, WE CAN'T CASH OUT OUR MONEY THAT COST 6800 BECAUSE OF FAILED KINEMPERS, CAN YOU FIX THIS GCASH? WE REALLY NEED THAT MONEY! WE TRY TO EMAIL U BUT URE NOT RESPONDING, OUR CONCERNS NEVER BEEN ANSWER!",transfer_issue,GCash,Google Play (Kaggle public dataset),1,2022-07-20T05:58:15.000Z,strict_rule_relabel,training
ewallet_02208,"pls fix the ""unable to send money for protection"" issue. i can't use all of my gcash accounts. i can't buy load nor send money!",transfer_issue,GCash,Google Play (Kaggle public dataset),1,2022-07-23T11:46:07.000Z,strict_rule_relabel,training
ewallet_02209,MAKE VERIFICATION EASIER PLEASE ALLOW STUDENTS ID WE'RE NOT GONNA WAIT FOR YEARS FOR GOV ID PLS,feature_request,GCash,Google Play (Kaggle public dataset),2,2021-08-11T11:38:26.000Z,strict_rule_relabel,training
ewallet_02211,What happen to my account?? This morning about to log in my biometric dont work may mpin dont work...do you guys hacked my account...this happen after i reported that there was a charge in my account i dont recognize the agent told me they will get back to me with their support...then after 2 or 3 days about to log in I can no longer log in my account...so disappointed and very dis satisfied and unhappy with you guys...you sucks,account_access_issue,GCash,Google Play (Kaggle public dataset),1,2021-01-11T14:06:22.000Z,strict_rule_relabel,training
ewallet_02212,"Please add a promo for not just for Mobile Legends Players please also to us ROX player or Ragnarok X : Next Generations, because it a thousands of pilipino player playing that games. I know you know that. Thanks. That my little advice.",feature_request,GCash,Google Play (Kaggle public dataset),5,2021-08-11T13:39:16.000Z,strict_rule_relabel,training
ewallet_02214,Scam Laki ng di na cash in.. Grabe ay,transfer_issue,GCash,Google Play (Kaggle public dataset),1,2021-01-12T01:34:41.000Z,strict_rule_relabel,training
ewallet_02215,I really love the app but it would be better if we can convert regular load to gcash money. Many Gcash users don't have any bank acc. So it would be useful.,transfer_issue,GCash,Google Play (Kaggle public dataset),4,2021-08-14T09:15:14.000Z,strict_rule_relabel,training
ewallet_02216,I just registered but I can't log in to the app. It keeps on indicating processing. I already encoded my MPIN.,account_access_issue,GCash,Google Play (Kaggle public dataset),1,2020-03-18T03:02:03.000Z,strict_rule_relabel,training
ewallet_02217,This app IS VERY INCONVENIENT IN MANY WAYS! 1. It has its System Maintenance WITHOUT prior notice and for like 4-5 times a month! 2. Bank Transfers always 2-3 days delay! 3. You can Cash in easily (merchants like 7/11 and palawan accepts cash-in) BUT you will be having hard time CASHING OUT ( as those merchants and many more gcash partners DON'T DO CASHOUTS from them)! 4. NO CUSTOMER SERVICE REPS AVAILABLE if you need real time assistance! 5. MANY MORE to mention!,transfer_issue,GCash,Google Play (Kaggle public dataset),1,2022-08-02T08:01:24.000Z,strict_rule_relabel,training
ewallet_02218,"Hi Gcash! I am a seafarer by profession and I use gcash to send money at home whenever necessary and Gcash was really a great help in doing so swiftly. Recently after an Update, you are now requiring a verification code sent to my mobile number during any transaction. My problem is that I am at sea and I dont have mobile reception. Can you make it possible that the verification can be done biometrically (using fingerprint) such that I can send money securely without the need of any Codes? TY!",transfer_issue,GCash,Google Play (Kaggle public dataset),3,2022-04-08T22:16:33.000Z,strict_rule_relabel,training
ewallet_02220,"Do not use. Their Algorithm is d most useless of all. When you pay using Gcash, ur points must add, I GET DEDUCTED and CS CANT DO ANYTHING ABOUT IT! You cashin to make bank transfer bec they commercialized it for ""CONVENIENCE"", ur points get deducted. You withdraw frm ur Gsavings, u get points deduction. You dnt wnt us 2 take off money in your system? U deduct our points by using our money? Who designed d point system? I have 18000 visit reviews on google and I will also give u failed score.",transfer_issue,GCash,Google Play (Kaggle public dataset),1,2021-08-17T02:11:30.000Z,strict_rule_relabel,training
ewallet_02223,What happened why my Gcash account is not opening Please allow me to open my Gcash account i need immediately i have a transaction using my money on Gcash tomorrow morning is due date,feature_request,GCash,Google Play (Kaggle public dataset),2,2021-08-17T07:12:57.000Z,strict_rule_relabel,training
ewallet_02225,"Everytime I have to cash in the money doesn't go through. My information is all correct but it says the transaction failed. When I redo it again, it shows its been used.. Then I have to contact the service center that will respond after 2 days.",transfer_issue,GCash,Google Play (Kaggle public dataset),1,2022-04-09T21:26:01.000Z,strict_rule_relabel,training
ewallet_02226,Cannot register MPIN number successfully. Cannot even login the given MPIN. It is very inconvenient.,account_access_issue,GCash,Google Play (Kaggle public dataset),1,2020-03-23T00:26:29.000Z,strict_rule_relabel,training
ewallet_02228,"app is good but lack of other features like receiving cryptocurrency. i hope soon, you will add that feature so that we can use this app for crypto transaction. crypto wallet would be a great feature if you add that, in the future updates. i will surely change the rating to 5star.",feature_request,GCash,Google Play (Kaggle public dataset),2,2021-08-20T16:27:25.000Z,strict_rule_relabel,training
ewallet_02230,I can't send money below 500 and upto 5000. Is it a policy plan or a problem???,transfer_issue,GCash,Google Play (Kaggle public dataset),3,2022-08-03T06:33:39.000Z,strict_rule_relabel,training
ewallet_02232,"Delays of transaction may happen but you can call customer service for an updates. Just don't forget to file a ticket on your gcash account. Reminder! Don't cash in your money to any Touch pay machine that cost 4k and above because this is how I experienced my first problem in gcash. Its better to cash in to any store that offers gcash, cash in cash out with fees than trusting any touch pay machine.",transfer_issue,GCash,Google Play (Kaggle public dataset),4,2022-08-03T07:44:19.000Z,strict_rule_relabel,training
ewallet_02234,worst app ever my pin is correct but i can't log in.!!!,account_access_issue,GCash,Google Play (Kaggle public dataset),1,2020-03-27T22:41:41.000Z,strict_rule_relabel,training
ewallet_02235,update before cash out funds..that's the problem now.,transfer_issue,GCash,Google Play (Kaggle public dataset),2,2022-08-03T10:07:13.000Z,strict_rule_relabel,training
ewallet_02236,Can you please add the student ID on the options for verification,feature_request,GCash,Google Play (Kaggle public dataset),2,2021-08-24T08:36:25.000Z,strict_rule_relabel,training
ewallet_02239,"Dear devoloper...PLEASE INCLUDE """" LETTER, My name can't include and I CAN'T LINK TO OTHER MOBILE WALLET. PLEASE INCLUDE IT. TY.",feature_request,GCash,Google Play (Kaggle public dataset),1,2021-08-25T10:28:23.000Z,strict_rule_relabel,training
ewallet_02240,When I try to cash in using BPI it's saying that service is unavailable but it gets my BPI account locked out! I've been resetting my password for more or less 6 times now! It's so frustrating!,account_access_issue,GCash,Google Play (Kaggle public dataset),1,2020-03-29T15:58:10.000Z,strict_rule_relabel,training
ewallet_02242,"Support IS VERY SLOW. Gie is ot responfing, and even tickets are marked *solved* wothout any solution. Don't trust the app guys, it was hyped but it is not worth it. I hope gcash would do better and provide decent service.",feature_request,GCash,Google Play (Kaggle public dataset),1,2021-08-29T11:40:07.000Z,strict_rule_relabel,training
ewallet_02244,For now just 1 star only. I had a problem about fund transfer gcash to my Bpi account. Its been quite a while since my money is still on pending its been 3business days passed but still nothing is being refunded. Pleas do something about this. I already report it but still thesame reply they given to me.,transfer_issue,GCash,Google Play (Kaggle public dataset),1,2022-08-04T09:34:36.000Z,strict_rule_relabel,training
ewallet_02250,"I rated it five stars but it doesn't mean that there is nothing that can be fixed in your application, My suggestion is when the mobile number are lost, I hope will also send the OTP in the gmail or any email address that linked.",feature_request,GCash,Google Play (Kaggle public dataset),5,2021-09-03T18:02:06.000Z,strict_rule_relabel,training
ewallet_02251,"My money is stucked. I cannot do any transactions. Exprss send, bank transfer, buy load. No one is assisting me.",transfer_issue,GCash,Google Play (Kaggle public dataset),2,2022-08-06T21:06:17.000Z,strict_rule_relabel,training
ewallet_02252,No wonder its helpful but risky at the same time. Usual issue is payment made but purchase is nowhere like bills payment and load puchase. If we have issues like these no gcash representative talks to us. I think gcash should develop accountability measures on their part in order to regain uninstalled and disappointed subscribers.,payment_failure,GCash,Google Play (Kaggle public dataset),2,2022-04-25T12:12:05.000Z,strict_rule_relabel,training
ewallet_02254,Please include the student i.d in the list that's the problem always and not fix 'till now.,feature_request,GCash,Google Play (Kaggle public dataset),1,2021-09-06T06:19:22.000Z,strict_rule_relabel,training
ewallet_02257,I CANNOT LOG IN TO MY ACCOUNT. Do the right thing Globe.,account_access_issue,GCash,Google Play (Kaggle public dataset),1,2020-03-31T23:33:23.000Z,strict_rule_relabel,training
ewallet_02258,please allow LANDBANK to use Transfer online!,feature_request,GCash,Google Play (Kaggle public dataset),1,2021-09-08T15:40:56.000Z,strict_rule_relabel,training
ewallet_02259,"I've been using gcash for years now for payments, transfer, cash in and out but my score stuck in 400 not happy though. It also ask for update and you can't see any cash backs or treats using this app. Most of all always unavailable.",transfer_issue,GCash,Google Play (Kaggle public dataset),3,2022-08-10T20:01:24.000Z,strict_rule_relabel,training
ewallet_02261,"Would be great if they'd add a fingerprint option to unlock the app, most banking and 2FA apps has that.",feature_request,GCash,Google Play (Kaggle public dataset),4,2021-09-10T04:19:21.000Z,strict_rule_relabel,training
ewallet_02262,Poor. So sad that in times of emergency this apps cannot helps. I can't use my gcash to transfer money because always pending when updating was came. So stress New version of gcash! 1 week I can't use my gcash account I did erased my other devices so that there's a vacant storage but nothing happen.. I wish somebody can help. Thanks,transfer_issue,GCash,Google Play (Kaggle public dataset),1,2022-08-12T08:52:43.000Z,strict_rule_relabel,training
ewallet_02266,its good but the app keeps crashing whenever i try to scan a qr code?? fix this problem please.,payment_failure,GCash,Google Play (Kaggle public dataset),2,2022-05-01T17:19:03.000Z,strict_rule_relabel,training
ewallet_02267,Cash In and Transfer are not working properly at times. Amount are not reflected real time. Help center also takes too much time. 48 hours is too much.,transfer_issue,GCash,Google Play (Kaggle public dataset),1,2022-08-17T11:27:02.000Z,strict_rule_relabel,training
ewallet_02268,"Bring back my money... i pay for load but im not received confirmation, failed but charged transaction , i need refund",payment_failure,GCash,Google Play (Kaggle public dataset),1,2022-05-02T13:35:26.000Z,strict_rule_relabel,training
ewallet_02270,Very frustrating and poor service.I send my 1month salary to my gcash account so I can transfer to my Pnb account but what happened they delayed it and I send ticket to them so they take action but their response still within 5 business days....they keep people waiting and get stress thinking their hard earning money if safe or not.,transfer_issue,GCash,Google Play (Kaggle public dataset),1,2022-08-17T13:39:26.000Z,strict_rule_relabel,training
ewallet_02271,Please add student ID because it's hard for student to fully verified,feature_request,GCash,Google Play (Kaggle public dataset),2,2021-09-11T01:42:30.000Z,strict_rule_relabel,training
ewallet_02272,Help center of gcash can't solve problem in sent money to wrong number (multiple number error) and those number are not verified or not in use but still they did not refund my money,payment_failure,GCash,Google Play (Kaggle public dataset),1,2022-08-22T06:28:11.000Z,strict_rule_relabel,training
ewallet_02275,Useless help center. Can't even help me on my problem in cash in,transfer_issue,GCash,Google Play (Kaggle public dataset),1,2022-08-23T19:02:18.000Z,strict_rule_relabel,training
ewallet_02276,Can you please include the real-time or latest market value of investments in GInvest? I have an investment in equity and technology fund now. Hope this would be considered. Thanks!,feature_request,GCash,Google Play (Kaggle public dataset),5,2021-09-12T06:59:03.000Z,strict_rule_relabel,training
ewallet_02277,Can't log in easily then they get my money,account_access_issue,GCash,Google Play (Kaggle public dataset),1,2020-04-07T12:15:41.000Z,strict_rule_relabel,training
ewallet_02279,I can't get fully verified because I haven't have any valid ID and there's no student ID requirements like other people in there Gcash please add student ID or C.O.R so we can get fully verified it's unsatisfying!!!,feature_request,GCash,Google Play (Kaggle public dataset),1,2021-09-12T09:07:41.000Z,strict_rule_relabel,training
ewallet_02284,Can you update the app interms of verifying the account can you add the national id or student id in the options?,feature_request,GCash,Google Play (Kaggle public dataset),3,2021-09-13T04:26:15.000Z,strict_rule_relabel,training
ewallet_02285,"Since April 5th,very difficult to use. Unable to log in, keeps giving me error message. Did try to uninstall & install. I was able to log in once, & now can't log in again.",account_access_issue,GCash,Google Play (Kaggle public dataset),4,2020-04-08T06:04:37.000Z,strict_rule_relabel,training
ewallet_02286,"Delayed service, and i just cash in and it doesn't cashing in the money!!!",transfer_issue,GCash,Google Play (Kaggle public dataset),1,2022-08-31T11:02:46.000Z,strict_rule_relabel,training
ewallet_02288,Still could not use my Gcredit. Scanning the QR code just shuts down the app or an error message appears. It has been a problem since March.,payment_failure,GCash,Google Play (Kaggle public dataset),1,2022-05-14T05:38:24.000Z,strict_rule_relabel,training
ewallet_02289,using gcash simplified my shopping experience and proved to be b very helpful... but currently i am not ablento open my account and there is an error message popping up upon entering my mpin. i also changed my mpin but still got the same error message. please help,account_access_issue,GCash,Google Play (Kaggle public dataset),4,2020-04-11T13:10:46.000Z,strict_rule_relabel,training
ewallet_02291,I hope i could have balance from the activity apps games for good.,feature_request,GCash,Google Play (Kaggle public dataset),4,2021-09-14T06:06:02.000Z,strict_rule_relabel,training
ewallet_02293,"PLEASE ADD PAYPAL AS YOUR PARTNERS, PLEASE!",feature_request,GCash,Google Play (Kaggle public dataset),5,2021-09-14T10:27:07.000Z,strict_rule_relabel,training
ewallet_02297,"This app helps a lot. I hope that the developer can add a feature where students/minor can be fully verified by submitting their student ID. Becausenow a days in the middle of this crisis, this app is very used. Not just adults but also minors/students so i hope they can add in the list of ID the Student ID for the studentsti be verified. It would be so helpful, please developerrrr!!",feature_request,GCash,Google Play (Kaggle public dataset),5,2021-09-15T09:30:21.000Z,strict_rule_relabel,training
ewallet_02298,I cannot login for several attempts! Coins.ph is better than Gcash,account_access_issue,GCash,Google Play (Kaggle public dataset),1,2020-04-12T13:29:53.000Z,strict_rule_relabel,training
ewallet_02300,After i logout i cannot log in again,account_access_issue,GCash,Google Play (Kaggle public dataset),1,2020-04-13T07:55:59.000Z,strict_rule_relabel,training
ewallet_02301,I can't use well gcash because whenever i' requesting to put a student id in their help center they wouldnt put please add a student id i really need it i can't cashout my allowance:((,feature_request,GCash,Google Play (Kaggle public dataset),2,2021-09-16T23:42:36.000Z,strict_rule_relabel,training
ewallet_02303,my scan qr code is not working!,payment_failure,GCash,Google Play (Kaggle public dataset),1,2022-05-25T03:13:58.000Z,strict_rule_relabel,training
ewallet_02304,I cannot log in but why I can't log in,account_access_issue,GCash,Google Play (Kaggle public dataset),1,2020-04-15T03:04:44.000Z,strict_rule_relabel,training
ewallet_02305,"I love it,,all work,,not problem to send money or bills,load and other",transfer_issue,GCash,Google Play (Kaggle public dataset),5,2022-09-28T14:35:56.000Z,strict_rule_relabel,training
ewallet_02307,I did not receivdd the money I cash in but you ticket submission is not working,transfer_issue,GCash,Google Play (Kaggle public dataset),1,2022-09-29T07:30:43.000Z,strict_rule_relabel,training
ewallet_02308,Gcash Been my pocket all this time and it's been great and no prob. But when the last update release when I pay bills it say's error but when I tried other amount it get payed I don't know if it's my phone or the app but I think other features didn't have problem thanks :),payment_failure,GCash,Google Play (Kaggle public dataset),3,2022-05-25T03:42:10.000Z,strict_rule_relabel,training
ewallet_02309,I can't log in to my gcash account. There is an error prompt message 12051.,account_access_issue,GCash,Google Play (Kaggle public dataset),1,2020-04-17T05:52:26.000Z,strict_rule_relabel,training
ewallet_02310,Easy to pay bill and pay online thats all us of now no issue,payment_failure,GCash,Google Play (Kaggle public dataset),5,2022-05-25T22:29:28.000Z,strict_rule_relabel,training
ewallet_02311,recently I do not appreciate the part where you see asterisks in place of missing letters in the name of the person you send money to. it's a hassle.,transfer_issue,GCash,Google Play (Kaggle public dataset),2,2022-10-01T11:11:17.000Z,strict_rule_relabel,training
ewallet_02313,"QR code is not working on my samsung A52. As searched, they are also same issues on the same unit.",payment_failure,GCash,Google Play (Kaggle public dataset),4,2022-05-25T23:34:38.000Z,strict_rule_relabel,training
ewallet_02314,"i got my account locked, it say i should do some gmails and info for them to unlock bit but it's months since i email them and still no responce. i really need to have a transaction immediately but i cant open my account. please help me and fixed my account.",account_access_issue,GCash,Google Play (Kaggle public dataset),3,2020-04-17T11:00:39.000Z,strict_rule_relabel,training
ewallet_02315,"no problem with the service, but the dissappointing is the send money or transfer. the name you sending the money is not whole there some blanks that's why some scammers or hackers are happy to that",transfer_issue,GCash,Google Play (Kaggle public dataset),2,2022-10-02T06:04:13.000Z,strict_rule_relabel,training
ewallet_02316,Please bring back the student ID option for verification. We need it for school purposes,feature_request,GCash,Google Play (Kaggle public dataset),1,2021-09-21T05:42:48.000Z,strict_rule_relabel,training
ewallet_02317,"Please don't make the updates more important than the transactions we need to make. I know it might be for some important security feature or whatever but unless its something really grave, give us the option to delay the update in a more convenient time.",feature_request,GCash,Google Play (Kaggle public dataset),3,2021-02-21T10:28:39.000Z,strict_rule_relabel,training
ewallet_02319,"I'm very much disappointed with the service. Yes, it's convenient to pay using Gcash. But, not at all times. I used GLife to purchase on one of the merchants available. My first and second transaction was charged to me but was not processed. I tried the transaction for the third time and it was charged and was successfully processed. However, I submit a ticket to report my first and second transaction that has been deducted to my gcash wallet. Merchant was not reachable. GCASH CS was not helping",payment_failure,GCash,Google Play (Kaggle public dataset),5,2022-05-26T02:32:46.000Z,strict_rule_relabel,training
ewallet_02323,"it's okay for me so far. but sometimes when i'm in a rush to buy a load, it seems like it's taunting me to get frustrated because it says ""needs an update"". and i hope gcash will soon include having an otp in every purchase for load to avoid scams and it can be prevented.",feature_request,GCash,Google Play (Kaggle public dataset),4,2021-09-22T03:49:27.000Z,strict_rule_relabel,training
ewallet_02326,I can't open it on my other account. I can't log in the other. I can't receive the verification code,account_access_issue,GCash,Google Play (Kaggle public dataset),2,2020-04-20T09:27:57.000Z,strict_rule_relabel,training
ewallet_02327,"My bank transfer is delayed. I have to wait 5 working days to complete the bank validation. Up to now,, I do not know whaf happened to my money.",transfer_issue,GCash,Google Play (Kaggle public dataset),1,2022-10-08T09:21:54.000Z,strict_rule_relabel,training
ewallet_02328,"Hello Gcash, It seems that the latest update for Gcash always have an error.. I can't log in to my Gcash App..",account_access_issue,GCash,Google Play (Kaggle public dataset),5,2020-04-21T01:45:28.000Z,strict_rule_relabel,training
ewallet_02329,Gcash for me is amazing specially when it comes to transfer of funds immediately without delaying. How I wish that the services to their customer is up to date and more important when it comes to fund transfer error. They can correct urgently such kind of cases.,transfer_issue,GCash,Google Play (Kaggle public dataset),5,2022-10-08T15:26:37.000Z,strict_rule_relabel,training
ewallet_02332,"I always have a smooth transaction with this app. But now, I am very frustrated with the service. I am still waiting for the refund that you promised will only take 2 business days. You're are not contactable via call and I already sent multiple tickets since May 24 regarding the issue. It's very inconvenient since we have bills to pay here.",payment_failure,GCash,Google Play (Kaggle public dataset),1,2022-05-28T06:04:16.000Z,strict_rule_relabel,training
ewallet_02334,Can you fix your stupid transaction process? Your fckng app just charged me twice for a single transaction. Fix this stupid sht,payment_failure,GCash,Google Play (Kaggle public dataset),1,2022-05-28T09:46:12.000Z,strict_rule_relabel,training
ewallet_02335,"Edit: Was able to log in after two hours. I received a maintenance notice after the review. Uninstalled and reinstalled app. Worked like magic. Previous: What a frustrating experience. You can't log in and enjoy the services without having to go through so many errors. Even when you reach out to the help desk, maintenance/fix don't seem to come any sooner. If the common issues have been going on for weeks, I don't think I'd be able to use the app.",account_access_issue,GCash,Google Play (Kaggle public dataset),2,2020-04-21T02:49:04.000Z,strict_rule_relabel,training
ewallet_02340,"Bad customer service. Money got deducted even after receiving an error to try again TWICE. contacted customer service and they informed they will refund the money after 2 days , 2 days later ticket closed and even sent a SURVEY EMAIL even though the money is not yet returned.",payment_failure,GCash,Google Play (Kaggle public dataset),1,2022-05-29T14:09:06.000Z,strict_rule_relabel,training
ewallet_02341,"if you experienced of logging in and can't open your gcash app, just go to google play store and click unstall, then click again open. this time your gcash app will not appear on your app board but you can open it again on play store. hope you got my suggestion i learned from my son.",feature_request,GCash,Google Play (Kaggle public dataset),5,2021-09-30T01:18:19.000Z,strict_rule_relabel,training
ewallet_02343,"i cannot log in after i registered an account, it asked me to change my pin but then it does not process.",account_access_issue,GCash,Google Play (Kaggle public dataset),1,2020-04-21T07:15:07.000Z,strict_rule_relabel,training
ewallet_02344,I cash in may money and update my gcash now my gcash is not working what kind of update is this? Can you'll fix this problem... BLLSHTTT UPDATE,transfer_issue,GCash,Google Play (Kaggle public dataset),1,2022-10-12T12:21:37.000Z,strict_rule_relabel,training
ewallet_02345,Can you add the ID school in your id requirements,feature_request,GCash,Google Play (Kaggle public dataset),1,2021-09-30T05:39:03.000Z,strict_rule_relabel,training
ewallet_02347,Please add student id so that I can fully verify my gcash account please. Thank you!,feature_request,GCash,Google Play (Kaggle public dataset),3,2021-09-30T09:31:15.000Z,strict_rule_relabel,training
ewallet_02348,"honestly no star, very slow process of Verification its more than 7 days, no updates until now, easy to cash in, but extremely hard to cash out, even in other transaction like villarica and cebuana this service/apps are always error.",transfer_issue,GCash,Google Play (Kaggle public dataset),1,2022-06-02T07:08:15.000Z,strict_rule_relabel,training
ewallet_02351,Please add google authenticator.,feature_request,GCash,Google Play (Kaggle public dataset),4,2021-09-30T10:52:30.000Z,strict_rule_relabel,training
ewallet_02352,Cash in not received deducted na sa bank ko.,transfer_issue,GCash,Google Play (Kaggle public dataset),1,2022-10-14T03:52:56.000Z,strict_rule_relabel,training
ewallet_02353,"Why my balance is lost?? Im scared about this app.. Its not safe.. This is my first time losing my balance.. Based in my investigation,, im hack.. I lost my 1 thousand peso.. and its really sad.",security_concern,GCash,Google Play (Kaggle public dataset),3,2021-03-01T09:22:58.000Z,strict_rule_relabel,training
ewallet_02354,Can you please add an option 'Later' for update? It kinda delays payment cuz still gotta update.. Its kind of embarrassing during a transaction..,feature_request,GCash,Google Play (Kaggle public dataset),3,2021-10-01T03:37:31.000Z,strict_rule_relabel,training
ewallet_02358,Cant login into the app. So frustrating pls fix the issue,account_access_issue,GCash,Google Play (Kaggle public dataset),1,2020-04-21T07:55:59.000Z,strict_rule_relabel,training
ewallet_02359,"I am disappointed with gcash. First time I had a problem with gcash.When I needed to cash out my balance in gcash there was a problem. I don't know why, after I updated it, it suddenly didn't work.so i need to uninstall the app then install again.I'm a little nervous.Because there is money in it.Please fix this problem.",transfer_issue,GCash,Google Play (Kaggle public dataset),3,2022-10-14T13:54:22.000Z,strict_rule_relabel,training
ewallet_02360,Can you add something like selection type on message so that I can delete the spam message,feature_request,GCash,Google Play (Kaggle public dataset),4,2021-10-03T07:46:14.000Z,strict_rule_relabel,training
ewallet_02361,"Why the app disappeared in my cellphone and when I go to the playstore it has only ""uninstall"" option, I have funds that I need to transfer, please address this issue.",feature_request,GCash,Google Play (Kaggle public dataset),1,2022-10-15T05:56:55.000Z,strict_rule_relabel,training
ewallet_02363,Poor service. Nagfollow up ako ng problem regarding sa cash in issue. More than 1 week na wala parin balita. After ng update hindi na ako makapagcashin using my bank account at coins.,transfer_issue,GCash,Google Play (Kaggle public dataset),1,2022-10-17T03:33:43.000Z,strict_rule_relabel,training
ewallet_02366,"during 5pm onwards until morning i keep bumping to errors, i can't log in and keeo having issue with selling load, now i sent 2 emails under my name and my email and it's not reaolve still please fix this, this is getting frequent i didn't mind this before cause i am think you fixing it and still on process but it turns out it's already almost a year still same issue",account_access_issue,GCash,Google Play (Kaggle public dataset),2,2020-04-22T11:25:21.000Z,strict_rule_relabel,training
ewallet_02369,Why School Id's are not on the list. I Don't have any ID's yet cause i'm a minor can you please add student's id please,feature_request,GCash,Google Play (Kaggle public dataset),1,2021-10-05T12:34:30.000Z,strict_rule_relabel,training
ewallet_02371,"Don't download this , this is a scam I cash in on my account but I can't cashout It keeps saying that something went wrong deducting to your account , don't let them take your money just use coins.ph instead it's more reliable, Guess what I was able to just load it, it deducted my account but the load never arrived this app is a scam",transfer_issue,GCash,Google Play (Kaggle public dataset),1,2021-03-08T13:57:25.000Z,strict_rule_relabel,training
ewallet_02373,"What the hell is this? I always keep installing and re installing this app and it's still even keeps disappearing in my icon and directly going to app details?? In a case, I really need to cash in and buy my orders from a shopping apps but it's not working. Please fix this update right now.",transfer_issue,GCash,Google Play (Kaggle public dataset),1,2022-10-24T04:36:58.000Z,strict_rule_relabel,training
ewallet_02374,You need to bring back the cashback incentives...,feature_request,GCash,Google Play (Kaggle public dataset),1,2021-10-06T08:35:12.000Z,strict_rule_relabel,training
ewallet_02375,Balik nyo muna refund ko!!!!! Ang bilis nyo magdeduct tapos unsuccessful payment naman sa merchant na babayaran ko.,payment_failure,GCash,Google Play (Kaggle public dataset),1,2022-06-12T02:14:54.000Z,strict_rule_relabel,training
ewallet_02376,can't log in even though i have good internet connection,account_access_issue,GCash,Google Play (Kaggle public dataset),1,2020-04-22T12:29:32.000Z,strict_rule_relabel,training
ewallet_02377,The app is not working properly.. I was trying to send money then a pop up saying there's an error occured appear. Then i closed the app and open it again but it was already uninstalled on my phone.. But when i go to playstore it was still installed on my phone.. What is happening???,transfer_issue,GCash,Google Play (Kaggle public dataset),1,2022-10-27T10:48:42.000Z,strict_rule_relabel,training
ewallet_02379,"sa mqa qumaqamit po nq qcash dito baka pwede niyo naman po ako matulonqan sa gcash ko hindi po ako makapaq loq in hindi ko alam kong anong problema hindi ko rin po ma cash out yonq laman niya ,,sana matulonqan nyo po ako maraming salamat po ,,paki pm lanq po ako sa mesenqer ko ito po account ko ,, salamat po uli !! Renald Sabilao",transfer_issue,GCash,Google Play (Kaggle public dataset),5,2022-10-31T21:58:53.000Z,strict_rule_relabel,training
ewallet_02380,I got a problem in this app and i need help ASP it wont let me in!!!i got my money in there and I thought i was scammed It saids that we cant help you any further I can't go in Everytime i Put my MPIN its always said pls Blablabla a ticket pls help me ASP,account_access_issue,GCash,Google Play (Kaggle public dataset),2,2021-03-10T09:43:28.000Z,strict_rule_relabel,training
ewallet_02384,"instead of tickets, Please allow us to call. Some of us have issues with money for that needs resolution ASAP and your ticket system takes a lot of time to reply. I tried searching for your number but I can't find it. I'm not using a globe sim that made it more difficult",feature_request,GCash,Google Play (Kaggle public dataset),1,2021-10-08T08:36:43.000Z,strict_rule_relabel,training
ewallet_02386,Easy to send money but I got problem after the update it can't open..I did it over and over again still I failed to open,transfer_issue,GCash,Google Play (Kaggle public dataset),5,2022-11-08T09:08:15.000Z,strict_rule_relabel,training
ewallet_02388,I love this app! Please fix the issues. I couldn't pay using QR pay!,payment_failure,GCash,Google Play (Kaggle public dataset),2,2022-06-16T12:58:33.000Z,strict_rule_relabel,training
ewallet_02389,I can't log in even the apps is updated,account_access_issue,GCash,Google Play (Kaggle public dataset),3,2020-04-23T02:35:54.000Z,strict_rule_relabel,training
ewallet_02392,"Pls fix the problem og gcash,icant cash out.i finish up dating thus app.",transfer_issue,GCash,Google Play (Kaggle public dataset),5,2022-11-09T09:20:59.000Z,strict_rule_relabel,training
ewallet_02393,It's easy to access.. I hope there would be a free access in gcash when using smart simcard even there it has no load..,feature_request,GCash,Google Play (Kaggle public dataset),5,2021-10-09T04:42:51.000Z,strict_rule_relabel,training
ewallet_02394,"my account has been deducted but the transaction from google is unknown .please investigate this matter.we are losing money ,paying something we didnt purchase.my cousin and friend also has the same problem.they lose 1,500ph and 500ph as payment from google,but we ask google about it and they said its not from them.",payment_failure,GCash,Google Play (Kaggle public dataset),1,2022-06-18T11:55:06.000Z,strict_rule_relabel,training
ewallet_02395,i cant log in. i tried to reinstall. same problem.,account_access_issue,GCash,Google Play (Kaggle public dataset),1,2020-04-23T02:43:15.000Z,strict_rule_relabel,training
ewallet_02399,Have issues to send money to gcash to gcash it say check wallet balance before send it keeps popping like that even though I have balance in my gcash bcoz I just transfer money to my gcash via alipay.,transfer_issue,GCash,Google Play (Kaggle public dataset),3,2022-11-16T07:24:02.000Z,strict_rule_relabel,training
ewallet_02400,"It is complicated to use compared to the other app. If I may suggest, I hope you add an option wherein we can convert our prepaid load into gcash. Thank you",feature_request,GCash,Google Play (Kaggle public dataset),3,2021-10-10T09:47:57.000Z,strict_rule_relabel,training
ewallet_02401,"Gcash app is Very good for me to use because I can receive and send money but the problem is Always need to update,",transfer_issue,GCash,Google Play (Kaggle public dataset),1,2022-11-23T10:41:53.000Z,strict_rule_relabel,training
ewallet_02402,please bring back the old User Interface of Gcash Buy Load.. wherein we can type the specific amount of load.. its hard to find especially if you didn't know the network you'll be loading.. please bring it back or else i won't edit this review. thank you,feature_request,GCash,Google Play (Kaggle public dataset),1,2021-10-11T03:55:07.000Z,strict_rule_relabel,training
ewallet_02403,I always encounter error on pay QR Code scanning. I need to restart the app over and over until such time the camera will scan the code. Please fix this issue.,payment_failure,GCash,Google Play (Kaggle public dataset),1,2022-06-19T15:26:14.000Z,strict_rule_relabel,training
ewallet_02404,I cannot log in. I uninstalled then installed again. My gosh lisod kaayo.,account_access_issue,GCash,Google Play (Kaggle public dataset),1,2020-04-23T04:57:21.000Z,strict_rule_relabel,training
ewallet_02405,I use gcash long time and I cash in big amount to from my payooner account but now make me pissed coz I can't linked my payooner to gcash now always say integration with gcash is not available in your region!!!! My goodness I contacted payooner and they say my account already linked since February I need to contact gcash payooner said but when I contact gcash also said I need to contact payooner!!! can you please fixed my problem when I cash in big amount before u take fees a lot! Fixed it,transfer_issue,GCash,Google Play (Kaggle public dataset),2,2022-11-24T17:10:23.000Z,strict_rule_relabel,training
ewallet_02408,I cannot log in it always says there is a problem try again later. Ive been trying to log in for 2 days now. Fix it!,account_access_issue,GCash,Google Play (Kaggle public dataset),1,2020-04-23T05:13:11.000Z,strict_rule_relabel,training
ewallet_02409,Every time i send money this app. Having trouble and problem!!,transfer_issue,GCash,Google Play (Kaggle public dataset),1,2022-11-25T02:40:41.000Z,strict_rule_relabel,training
ewallet_02410,I've tried to send money but it always shows error message.,transfer_issue,GCash,Google Play (Kaggle public dataset),1,2022-11-25T05:41:03.000Z,strict_rule_relabel,training
ewallet_02411,"Tried paying for my bills, at first ot loads slowly. What comes next is that the transaction failed and I have to wait for an hour. What's going on?",payment_failure,GCash,Google Play (Kaggle public dataset),2,2022-06-27T07:00:22.000Z,strict_rule_relabel,training
ewallet_02413,it's working for quite sometime but now it's crashing and cannot open the app... uninstall for how many time and dl again but same problem. The help center is nonesense either. unfortunately I have cash in it...so now I'm pissed off.,transfer_issue,GCash,Google Play (Kaggle public dataset),1,2022-11-28T07:21:01.000Z,strict_rule_relabel,training
ewallet_02415,Too many maintenance. Can't log in so disappointed,account_access_issue,GCash,Google Play (Kaggle public dataset),3,2020-04-23T08:31:14.000Z,strict_rule_relabel,training
ewallet_02416,Issue where amount not updating upon cash in,transfer_issue,GCash,Google Play (Kaggle public dataset),1,2022-11-29T21:31:48.000Z,strict_rule_relabel,training
ewallet_02418,Can't cash in through PayPal.. always say error even if I'm in good connection.. pls fixed it..,transfer_issue,GCash,Google Play (Kaggle public dataset),2,2022-11-30T02:40:27.000Z,strict_rule_relabel,training
ewallet_02419,"1st, I doubt that i used this app, I think scam!! No time for this! When i tried this app i preferably to recommend and to used it, why? Bcoz this app change my routine interms of financial, everything is there cash out and in, no need to bring money just top and scan the QR code, used for payment methods, I used this app especially for paying my monthly bills like credit card, also buying what i need, easy access all the time whenever you are. Download now,",payment_failure,GCash,Google Play (Kaggle public dataset),5,2021-03-27T15:47:25.000Z,strict_rule_relabel,training
ewallet_02423,i have only tin id but none in the option please add tin id i verification process,feature_request,GCash,Google Play (Kaggle public dataset),2,2021-10-16T00:49:58.000Z,strict_rule_relabel,training
ewallet_02424,Encountered errors especially using QR code in supermarkets it takes too long to have reversals too scary to use sometimes thats why its not trusted to put huge money here.,payment_failure,GCash,Google Play (Kaggle public dataset),3,2022-07-04T02:42:59.000Z,strict_rule_relabel,training
ewallet_02427,I cannot log in there's an error LO011401,account_access_issue,GCash,Google Play (Kaggle public dataset),2,2020-04-24T10:29:37.000Z,strict_rule_relabel,training
ewallet_02428,It takes for me easy to send money and have load but the problem of this app is always updated all the time when l use it,transfer_issue,GCash,Google Play (Kaggle public dataset),4,2022-12-01T20:14:39.000Z,strict_rule_relabel,training
ewallet_02429,Please add school id as one of the id's for verification purposes. I hope you'll add it because I'm still a student and under 18 years old without any of the id that the current version of gcash requires. Thank you!,feature_request,GCash,Google Play (Kaggle public dataset),2,2021-10-16T13:21:15.000Z,strict_rule_relabel,training
ewallet_02430,I always have a problem with payment using scan QR code,payment_failure,GCash,Google Play (Kaggle public dataset),1,2022-07-04T10:07:48.000Z,strict_rule_relabel,training
ewallet_02431,Can't cash in. Error always pop up.,transfer_issue,GCash,Google Play (Kaggle public dataset),1,2022-12-01T23:58:42.000Z,strict_rule_relabel,training
ewallet_02433,what's your damn problem gcash why i can't send money,transfer_issue,GCash,Google Play (Kaggle public dataset),1,2022-12-02T01:24:22.000Z,strict_rule_relabel,training
ewallet_02434,These app never added available IDs for minors it said 7 years old 7 years old!!!!? Like minors others don't have passport I'd you should add more for verification like student ID,feature_request,GCash,Google Play (Kaggle public dataset),1,2021-10-18T14:06:01.000Z,strict_rule_relabel,training
ewallet_02437,"Since the latest update, I can't open my account anymore. The app would always prompt me to update even though it's already updated. It would only load endlessly. Gcash, please fix this. My money is still stuck in my account. I won't be able to transfer it or cash it out if I can't open the app itself.",transfer_issue,GCash,Google Play (Kaggle public dataset),1,2022-12-02T02:06:04.000Z,strict_rule_relabel,training
ewallet_02440,Cannot login even with the correct code,account_access_issue,GCash,Google Play (Kaggle public dataset),3,2020-04-24T14:53:30.000Z,strict_rule_relabel,training
ewallet_02441,3 star. Hopefully they will upgrade their security features like fingerprint scan can be standard and mpin can be set as options. Improvement your security on linked accounts. If I see improve security features. I will give you 5stars.,account_access_issue,GCash,Google Play (Kaggle public dataset),3,2021-03-31T12:09:39.000Z,strict_rule_relabel,training
ewallet_02443,"such a scam!!! after i cash in 3000+, they ask to verify the account in order to send that money, but during verification i always get pop up screen saying maximum attempt limit, eventhough it's my first try. then i sent ticket and they adviced me to try after 24hrs, after more than 2days i open the app again and still the same. it's frustrating.",transfer_issue,GCash,Google Play (Kaggle public dataset),1,2021-04-03T04:30:34.000Z,strict_rule_relabel,training
ewallet_02447,"Please bring back the custom amount of buying a load in the app. I need to load just a specific amount of Php83 for a subscription but there's no custom amount tab anymore, so I just load what's available like Php100. What should I do with the remaining Php16? Please bring back the custom amount tab.",feature_request,GCash,Google Play (Kaggle public dataset),4,2021-10-21T03:15:21.000Z,strict_rule_relabel,training
ewallet_02448,"I can't log in to my gcash account lately. It says ""Sorry it seems that you have reached the maximum number of log in attempts"". When I'm not. Can someone tell me what is going on?",account_access_issue,GCash,Google Play (Kaggle public dataset),1,2020-04-25T13:04:30.000Z,strict_rule_relabel,training
ewallet_02449,"Having hard time now doing bank transfer, always failed for 3 days now for BDO and BPI accounts. Grrrr.",transfer_issue,GCash,Google Play (Kaggle public dataset),1,2022-12-02T22:42:00.000Z,strict_rule_relabel,training
ewallet_02451,"I dont understand, i cant update the app so dissapointed please fix this problem i really need to update, so i can pay the bills",payment_failure,GCash,Google Play (Kaggle public dataset),1,2022-07-07T12:04:14.000Z,strict_rule_relabel,training
ewallet_02452,App keeps disappearing on my app gallery and it's annoying. I also submitted a ticket about other issue (PayPal cash in) and it's been 2 weeks and they still haven't resolved it yet.,transfer_issue,GCash,Google Play (Kaggle public dataset),2,2022-12-04T04:08:12.000Z,strict_rule_relabel,training
ewallet_02454,"PLS FIX delayed history on the app although i receive txt there is no means to me so the transaction is deleyed until tommorow and it was very serious . Push trough error. when you send money you can see the name first before you can actual send money , and if you see the name but cancel it , and try again later you will see error and this should not happening because you did not actually send money how it will push trough you just see the name",transfer_issue,GCash,Google Play (Kaggle public dataset),2,2022-12-04T05:52:57.000Z,strict_rule_relabel,training
ewallet_02455,I can't find the app on my phone it's missing. I need to cash out right now. I really need it,transfer_issue,GCash,Google Play (Kaggle public dataset),1,2022-12-04T08:43:15.000Z,strict_rule_relabel,training
ewallet_02456,"As of July 10, 2022, the app became unreliable after the update. Gsave takes a long time to load. Also experiencing issue w/ GCredit, in the past I can use it seamlessly never had issue. After the update paying products using Gcredit takes forever to load and today I bought items at supermarket my payment just floated and was not confirmed so I had to pay using my savings card. It's a hassle to use recently at the POS bec if I encounter payment delay issue I'll be holding the queue Embarrassing",payment_failure,GCash,Google Play (Kaggle public dataset),2,2022-07-10T11:14:06.000Z,strict_rule_relabel,training
ewallet_02458,Please add some ID for verification like student ID or Baranggay ID.,feature_request,GCash,Google Play (Kaggle public dataset),1,2021-10-24T01:55:52.000Z,strict_rule_relabel,training
ewallet_02459,Its really disappointing and frustrating ! After the app required me to update now I cant do transactions such us cash in / cash out . There is always an error message. How can I use my funds on my account if your app is not working. This is an inconvenience!! Now that I really need money and atm's are 20 mins away from my location. Fixed this!!,transfer_issue,GCash,Google Play (Kaggle public dataset),1,2022-12-06T04:51:35.000Z,strict_rule_relabel,training
ewallet_02461,Please add TIN ID to verify the account. Overall the app is so convenient and easy to use.,feature_request,GCash,Google Play (Kaggle public dataset),3,2021-10-24T12:37:15.000Z,strict_rule_relabel,training
ewallet_02468,Cant login. Error when logging in. Someone transfered my gcash to bpi and now i cant login on my account. Trash!!,account_access_issue,GCash,Google Play (Kaggle public dataset),1,2020-04-29T15:59:31.000Z,strict_rule_relabel,training
ewallet_02469,I still have issues logging in. I got stuck at the OTP verification. I have a pending cash out and I badly need my money. I did all the basic troubleshooting steps multiple times and it did not work. I already uninstall and reinstalled the app many times and still nothing happens. I don't have to beg you to help me coz it's my money at risk. Please fix it or else I will file a case.,transfer_issue,GCash,Google Play (Kaggle public dataset),1,2022-12-06T17:40:34.000Z,strict_rule_relabel,training
ewallet_02471,I tried to follow the instruction by uninstall and restalling yet problem still persist. I cannot log in my account.,account_access_issue,GCash,Google Play (Kaggle public dataset),3,2020-04-30T03:29:46.000Z,strict_rule_relabel,training
ewallet_02472,"Why is that during 15 and 30 always in maintainance just like now, my tito wants to send money to me but gcash is maintainance. My save up acc also been pending. Im starting to doubt about the app. :(",transfer_issue,GCash,Google Play (Kaggle public dataset),1,2022-12-06T20:51:43.000Z,strict_rule_relabel,training
ewallet_02473,"Please add suffix (i.e. Sr., Jr., II, III, IV) option on verification form. They are out of place when verified using IDs with last names first. Thanks.",feature_request,GCash,Google Play (Kaggle public dataset),2,2021-10-28T07:31:22.000Z,strict_rule_relabel,training
ewallet_02474,It's been a month and my issue with gcash hasn't been resolved. My issue is not able to cash in from paypal. I can't deposit to my CIMB account because of this. FIX YOUR SYSTEM.,transfer_issue,GCash,Google Play (Kaggle public dataset),1,2022-12-06T23:18:17.000Z,strict_rule_relabel,training
ewallet_02475,I love the service but the security and the customer service is suck. My gcash was hack. Even the hacker took 100 pesos only but still the application is not safe and until now no feedback at all about what happen why my account was hack. The most disappointing part my mpin is newly changed but it it hack my account.,security_concern,GCash,Google Play (Kaggle public dataset),1,2021-04-10T09:45:52.000Z,strict_rule_relabel,training
ewallet_02476,"Can you add student ID for gcash verfication? It is needed by the students for paying school fees, thank you",feature_request,GCash,Google Play (Kaggle public dataset),3,2021-10-30T04:22:18.000Z,strict_rule_relabel,training
ewallet_02477,I CAN'T LOG IN TO MY ACCOUNT YOUR HELP CENTER IS USELESS,account_access_issue,GCash,Google Play (Kaggle public dataset),1,2020-04-30T06:37:55.000Z,strict_rule_relabel,training
ewallet_02478,"The worst. I needed to withdraw my money, that's why I transferred it to my bank account. Then you guys sent me a msg saying that there might be a delay. Like why not inform me before I confirmed the transfer, I needed the money immediately, now youre making me wait like 3 days? Can't even speak with a HUMAN customer service for immediate concerns. Tickets takes 24 hours. What a joke.",transfer_issue,GCash,Google Play (Kaggle public dataset),1,2022-12-08T01:46:04.000Z,strict_rule_relabel,training
ewallet_02484,"It is easy to send money without any expecting a problem of day, time and hour expiration coz no time limit we can use Gcash, thanks a lot...keep us safe,,,",transfer_issue,GCash,Google Play (Kaggle public dataset),4,2022-12-09T10:27:55.000Z,strict_rule_relabel,training
ewallet_02485,Gcash is very reliable kaso hindi nag iincrease yung gscore kahit 3 years ko ng ginagamit to and sa dami ng transactions ko parang walang nag babago tapos sana ma improve nila yung refund process nila wherein ma cacancel nila ang payment ng isang user especially if it is within 24 hours andami ng scam ngayon and i think that would improve their features,payment_failure,GCash,Google Play (Kaggle public dataset),3,2021-04-11T03:36:03.000Z,strict_rule_relabel,training
ewallet_02489,Major issues with cash in transactions. Raised ticket doesn't help at all.,transfer_issue,GCash,Google Play (Kaggle public dataset),1,2022-12-13T07:07:15.000Z,strict_rule_relabel,training
ewallet_02490,"I can't verified my gcash account , why do you guys not considered the student id in here to help other student who have a work to have a savings in their gcash account.... Yeah it is easy to use but you guys need to improve your fully verified in gcash please include the student id.",feature_request,GCash,Google Play (Kaggle public dataset),1,2021-11-02T11:40:27.000Z,strict_rule_relabel,training
ewallet_02491,"I want to pay for the same biller but for a different transaction, but it keeps on getting errors. Please fix it.",payment_failure,GCash,Google Play (Kaggle public dataset),2,2022-07-18T16:11:09.000Z,strict_rule_relabel,training
ewallet_02492,Nahihirapan ako Mag log in. May problem ba ngayon ang Gcash? Puro reset your password. Please inform us and do something on this.,account_access_issue,GCash,Google Play (Kaggle public dataset),1,2020-04-30T11:37:50.000Z,strict_rule_relabel,training
ewallet_02493,"Everytime the apps getting an update, there's always an error. I can't cash in from paypal and no one replies to my concern.",transfer_issue,GCash,Google Play (Kaggle public dataset),2,2022-12-18T01:35:32.000Z,strict_rule_relabel,training
ewallet_02495,"Be careful with your failed withdrawal on Gsave. There's a bug where the transaction failed and you will receive a message message saying that it failed but your savings will be deducted and it won't be credited on the Gcash account. I already experienced this twice now, and I'm kinda thinking of withdrawing everything cause it's alarming.",transfer_issue,GCash,Google Play (Kaggle public dataset),4,2022-07-22T04:35:58.000Z,strict_rule_relabel,training
ewallet_02496,Transfer Fund Issues I had this fund transfer but no reply until now this is the 1st time happen to me using this apps...Its fearful to trust. Kindly gcash settle this issue the soonest.,transfer_issue,GCash,Google Play (Kaggle public dataset),1,2022-12-20T01:18:27.000Z,strict_rule_relabel,training
ewallet_02497,I REAALY LOVE THE APP BUT THE ONLY ONLY ONLY PROBLEM IS TO FULLY VERFIED MY GCASH ACCOUNT CAN YOU ADD A METHOD ON HOW TO MAKE OUR GCASH ACCOUNT TO BE FULLY VERYFIED CAN YOU MAKE THAT PLEASE,feature_request,GCash,Google Play (Kaggle public dataset),5,2021-11-03T03:10:08.000Z,strict_rule_relabel,training
ewallet_02499,"I can't fully verified cause i don't have a valid ID on the list, I'm a minor and villarica branch is to far on our barangay. I hope this can be fix and allow minor to verify in gcash app. More in working student like me",feature_request,GCash,Google Play (Kaggle public dataset),1,2021-11-03T04:33:32.000Z,strict_rule_relabel,training
ewallet_02500,"This app give me headache during paying bills they deducted my account even they transaction was failled ,help center was stupid,till now no refund",payment_failure,GCash,Google Play (Kaggle public dataset),4,2022-07-23T08:13:13.000Z,strict_rule_relabel,training
ewallet_02502,one of the most convenient ways to handle petty cash..please provide more spots to cash out though..,transfer_issue,GCash,Google Play (Kaggle public dataset),5,2021-11-04T03:26:22.000Z,strict_rule_relabel,training
ewallet_02504,I cant log in. Error always occur.,account_access_issue,GCash,Google Play (Kaggle public dataset),1,2020-04-30T16:50:18.000Z,strict_rule_relabel,training
ewallet_02507,Please provide dark mode option in all platforms. Thank you.,feature_request,GCash,Google Play (Kaggle public dataset),3,2021-11-04T21:23:24.000Z,strict_rule_relabel,training
ewallet_02511,GCASH SUPPORT IS NOWHERE TO BE FOUND. Your customers would like to interact with human beings support not ai techs that doesn't even give solutions to the said problem! Very disappointing most especially I was suppose to pay for my academic fees using gcash yet your system is messed up! How is that the efficient bank transfer your platform has been promoting? Was that just a false promise?,transfer_issue,GCash,Google Play (Kaggle public dataset),1,2022-07-25T02:55:11.000Z,strict_rule_relabel,training
ewallet_02512,"Great app, but there's a small problem which is that its not notifying you when you get a cash in your acc and you need to see it through the app",transfer_issue,GCash,Google Play (Kaggle public dataset),5,2023-01-02T03:12:02.000Z,strict_rule_relabel,training
ewallet_02513,Please bring back the option in buy load where we can put any amount. Pleease! Why change the process in loading if there's not even a probem. The update should be for the better. Please fix this!,feature_request,GCash,Google Play (Kaggle public dataset),2,2021-11-06T04:11:05.000Z,strict_rule_relabel,training
ewallet_02514,"!!!!!!!!!!!!!!!Please read my suggestion!!!!!!!!!!!!!!! Can you please turn back the cash load to normal? Because I can't load my Globe/TM sim. Please , don't make things getting harder to use, for users. So people will adore your app. Thank you.",feature_request,GCash,Google Play (Kaggle public dataset),3,2021-11-07T01:24:13.000Z,strict_rule_relabel,training
ewallet_02515,"Please update my home credit payment, bcoz you have no update, my due date coming soon to home credit, thanks. Please fix this app my bill payment can't update, but when i pay my bill the reply to me, say's your payment update withen 24 hrs, but until now no update, since july 27. so please fix this problem, update my payment",payment_failure,GCash,Google Play (Kaggle public dataset),5,2022-08-01T09:19:05.000Z,strict_rule_relabel,training
ewallet_02517,I don't recommend this new changes of this app.. Bank transfer always delayed took 1-2days to receive the money and not good for emergency!!!.Im done.,transfer_issue,GCash,Google Play (Kaggle public dataset),1,2023-01-05T22:37:49.000Z,strict_rule_relabel,training
ewallet_02519,I didn't receive my cash in money! Full of failure expirience i delete my gcash if my money can't retrieve!!!,transfer_issue,GCash,Google Play (Kaggle public dataset),1,2023-01-06T07:46:47.000Z,strict_rule_relabel,training
ewallet_02520,Hi gcash please include Crypto Currency in your platform thankyou,feature_request,GCash,Google Play (Kaggle public dataset),5,2021-11-09T01:02:30.000Z,strict_rule_relabel,training
ewallet_02521,"your money is not secured here...sometimes it is true but sometimes its a scam...i tried to buy load because of a rebate promo...guess what, they get the balance an i havent receive a load even the rebate...i report it to gcash care...but they didnt care at all its a fraud...again...your money is not secured here!!! pls dont trust this app with big amount of balance...they wont care for you if there are problems",security_concern,GCash,Google Play (Kaggle public dataset),4,2021-04-13T11:17:18.000Z,strict_rule_relabel,training
ewallet_02523,Hi. I have a problem po sa pag buy load. na minus sa transaction history pero di dumating yung load. 100 pesos pa naman yun . Sana marefund.,payment_failure,GCash,Google Play (Kaggle public dataset),3,2022-08-03T12:26:20.000Z,strict_rule_relabel,training
ewallet_02527,Good day. Where can we possibly trace fund transfer transaction that allegedly not received by the recepient? Its been almost 2 months now.,transfer_issue,GCash,Google Play (Kaggle public dataset),5,2023-01-11T23:50:37.000Z,strict_rule_relabel,training
ewallet_02528,Please allow me to make a payment.,feature_request,GCash,Google Play (Kaggle public dataset),5,2021-11-10T07:41:14.000Z,strict_rule_relabel,training
ewallet_02529,DO NOT DOWNLOAD! DON'T DOWNLOAD! WASTE OF TIME! i can't login. It required me to enter MPIN but when i register my phone number it didn't even let you put an MPIN b4 the registration! I've been trying for almost a year now and even change different numbers so i can register. But it's just the same! this app sucks!,account_access_issue,GCash,Google Play (Kaggle public dataset),1,2020-05-02T09:39:46.000Z,strict_rule_relabel,training
ewallet_02531,This update is so disappointing. I hope you bring back the load option where in you get to type how much load you want instead of of a systematic one.,feature_request,GCash,Google Play (Kaggle public dataset),1,2021-11-11T18:16:34.000Z,strict_rule_relabel,training
ewallet_02532,"Having a problem sometimes but it's ok ,,so very easy to cash in and cash out..hoping gcash is helpful to us",transfer_issue,GCash,Google Play (Kaggle public dataset),5,2023-01-19T13:07:11.000Z,strict_rule_relabel,training
ewallet_02533,Please include other I.D's like Barangay I.D etc...,feature_request,GCash,Google Play (Kaggle public dataset),1,2021-11-12T03:09:22.000Z,strict_rule_relabel,training
ewallet_02534,"What wrong in gcash app, I can't login it almost 3 days now. I used this to buy load for my internet and to pay bills, this app is really okay, but I don't understand now why it takes me too long to log in",payment_failure,GCash,Google Play (Kaggle public dataset),5,2020-05-03T05:22:22.000Z,strict_rule_relabel,training
ewallet_02535,"TERRIBLE I AM TRYING TO TRANSFER FROM PAYPAL TO GCASH, AND IT FAILED MULTIPLE YIMES ALREADY!! AND IT SO HARD TO GET AN AGENT THAT COULD ASSIST TO THIS!! IT STATES THAT MY ACCOUNT WASN'T LINKED ON MY PAYPAL, I CONTACTED PAYPAL ABOUT THIS AND THEY SAID THAT IT IS ALREADY LINKED.",transfer_issue,GCash,Google Play (Kaggle public dataset),1,2023-01-23T06:04:20.000Z,strict_rule_relabel,training
ewallet_02537,Omg first time in my life that i cash in money from my bpi to my gcash that is not credited instantly .Almost 1 day now still cash in is not credited to my g cash account. I cash in because i need the money and can be use instantly but gcash will credit until 2 to 3 days. Where is the initiative.?? I did not expect this situation.. So disappointing.. BPI deducted from my savings real time within a seconds.. And then G cash will credit 2 to 3 days... Gcash is only good for small transaction,transfer_issue,GCash,Google Play (Kaggle public dataset),1,2023-01-24T05:33:12.000Z,strict_rule_relabel,training
ewallet_02538,Good Morning! Suggestion kolang to sana pwede rin mag load ang Gcash sa mga G-sat ang Signal thank you..!,feature_request,GCash,Google Play (Kaggle public dataset),5,2021-11-15T02:25:19.000Z,strict_rule_relabel,training
ewallet_02539,My cashin via linked account was not credited to my wallet. Ticket number 66133896. Please help. 2882 is not reachable for non Globe user.,transfer_issue,GCash,Google Play (Kaggle public dataset),1,2023-01-28T01:02:02.000Z,strict_rule_relabel,training
ewallet_02540,I hope you'll bring back the option of validating our account using Student I.D. Thank you..,feature_request,GCash,Google Play (Kaggle public dataset),3,2021-11-15T06:16:16.000Z,strict_rule_relabel,training
ewallet_02541,"My PayPal is linked to my GCash, but I can't cash in. When I try, I get the error Sorry, your cash in via PayPal cannot be processed. Please re-link your PayPal account to your GCash account to be able to cash in again. For more information on re-linking visit the GCash Help Center. And when I relink it and cash in again, I still get the same error message. I already have a ticket and was told to wait for 48hrs. It's been 4 days, and I still don't have any update despite several follow-ups.",transfer_issue,GCash,Google Play (Kaggle public dataset),1,2023-01-28T06:52:54.000Z,strict_rule_relabel,training
ewallet_02543,The problem is why until now icant recieve my money when i cash in to gcash and difficult to used through gcash to cash alaway error and lock even completly reference no.huhu mygodness,transfer_issue,GCash,Google Play (Kaggle public dataset),4,2023-01-31T07:42:19.000Z,strict_rule_relabel,training
ewallet_02546,Please add a feature where i can link my gsave/cimb acct from old gcash account to my new one,feature_request,GCash,Google Play (Kaggle public dataset),4,2021-11-16T17:15:00.000Z,strict_rule_relabel,training
ewallet_02547,DELAY IN CASH IN!!!!!!,transfer_issue,GCash,Google Play (Kaggle public dataset),1,2023-02-02T03:26:20.000Z,strict_rule_relabel,training
ewallet_02549,I have sent ticket yesterday but I didn't get any feedbacks on status of issues till today .I didn't receive the money in Gcash thru bank transfer and I really need it urgently. I've been using this app since 2020 but the services are getting poorer. Help center is their only way of assistance you don't know where or how can you seek help if you needed most like banks or other apps that had offices. I'm beginning to think to transfer Bank apps that I can go if I have issues.,transfer_issue,GCash,Google Play (Kaggle public dataset),2,2023-02-02T07:26:56.000Z,strict_rule_relabel,training
ewallet_02550,Please include student i.d. for verification.,feature_request,GCash,Google Play (Kaggle public dataset),4,2021-11-19T07:37:40.000Z,strict_rule_relabel,training
ewallet_02554,"Always has a problem with OTP, and always unable to cash in with BPI. But in other E-wallet application I can easily transfer cash. Most problematic E-wallet in the Philippines.",transfer_issue,GCash,Google Play (Kaggle public dataset),1,2023-02-12T18:24:57.000Z,strict_rule_relabel,training
ewallet_02556,Not actually a review but more of a suggestion. Please add a feature where users can buy/sell cryptocurrency.,feature_request,GCash,Google Play (Kaggle public dataset),5,2021-11-21T01:20:38.000Z,strict_rule_relabel,training
ewallet_02558,What wrong with the latest update I cant log in it keeps prompting an error,account_access_issue,GCash,Google Play (Kaggle public dataset),2,2020-05-12T02:27:46.000Z,strict_rule_relabel,training
ewallet_02561,Hi! can you please add a gmail to create account because i don't have a sim and my sim is expired now i can't open my acc,feature_request,GCash,Google Play (Kaggle public dataset),2,2021-11-21T05:52:23.000Z,strict_rule_relabel,training
ewallet_02563,Camera function always failed that's why sometimes i cant use it for scanning the qr code,payment_failure,GCash,Google Play (Kaggle public dataset),2,2022-08-25T04:54:27.000Z,strict_rule_relabel,training
ewallet_02564,WTH I just can't login I just cash in just right now and now I CAN'T LOGIN!!!!!! I risk my safety just to go out and cash in and yet this is what I can get???? What the hell!,transfer_issue,GCash,Google Play (Kaggle public dataset),1,2020-05-12T03:18:21.000Z,strict_rule_relabel,training
ewallet_02565,Sucks everytime we process cash in always there is a problem cashing in from different convenient stores even at supermarket.,transfer_issue,GCash,Google Play (Kaggle public dataset),1,2023-02-27T11:56:59.000Z,strict_rule_relabel,training
ewallet_02566,"38K Ratings Fhayerie0406, 29/12/2018 It is starting to become pretty annoying Almost everything is smooth except for three things that i had experienced; the first one was i purchase a load amounting to 100 i received a text message that it was an error but gcash deducted the 100 on my balance and it never returned next i was trying to pay my electric bill through pelco2 and i keep on getting an error of invalid account number wherein last month my transaction went smoothly with the same comp",payment_failure,GCash,Google Play (Kaggle public dataset),3,2022-08-26T12:32:06.000Z,strict_rule_relabel,training
ewallet_02570,"The App is A SCAM , Yung Cash IN ng Anak ko wala pa 4 days na WALA parin, SCAMPANY talaga itong APP ,Useless service, they dont deserve any star at all.",transfer_issue,GCash,Google Play (Kaggle public dataset),1,2021-05-06T03:14:26.000Z,strict_rule_relabel,training
ewallet_02571,"When buying load sometimes the receiver don't get the load, but gcash didn't return the buy load transaction when it failed to receive, I just want to say I need a refund",payment_failure,GCash,Google Play (Kaggle public dataset),1,2022-08-31T00:31:13.000Z,strict_rule_relabel,training
ewallet_02572,Gcash to bank transfer issue please fix!,transfer_issue,GCash,Google Play (Kaggle public dataset),2,2023-03-03T01:28:03.000Z,strict_rule_relabel,training
ewallet_02574,I cashed in thru Western Union earlier this afternoon but I did not get my money. They said that it was already been paid to my gcash account and they told me to contact Gcash since the problem is on their end. I am really frustrated right now! That's my only money in this desperate time. I want my money back and I hope this will be resolved the soonest.,feature_request,GCash,Google Play (Kaggle public dataset),1,2020-05-13T05:58:58.000Z,strict_rule_relabel,training
ewallet_02575,"disappointing!, everytime i open the app it says"" something went wrong""LATER TRY AGAIN and when i click the try again its PROCESSING for 1 day until i turn off and open my phone then thats the time the app will open,if u need to cash out for an emmergency this app can't be trusted... theres no problem with my connection coz the signal is execellent.",transfer_issue,GCash,Google Play (Kaggle public dataset),1,2023-03-03T04:31:31.000Z,strict_rule_relabel,training
ewallet_02576,Paid bills but no notification if payment went thru.. got an error message but was deducted.,payment_failure,GCash,Google Play (Kaggle public dataset),1,2022-08-31T23:29:19.000Z,strict_rule_relabel,training
ewallet_02577,hi gcash kindly return my money now.i badly need it....kindly reverse your error now please .i transfer money from gcash to unionbank.i didnt receive email confirmation and it didnt show in my transaction history..please help,transfer_issue,GCash,Google Play (Kaggle public dataset),1,2023-03-06T04:54:03.000Z,strict_rule_relabel,training
ewallet_02578,"Unable to make payment to Meralco, very slow response from portal Customer Service re delayed debit response at merchant site, very long wait time to hotline.",payment_failure,GCash,Google Play (Kaggle public dataset),1,2022-09-01T00:59:55.000Z,strict_rule_relabel,training
ewallet_02579,ang tagal nyo magfix ng bank transfer issues nyo.,transfer_issue,GCash,Google Play (Kaggle public dataset),1,2023-03-07T03:47:53.000Z,strict_rule_relabel,training
ewallet_02580,"Hi GCash developer just wanted to say this is so cool, more convinient and so easy tool when it comes to emergency online transactions & I love it and what I wanted to suggest please include top up for Loads so that we can easily make our unused load go to Gcash instead of wasting since this is Globe and Tm powered app more people will use Globe and Tm if you make it easier for people to top their extra load useful and make it more easier when financial struggles triggers ""Just Load & top it up""",feature_request,GCash,Google Play (Kaggle public dataset),5,2021-11-24T15:06:35.000Z,strict_rule_relabel,training
ewallet_02581,"App is very convenient to use. However, I noticed that my linked bpi account automatically unlinked every time theres an update. My bpi mobile account was also locked due to multiple erroneous password attempts.",account_access_issue,GCash,Google Play (Kaggle public dataset),2,2020-05-14T14:34:46.000Z,strict_rule_relabel,training
ewallet_02585,So many errors.. nakakabwisit na app. Kung kelan kelangan ng mag cash out saka may we'll be back later! Fix this problem please lang nakaka badtrip kayo!,transfer_issue,GCash,Google Play (Kaggle public dataset),3,2023-03-08T10:23:11.000Z,strict_rule_relabel,training
ewallet_02586,SANA KUNG GAANO KABILIS ANG CASH IN GANUN DIN CUSTOMER SERVICES NYO. EDI SANA NAHUHULI MGA SCAMMER NGAYON. BULOK,transfer_issue,GCash,Google Play (Kaggle public dataset),1,2021-05-10T11:44:09.000Z,strict_rule_relabel,training
ewallet_02589,i cant log in there is always a problem when i put my authintication code plss fix it,account_access_issue,GCash,Google Play (Kaggle public dataset),1,2020-05-15T06:49:12.000Z,strict_rule_relabel,training
ewallet_02591,Please add more ID options for your verification.,feature_request,GCash,Google Play (Kaggle public dataset),3,2021-11-28T10:09:34.000Z,strict_rule_relabel,training
ewallet_02594,The problem is when I send money it's always say something went wrong even everything is okay!,transfer_issue,GCash,Google Play (Kaggle public dataset),1,2023-03-15T14:41:20.000Z,strict_rule_relabel,training
ewallet_02595,Please allow me to get into the app w/o updating to the latest version (esp if the version isn't even worthy enough to be updated to),feature_request,GCash,Google Play (Kaggle public dataset),1,2021-11-29T07:23:36.000Z,strict_rule_relabel,training
ewallet_02596,Cannot log in to account even f my MPIN is correct.,account_access_issue,GCash,Google Play (Kaggle public dataset),1,2020-05-16T12:04:26.000Z,strict_rule_relabel,training
ewallet_02597,Frequently having issues doing cash in with my bank. Very time consuming.,transfer_issue,GCash,Google Play (Kaggle public dataset),1,2023-03-16T11:17:13.000Z,strict_rule_relabel,training
ewallet_02598,BEEP CARD please add a feature which we can use to load our beep cards. Thank you!,feature_request,GCash,Google Play (Kaggle public dataset),5,2021-11-29T09:25:40.000Z,strict_rule_relabel,training
ewallet_02599,It's good but I hope student's ID would also be an option for verification.,feature_request,GCash,Google Play (Kaggle public dataset),3,2021-12-01T12:29:34.000Z,strict_rule_relabel,training
ewallet_02600,I can't scan the qr codes so i can't pay my bills online a error message will appear if i try to capture the qr code,payment_failure,GCash,Google Play (Kaggle public dataset),1,2022-09-04T23:40:09.000Z,strict_rule_relabel,training
ewallet_02603,I can't access my account. I've changed my password for how many times but till now i can't open it. So disappointed. Tsk,account_access_issue,GCash,Google Play (Kaggle public dataset),1,2020-05-18T01:13:27.000Z,strict_rule_relabel,training
ewallet_02607,Almost a week now and my issue with cash in through moneygram is not yet resolve. I am sure you know what's going on with your system. My money isn't in my account yet. I have other transaction that needs to address. It would be good if you can fix or do something about this asap? I will write a review again soon once it's settled.,transfer_issue,GCash,Google Play (Kaggle public dataset),1,2023-03-19T02:54:43.000Z,strict_rule_relabel,training
ewallet_02610,Please add a feature when you can create GCash account using Email account. This is for those who don't have a phone number.,feature_request,GCash,Google Play (Kaggle public dataset),1,2021-12-04T05:54:42.000Z,strict_rule_relabel,training
ewallet_02611,Unable to refund I sent a load to my friend but he wasn't received the regular load since i accidentally clicked the TM option and his phone number belong to TNT then then i received a message saying it's system issue from gcash it say it will be refunded within the next 48 huors then till right now I didn't receive anything Frustrating that have that option what if many user accidentally choose wrong sim provider it's very slow to refund since it's no successful transaction if Fix this issue,payment_failure,GCash,Google Play (Kaggle public dataset),1,2022-09-07T03:35:27.000Z,strict_rule_relabel,training
ewallet_02612,"Bank transfer always delay to 3-5 bussiness days, so dismayed.",transfer_issue,GCash,Google Play (Kaggle public dataset),5,2023-03-19T09:42:05.000Z,strict_rule_relabel,training
ewallet_02614,"1 star only, this is so very disappointed apps. I cash in more than 1k, but when I'm trying to cash out it, it's always have a problem like opps you done have enough balance. Then after that in the morning when I open it my money is missing, almost more than 1k is missing there's no confirmation that I cash out it",transfer_issue,GCash,Google Play (Kaggle public dataset),1,2023-03-22T12:36:46.000Z,strict_rule_relabel,training
ewallet_02615,"Please allow tin ID for verification.thank you,thats the only id i have. Dapat may iba pang way marecover Ang gcash kc kapag nawala n Ang orig number,NG hirap ng mkuha ulit",feature_request,GCash,Google Play (Kaggle public dataset),5,2021-12-05T05:03:39.000Z,strict_rule_relabel,training
ewallet_02616,I don't know how to reach out to you your messenger is down and I've already logged a ticket yesterday about my failed transaction (cash-in from a linked bank) but still no avail no respond or anything so i'm sending a review hoping to get your attention about this failed transaction. I will change my review once this issue is resolved because so far your service is good except for this one failed transaction. Update: Issue resolved but it takes several days,transfer_issue,GCash,Google Play (Kaggle public dataset),3,2022-09-08T01:08:02.000Z,strict_rule_relabel,training
ewallet_02617,My problem still not yet fix! How come it will transfer to other bank destination with wrong account number and didn't check clearly,transfer_issue,GCash,Google Play (Kaggle public dataset),1,2023-03-23T07:44:53.000Z,strict_rule_relabel,training
ewallet_02618,"1.) Cash-in fee is too much. Convenience fee of 1% plus another 2% if it exceeds 8k cash in? I suggest for people to just set up your bank online app. would only cost you 15-25 pesos for money transfer app to app and 50 pesos for deposit. losing more money here than saving ngl. 2.) Logging in is too scuffed would alway bug out. 3.) A lot of scams are using gcash app. relatives got scammed. Not much back up from gc, verification is scuffed. need to strengthen ID and verification of individuals",transfer_issue,GCash,Google Play (Kaggle public dataset),1,2021-05-18T04:22:46.000Z,strict_rule_relabel,training
ewallet_02619,I hope you add students i.d on the options lol,feature_request,GCash,Google Play (Kaggle public dataset),2,2021-12-05T06:07:08.000Z,strict_rule_relabel,training
ewallet_02620,What happen to gcash i can't open my gcash account i have money too cash out please can you fix this problem asap,transfer_issue,GCash,Google Play (Kaggle public dataset),1,2023-03-27T10:45:38.000Z,strict_rule_relabel,training
ewallet_02623,I can't verify my email. Gcash said they already sent a verification code to my email but I haven't received any or about 5-6hrs before I received the virification code.,account_access_issue,GCash,Google Play (Kaggle public dataset),2,2020-05-21T23:56:22.000Z,strict_rule_relabel,training
ewallet_02624,"After an update, I can't open my account. Nag 'Authentication failed' lang siya. Need pa naman namen ma cash out yung laman nung account. Hassle.",transfer_issue,GCash,Google Play (Kaggle public dataset),1,2023-03-31T09:30:09.000Z,strict_rule_relabel,training
ewallet_02627,"PLEASE INCLUDE STUDENT ID. I ALREADY SUBMITTED TICKETS TWICE BUT STILL NO PROGRESS. PLEASE INCLUDE IT, IT WILL HELP STUDENTS LIKE ME TO PAY FOR SCHOOL PURPOSES.",feature_request,GCash,Google Play (Kaggle public dataset),3,2021-12-07T06:22:41.000Z,strict_rule_relabel,training
ewallet_02628,the buy load is never loadeding it just shows white screen with blue thing on the top also the qr code scanning is not working it says camera initialization failed,payment_failure,GCash,Google Play (Kaggle public dataset),1,2022-09-10T13:24:18.000Z,strict_rule_relabel,training
ewallet_02631,i cash in but i didnt received money so poor... the system so long to fix the issue 1 to 3 days working days before your concern being answered!,transfer_issue,GCash,Google Play (Kaggle public dataset),1,2023-04-03T04:30:49.000Z,strict_rule_relabel,training
ewallet_02634,"Don't allow to download this app In your phone. Because the issue is, I have a balance of this app but I cannot Cash out my balance on Gcash because of the longer verification that makes me annoy. The reason why I allow to download this app, for the purpose of getting allowance from my brother.",transfer_issue,GCash,Google Play (Kaggle public dataset),1,2023-04-04T22:47:22.000Z,strict_rule_relabel,training
ewallet_02639,so far it's nice and smooth the only problem when I don't have money to cash in,transfer_issue,GCash,Google Play (Kaggle public dataset),5,2023-04-13T05:13:37.000Z,strict_rule_relabel,training
ewallet_02640,u should add an offline feature to access gcash without internet,feature_request,GCash,Google Play (Kaggle public dataset),3,2021-12-09T07:19:34.000Z,strict_rule_relabel,training
ewallet_02644,I Can't verify my account using student id because only recommended id's are showing for option,feature_request,GCash,Google Play (Kaggle public dataset),3,2020-05-25T05:19:00.000Z,strict_rule_relabel,training
ewallet_02647,"i gave it 5 stars before, I came here to make it 1 star.I can't have my own QR CODE,it said error!",payment_failure,GCash,Google Play (Kaggle public dataset),1,2022-09-24T08:32:33.000Z,strict_rule_relabel,training
ewallet_02649,"I definitely love it. But please add ""permission to pay for this application"" because the last time it did, i didn't even want to pay the app and it got paid. I hope you add a permission first to pay. I hope you understand what i am saying.",feature_request,GCash,Google Play (Kaggle public dataset),4,2021-12-10T06:40:54.000Z,strict_rule_relabel,training
ewallet_02651,The face scanning is failing. I can't open my account. I can't cashout my money.,transfer_issue,GCash,Google Play (Kaggle public dataset),1,2023-05-07T03:12:58.000Z,strict_rule_relabel,training
ewallet_02653,"If I could rate this, it's going to be 0. They don't have rebates or vouchers like Maya. But most of all, they don't act upon transactions and charges that were deducted to your balance but the transaction actually failed. All they do is make delaying tactics saying the amount will be refunded after 48 hours but it's been a week and nothing was put back on my balance. I'm not using this app anymore.",payment_failure,GCash,Google Play (Kaggle public dataset),1,2022-09-24T23:11:35.000Z,strict_rule_relabel,training
ewallet_02655,"I got my salary from food panda today 6/1/21, and I transferred P2,020 to my AUB paycard thru money bank transfer of this app, and then I tried to withdraw the P2000 in my AUB pay card and I'm shocked that I cannot withdraw the 2k, I decided to balance inquire to see what's the problem, but the problem is I saw my ATM balance and clearly shows that only 1,848.42 is the remaining balance. Gcash, do you have an idea what's happening In your app? If this is not a scam please reply and check.",transfer_issue,GCash,Google Play (Kaggle public dataset),1,2021-06-01T10:33:21.000Z,strict_rule_relabel,training
ewallet_02657,"Right now error in paying bills.. something went wrong.. I pay two bills right now.. If these happens in other they pay multiple, I'm sure of that.. Likewise I go back and see my balance and already deduct to my account..",payment_failure,GCash,Google Play (Kaggle public dataset),3,2022-09-30T12:29:32.000Z,strict_rule_relabel,training
ewallet_02658,Can you add a delete all for the inbox please,feature_request,GCash,Google Play (Kaggle public dataset),5,2021-12-10T20:40:07.000Z,strict_rule_relabel,training
ewallet_02661,"This app has been very helpful for these past few years, but this month has been awful! I was charged twice for buying load. I got an error message saying that the load was not succesfully purchased that's why I re-purchased the load! Then when I checked my balance I was charged twice! Who the hell would buy a load twice for the same number?! This is unacceptable! Lousy app and poor resolution. My ticket was tagged as solved tf!",payment_failure,GCash,Google Play (Kaggle public dataset),1,2022-10-06T10:40:06.000Z,strict_rule_relabel,training
ewallet_02663,It would be better if we can open this app wothout an internet. And using a messenger to use for loading.. Hope it can fix it before chrismas.. Thank you for fixing.. i hope there is loading also in messenger,feature_request,GCash,Google Play (Kaggle public dataset),3,2021-12-12T01:57:13.000Z,strict_rule_relabel,training
ewallet_02664,I cant create a QR CODE it always said there seems to be a problem please fix it so i can get money to others people's,payment_failure,GCash,Google Play (Kaggle public dataset),3,2022-10-07T17:08:26.000Z,strict_rule_relabel,training
ewallet_02665,I registered my new number to get a new account and tried to verify it but it's been 4 days and gcash haven't verified my account yet. I submitted a ticket everyday but they just keep saying due to unexpected volume of applications my account will have a delay of approval. I already cashin in my new account now I can't cash it out because it's not yet verified,transfer_issue,GCash,Google Play (Kaggle public dataset),1,2023-05-10T03:25:01.000Z,strict_rule_relabel,training
ewallet_02666,Bad experience. Yesterday was the worst by far with all the missing/stolen money and today Bank Transfer was accessible but only displayed Google Ads. Took a few opens and close to actually display the bank transfer options. So scary and buggy with sudden maintenance page closing the app (even before the indicident yesterday). Many times without any announcement they will show under maintenance screen and you cannot use the app. No sense of formality with their clients they only want your money.,transfer_issue,GCash,Google Play (Kaggle public dataset),1,2023-05-10T03:38:48.000Z,strict_rule_relabel,training
ewallet_02667,One star only might change it to 5 star if ever my suggestion will be approve . I suggest to give the user an option to update because like me a data user hardly update due to poor signal also if it is emergency I can't use the app right away. Hoping for your positive action or step regarding my problem . Thank you,feature_request,GCash,Google Play (Kaggle public dataset),1,2021-12-13T12:01:45.000Z,strict_rule_relabel,training
ewallet_02668,The Bank Transfer Tab is not working... I will give you a 5 star rating if you fix this NOW!!!!!!,transfer_issue,GCash,Google Play (Kaggle public dataset),1,2023-05-10T04:00:44.000Z,strict_rule_relabel,training
ewallet_02670,"My friend send money on my gcash, but never come and the problem is already deducted on his account.",transfer_issue,GCash,Google Play (Kaggle public dataset),1,2023-05-10T19:01:12.000Z,strict_rule_relabel,training
ewallet_02671,"GCASH NO LONGER REFUND IF YOU GOT SCAMMED. CUSTOMER SUPPORT IS USELESS. Pinaganda nga yung User Experience sa App, basura naman yung maeexperience mo sa CS nila. They all have access sa personal informations natin and yet di nila mastop ang mga scammers. Kaya nga siguro sila ang gamit sa sabong kasi illegal na ang sinusuportahan ni Gcash. Mas supportado nila ang illegal na sugal kesa huliin at panagutin sa batas ang mga scammers.",payment_failure,GCash,Google Play (Kaggle public dataset),1,2021-06-02T12:55:16.000Z,strict_rule_relabel,training
ewallet_02672,"I can't use the QR scanmer due to some camera utilization error bs. I tried searching the internet and there's no fix. Using the scan qr option, every single clear photos and even screenshot of the qr code won't even work. It always says ""photo is blurry, please try again"" bs. I'm stressed out of this new version, before it worked fine but now it's just bs. I can't even link my account to any transactions.",payment_failure,GCash,Google Play (Kaggle public dataset),1,2022-10-10T13:45:40.000Z,strict_rule_relabel,training
ewallet_02673,"It's hard to verify my account and it wastes my time, it took a couple of minutes just for a verification code but then results to an error.",account_access_issue,GCash,Google Play (Kaggle public dataset),1,2020-05-29T03:07:55.000Z,strict_rule_relabel,training
ewallet_02677,very convenient i hope that updating system would be more faster. it is getting more annoying the gcash app is always missing.,feature_request,GCash,Google Play (Kaggle public dataset),4,2021-12-15T03:03:10.000Z,strict_rule_relabel,training
ewallet_02678,"I can't open my Gcash app right now and I can't cash out my remaining money, please fix problem",transfer_issue,GCash,Google Play (Kaggle public dataset),1,2023-05-13T22:17:56.000Z,strict_rule_relabel,training
ewallet_02679,Unauthorized purchased was made to my account. I asked for a refund but no one from gcash responded to it.,payment_failure,GCash,Google Play (Kaggle public dataset),1,2021-06-03T06:47:29.000Z,strict_rule_relabel,training
ewallet_02681,Having problems with cash in from Paypal t Gcash and submitted two tickets and still no resolution,transfer_issue,GCash,Google Play (Kaggle public dataset),2,2023-05-14T16:27:17.000Z,strict_rule_relabel,training
ewallet_02682,Please bring back the Student I.D feature,feature_request,GCash,Google Play (Kaggle public dataset),2,2021-12-16T08:33:48.000Z,strict_rule_relabel,training
ewallet_02685,"Please bring back the student Id in verification process a lots of working student like me who have never have those id's are using gcash, we need to get verified before we can send transactions with our clients. If you bring it back, I will rate it five stars.",feature_request,GCash,Google Play (Kaggle public dataset),1,2021-12-17T02:34:22.000Z,strict_rule_relabel,training
ewallet_02687,"Hi!good pm poh..nagfundtransfer Ako noong May 1,2023 (gcash to card bank),kso ngtxt si gcash n delay daw Po Ang aking fund transfer..Ang sb mgintay daw Ako Ng 3-5 days once the validation is completed.kso nklmaps n Ang 5 days Wala prin napasok s banko n pinashan ko at Wala nmn nblik s gcash account ko.Ngpasa Ako Ng ticket sa gcash app,nireplyn nila Ako knina Ang sb bumalik n daw Po sa gcash account ko ung pera,pero nang mgcheck Ako Wala prin nmn Po npasok s gcash account ko.anu Po kaya ggwin ko?",transfer_issue,GCash,Google Play (Kaggle public dataset),1,2023-05-16T13:55:20.000Z,strict_rule_relabel,training
ewallet_02688,this is a good app but can you please add Student ID for verification,feature_request,GCash,Google Play (Kaggle public dataset),3,2021-12-19T06:55:22.000Z,strict_rule_relabel,training
ewallet_02689,"The updated version of this application caused problems to us. Kindly resolve this issue right now. I attempted to pay my bills, but it keeps indicating an error.",payment_failure,GCash,Google Play (Kaggle public dataset),1,2022-10-17T05:26:04.000Z,strict_rule_relabel,training
ewallet_02691,I have a suggestion GCash I would like to say something about the sim expiry and also part of Gmail accounts I've made so far cause I usually go back to Middle East every year and I usually end up getting my sim with my phone so yeah I can't use it but I wanna suggest that atleast improve your app like that I can switch Gmail account to my new sim number cause it really sucks just think about it having an expired sim then I can't use the old Gmail so I would make a new account again till redo,feature_request,GCash,Google Play (Kaggle public dataset),3,2021-12-20T11:52:23.000Z,strict_rule_relabel,training
ewallet_02693,Unable to verify my account email. The code they sent to my email for verification is 3 hours dalayed making it expired already. Tried to reach them from their customer support but it took 10 days for them to reply. I uninstalled the app.,account_access_issue,GCash,Google Play (Kaggle public dataset),1,2020-06-01T19:12:38.000Z,strict_rule_relabel,training
ewallet_02694,its very annoying face verifying was not recognize the user.and the sms not working to send money.why suddenly it is hard ti use your apps.pls fix this issue im not satisfy at all and im sure other user had some issues of your gcash apps..,transfer_issue,GCash,Google Play (Kaggle public dataset),1,2023-05-19T01:55:38.000Z,strict_rule_relabel,training
ewallet_02695,"The app is very nice. However, can u please add up some student id? I can't fully verified my account because i don't have those requirements. I'm only a student who want to save money.",feature_request,GCash,Google Play (Kaggle public dataset),3,2021-12-20T13:32:18.000Z,strict_rule_relabel,training
ewallet_02696,"Inconvenient when theres an error occur cannot by trusted for emergency, cant cashout",transfer_issue,GCash,Google Play (Kaggle public dataset),1,2023-05-22T05:59:08.000Z,strict_rule_relabel,training
ewallet_02697,"It's okay but hopefully they'll improve their user security from scams/fraudulent transactions, like the one in paypal.",security_concern,GCash,Google Play (Kaggle public dataset),3,2021-06-05T05:33:43.000Z,strict_rule_relabel,training
ewallet_02702,i wish you could add a student ID cuz i can't really use the money on my gcash acc i can't even send when i want to buy something so I suggest you to add student ID. thanks,feature_request,GCash,Google Play (Kaggle public dataset),2,2021-12-22T14:55:56.000Z,strict_rule_relabel,training
ewallet_02706,No chat agents to assist you regarding with problems and following up is too much hassle. Bank Transfer confirmation didn't went thru,transfer_issue,GCash,Google Play (Kaggle public dataset),1,2023-05-23T08:22:11.000Z,strict_rule_relabel,training
ewallet_02709,Please allow the students to use their School ID in Verifying Gcash Account.,feature_request,GCash,Google Play (Kaggle public dataset),1,2021-12-24T06:29:35.000Z,strict_rule_relabel,training
ewallet_02710,Everytime I try a bank transfer the transaction is not going through or working.,transfer_issue,GCash,Google Play (Kaggle public dataset),3,2022-10-24T23:39:05.000Z,strict_rule_relabel,training
ewallet_02711,I did a bank transfer last night and til now funds still not available..fix your issues you're a financial entity,transfer_issue,GCash,Google Play (Kaggle public dataset),1,2023-05-23T14:14:31.000Z,strict_rule_relabel,training
ewallet_02712,Please add the National ID in the ID category...,feature_request,GCash,Google Play (Kaggle public dataset),5,2021-12-24T08:39:45.000Z,strict_rule_relabel,training
ewallet_02713,What happen there's always showing that you have to update i cannot log in in my gcash ! What should i do?,account_access_issue,GCash,Google Play (Kaggle public dataset),3,2020-06-09T07:40:09.000Z,strict_rule_relabel,training
ewallet_02714,"What the hell, you took my money out and failed to transfer it to my bank account! You want me to create a ticket which i did twice already! and you never sent me any ticket number! Whenever i ask for help on you chat VA it would ask for a ticket number!!! This is so stupid!",transfer_issue,GCash,Google Play (Kaggle public dataset),1,2023-05-24T01:19:55.000Z,strict_rule_relabel,training
ewallet_02715,When I try to login to GCash there's a problem. Yung signal lang ba ang may problem? Please fix this I try for how many times i can't log in,account_access_issue,GCash,Google Play (Kaggle public dataset),1,2020-06-10T02:37:09.000Z,strict_rule_relabel,training
ewallet_02716,bank transfer issue until now not reflected on my bank account but was credited on my gcash account. No history of transaction and no email. ticket submitted but no reply.,transfer_issue,GCash,Google Play (Kaggle public dataset),1,2023-05-24T01:34:52.000Z,strict_rule_relabel,training
ewallet_02717,Too long to give refund after crediting unsuccessful transaction.,payment_failure,GCash,Google Play (Kaggle public dataset),1,2022-10-30T09:07:23.000Z,strict_rule_relabel,training
ewallet_02718,Tang ina mo gcash puro nalang problema diko ma cash out ang pera ko,transfer_issue,GCash,Google Play (Kaggle public dataset),1,2023-05-24T11:15:13.000Z,strict_rule_relabel,training
ewallet_02721,"Multiple issues everyday. Bank transfer has issues yet no warning was made. They said they'll return my money but it's been hours and I haven't received it. My money really is not safe here. I'll move to Maya once I settled my bills. This is frustrating! Update: Worst service! Submitted a ticket, got a reply. Does not have any commitment and did not send my money back at their promised time! I got bills to pay and mouths to feed! Took my money lightning fast but can't return it the same way!",transfer_issue,GCash,Google Play (Kaggle public dataset),1,2023-05-25T08:29:34.000Z,strict_rule_relabel,training
ewallet_02722,"Good app and useful, but there's a problem about Paypal my suggestion is remove the minimum of adding cash",feature_request,GCash,Google Play (Kaggle public dataset),2,2021-12-27T09:08:27.000Z,strict_rule_relabel,training
ewallet_02723,"Transaction failed everytime I try to do bills payment on ""Balibago Waterworks"".",payment_failure,GCash,Google Play (Kaggle public dataset),2,2022-11-09T01:58:13.000Z,strict_rule_relabel,training
ewallet_02724,Still verifying the account. Can't even cash out my money or transfer it. It is stuck on the Gcash app because the verification is taking forever.,transfer_issue,GCash,Google Play (Kaggle public dataset),1,2023-05-26T01:15:26.000Z,strict_rule_relabel,training
ewallet_02725,Please bring back the Government id option for verifying a gcash account. As a student we also need gcash and to be verify,feature_request,GCash,Google Play (Kaggle public dataset),2,2021-12-28T14:44:10.000Z,strict_rule_relabel,training
ewallet_02726,"It is good and widely known and accepted all over the ph. However, i wish we have rebates on purchasing as well as paying bills using it. ++ I would also love if you could add SAVE FOR A GOAL as we are making it as our savings account. ++ but most importantly, i wish we can hide our name and have an option to put our desire username / nicknames for extra security as it being used for donations etc.",feature_request,GCash,Google Play (Kaggle public dataset),4,2021-06-14T06:30:15.000Z,strict_rule_relabel,training
ewallet_02729,"Gcash request ko naman sana na mag update kayo, kasi andaming na scam sa app nyo, hindi pa matukoy kung sino lalo na sa mga buyer sa online. Sana gumawa po kayo Na pag nag send ng cash sa papadalhan bago mag Cash out yun pinadalhan is kaylangan muna ng confirmation sa Text na Type ""Confirm"" for free para Maibabalik pa yung pera incase na ma scam!",transfer_issue,GCash,Google Play (Kaggle public dataset),3,2021-06-14T09:43:59.000Z,strict_rule_relabel,training
ewallet_02731,"Your application is no longer that easy, do u still accept metrobank transfer? Its always failed ..",transfer_issue,GCash,Google Play (Kaggle public dataset),1,2023-05-27T04:51:56.000Z,strict_rule_relabel,training
ewallet_02734,Please add STUDENT I.D to get fully verified. It really needs.,feature_request,GCash,Google Play (Kaggle public dataset),2,2022-01-08T05:18:26.000Z,strict_rule_relabel,training
ewallet_02735,"Fast transaction, only issue is when it has system update and it would prompt whenever I need to access my account badly but I am on my data, not on my wifi and it is difficult to connect to the internet and worst, it won't open because system update is needed and I don't have the option to do it later always wrong timing. No option or prompt to do update lqterif wifi is available or on convenient time",feature_request,GCash,Google Play (Kaggle public dataset),3,2022-11-12T11:37:39.000Z,strict_rule_relabel,training
ewallet_02738,"If transfer to bank becomes delayed, it should be warned at the begining not after the transfer has been hit. Not recommended for bank transfer with realtime expectation.",transfer_issue,GCash,Google Play (Kaggle public dataset),1,2023-05-27T11:57:06.000Z,strict_rule_relabel,training
ewallet_02739,"Amazing app ! but I have a problem , Someone is using and I'd wish to see the number if who is using it please add a new update. Someone is using it on a LAME game please add a new update !!",feature_request,GCash,Google Play (Kaggle public dataset),4,2022-01-10T10:26:52.000Z,strict_rule_relabel,training
ewallet_02741,"It takes a lot of time to change your mpin, if you enter your mpin 3x incorrect you cannot log in again",account_access_issue,GCash,Google Play (Kaggle public dataset),3,2020-06-14T21:10:32.000Z,strict_rule_relabel,training
ewallet_02742,"kinda bad, well you see, you should add a student ID on the list because many students use this app too.",feature_request,GCash,Google Play (Kaggle public dataset),1,2022-01-10T12:18:14.000Z,strict_rule_relabel,training
ewallet_02743,Hello Gcash.I cannot Access my Gloan.I cant pay my balance because of this error.Please fix immediately.My balance always keep on interest.,payment_failure,GCash,Google Play (Kaggle public dataset),2,2022-11-15T08:46:25.000Z,strict_rule_relabel,training
ewallet_02744,Why it's not working I have money in here and I can't cash out it because of technical issues!!!!! Please fix it!!! I need my money!!!!!,transfer_issue,GCash,Google Play (Kaggle public dataset),1,2023-05-28T01:59:43.000Z,strict_rule_relabel,training
ewallet_02746,It's okay naman sana pero yung gives nyu via QR is d gumagana..stuck on blank screen kahit updated app ko..went to sm supermarket and I was so embarrassed that ggives payment did not got through..paki ayos po,payment_failure,GCash,Google Play (Kaggle public dataset),3,2022-11-16T09:50:19.000Z,strict_rule_relabel,training
ewallet_02747,very low when it comes to security because of limited password,account_access_issue,GCash,Google Play (Kaggle public dataset),3,2021-06-17T04:10:05.000Z,strict_rule_relabel,training
ewallet_02750,What happen to my gcash? Why I can't open it? Any suggestion how to fix?,feature_request,GCash,Google Play (Kaggle public dataset),2,2022-01-13T03:08:25.000Z,strict_rule_relabel,training
ewallet_02753,"I have been using this app for a few years, but this new update of instead of receiving an sms message about my transaction it will instead go to the messages in my gcash app, but I think there is a problem with this update cause when I try to pay online I could not receive any message for my authentication code hence I cannot proceed to my payment... Gcash please fix this.",payment_failure,GCash,Google Play (Kaggle public dataset),4,2022-11-18T05:29:21.000Z,strict_rule_relabel,training
ewallet_02754,"It's easier to use than other e-wallet apps. If I may suggest, maybe you should add a ""locking wallet"" system. It can help some people budget, like on a certain week they won't touch this amount of money for a certain duration.",feature_request,GCash,Google Play (Kaggle public dataset),5,2022-01-22T09:33:22.000Z,strict_rule_relabel,training
ewallet_02755,"To slow to fix the issue. Dapat may liability si gcash pag di pumasok cash in , pero successful sa ibang bank.",transfer_issue,GCash,Google Play (Kaggle public dataset),1,2023-06-01T14:11:26.000Z,strict_rule_relabel,training
ewallet_02758,Hope you include student id option,feature_request,GCash,Google Play (Kaggle public dataset),3,2022-01-23T02:08:21.000Z,strict_rule_relabel,training
ewallet_02759,I cannot use my Gloan and pay for my outstanding balance and someone from collection department is calling me that i should settle it. I only borrowed small amount of money but i cant pay it. The management should do something about this issue. I already sent my concern in gcash help center. Thanks,payment_failure,GCash,Google Play (Kaggle public dataset),3,2022-11-22T20:33:58.000Z,strict_rule_relabel,training
ewallet_02761,Hey fux the problem now. I send my money to money gram when i try to cash in it in gcast there is a problem .,transfer_issue,GCash,Google Play (Kaggle public dataset),2,2023-06-08T08:48:35.000Z,strict_rule_relabel,training
ewallet_02763,Please Add Covid-19 Vaccination Card to verified,feature_request,GCash,Google Play (Kaggle public dataset),5,2022-01-25T06:14:18.000Z,strict_rule_relabel,training
ewallet_02764,3rd times already that I cash in Tru western union and I didn't get the money..1st thing I wrote the wrong MTCN.but already processed but I didn't get the money..2nd because they limit the transaction in a week and I proceed they still processing the transaction but I failed to get the money and again the 3rd times because I back the processing but they still processing it and the money is gone for good..I'm a victim of this kind of corrupt auditor of the gcash..please CEO look ur staff thieves,transfer_issue,GCash,Google Play (Kaggle public dataset),5,2022-11-25T00:51:09.000Z,strict_rule_relabel,training
ewallet_02765,1 star because my money that I cash in here is not received my acc,transfer_issue,GCash,Google Play (Kaggle public dataset),1,2023-06-10T09:14:17.000Z,strict_rule_relabel,training
ewallet_02766,Gcash is so good app. I hope you allow college student id to get fully verified and allow gcash to open without data load.,feature_request,GCash,Google Play (Kaggle public dataset),4,2022-01-27T05:53:16.000Z,strict_rule_relabel,training
ewallet_02767,"Is there a problem on GCASH today? I am not able to send money, saying I do not have funds!?",transfer_issue,GCash,Google Play (Kaggle public dataset),1,2023-06-18T09:38:40.000Z,strict_rule_relabel,training
ewallet_02768,Maybe you should erase the app's non-responsiveness when not updated. You should allow the users to use it even when update is needed. You don't know when someone's in a rush you know.,feature_request,GCash,Google Play (Kaggle public dataset),1,2022-01-27T08:01:38.000Z,strict_rule_relabel,training
ewallet_02773,plss fix when using national id to verify it goes blur when scanning the back of the id it goes blur when the camera hit the QR code im pretty sure that is no problem with my phone camera it is on your system,payment_failure,GCash,Google Play (Kaggle public dataset),2,2022-11-28T07:10:23.000Z,strict_rule_relabel,training
ewallet_02774,Delayed sometimes i cant send or bank transfer,transfer_issue,GCash,Google Play (Kaggle public dataset),3,2023-06-26T00:44:56.000Z,strict_rule_relabel,training
ewallet_02776,"I want to complain this ""Verify"" i can't verify my gcash im using correct id type but its saying ""pls use correct id"" pass years im using gcash its easy to verify LOTS of id type to processes my verification.pls fix this problem i only have goverments id",account_access_issue,GCash,Google Play (Kaggle public dataset),2,2020-07-01T03:12:38.000Z,strict_rule_relabel,training
ewallet_02777,"My Cash In were not credited to my Gcash after deducting from my bank. If there's maintenance it should not take any transactions. Poor customer support, hard to reach and not reliable at all",transfer_issue,GCash,Google Play (Kaggle public dataset),1,2023-06-30T07:20:07.000Z,strict_rule_relabel,training
ewallet_02778,"This app is good. The only disadvantage of this app is that, the verification. A lot of students or minors like me nowadays have gcash and we're having problem in verifying our accounts since we don't have any id's except student ID. I hope they can add student ID so that us students/minors can verify our accounts with ease.",feature_request,GCash,Google Play (Kaggle public dataset),4,2022-02-03T01:46:02.000Z,strict_rule_relabel,training
ewallet_02779,express send and bills payment not working..ty,payment_failure,GCash,Google Play (Kaggle public dataset),1,2022-11-30T08:10:19.000Z,strict_rule_relabel,training
ewallet_02780,This app is problematic i cant send money now,transfer_issue,GCash,Google Play (Kaggle public dataset),1,2023-07-04T04:58:25.000Z,strict_rule_relabel,training
ewallet_02781,Very useful and reliable. thank you for giving me 2 credit lines which are very useful; Gcredit and Ggives. I hope I would be eligible very soon for GLoans,feature_request,GCash,Google Play (Kaggle public dataset),5,2022-02-03T07:00:25.000Z,strict_rule_relabel,training
ewallet_02782,"I don't know why you keep on updating the app but there's always nothing new, just more storage usage More issues: QR Code scan always crashes. It's always a hassle when paying through qr codes and it just suddenly won't respond.",payment_failure,GCash,Google Play (Kaggle public dataset),1,2022-11-30T08:54:38.000Z,strict_rule_relabel,training
ewallet_02785,Can't open my other g cash account which is very important to me for may bank transfer. Very unsatisfied pls fix the problem .. it's almost 4 days that I tried log in but still not receiving a otp why ...,transfer_issue,GCash,Google Play (Kaggle public dataset),1,2023-07-08T07:37:49.000Z,strict_rule_relabel,training
ewallet_02787,"It always crashes when I update the app!! I often can't open it when I'm about to pay at the cashier, it's frustrating especially when I'm in a hurry... I trusted this app but it always failed me because I use gcash for almost all my payment transactions, the developer of Gcash. .fix it please",payment_failure,GCash,Google Play (Kaggle public dataset),1,2022-11-30T14:08:59.000Z,strict_rule_relabel,training
ewallet_02789,QR code not working!,payment_failure,GCash,Google Play (Kaggle public dataset),1,2022-12-01T10:55:47.000Z,strict_rule_relabel,training
ewallet_02797,I like the app is fast to send money but the problem is every month their an updating it cause more and more bytes,transfer_issue,GCash,Google Play (Kaggle public dataset),4,2023-07-15T03:25:09.000Z,strict_rule_relabel,training
ewallet_02798,"Great App been using it for 3 years now. I only have one suggestion can you please add a feature where we can still use our Gcash account, manage our funds, and change our Gcash phone number by logging in using our registered email. Just in case our cellphone or sim got lost so no more hassle on getting new sim with the same number since there's many requirements needed. With the email option everything will be seamless since your platform have tons of features now.",feature_request,GCash,Google Play (Kaggle public dataset),5,2022-02-16T18:19:01.000Z,strict_rule_relabel,training
ewallet_02799,Fix the app. I can't log in.,account_access_issue,GCash,Google Play (Kaggle public dataset),1,2020-07-07T14:54:54.000Z,strict_rule_relabel,training
ewallet_02800,"It's a struggle to login, everytime I try to punch my mpin it fails and it says to troubleshoot or whatever. Using this app is such as hassle, difficult to login and even failed to transfer money as it always fail. If i can only give this app a 0 rating then I would. Fix the app's issues because it's causing a lot of inconvenience to the users.",account_access_issue,GCash,Google Play (Kaggle public dataset),1,2023-07-17T11:26:43.000Z,strict_rule_relabel,training
ewallet_02801,"I don't like this app because of this word of ""something wrong"" issues for my privacy but I never show my information to others? Never! I think this is scam! Globe I think I hate you now.... because of that very poor costumers service. And that's why I don't like it.",security_concern,GCash,Google Play (Kaggle public dataset),1,2021-07-24T01:32:40.000Z,strict_rule_relabel,training
ewallet_02802,WORST APP EVER! I Cannot verify! the camera is not working to any types of IDs or Passport. Thats why I cannot send money to anyone. Fix this GCASH!,transfer_issue,GCash,Google Play (Kaggle public dataset),1,2020-07-08T09:48:39.000Z,strict_rule_relabel,training
ewallet_02804,"Cash in issue,",transfer_issue,GCash,Google Play (Kaggle public dataset),1,2023-07-20T04:38:51.000Z,strict_rule_relabel,training
ewallet_02806,Please add games,feature_request,GCash,Google Play (Kaggle public dataset),5,2022-02-23T19:06:14.000Z,strict_rule_relabel,training
ewallet_02809,This app is so confusing because i forgot my mpin and i went to the help center but the steps are confusing it didnt let me go to security question when i sent a code,account_access_issue,GCash,Google Play (Kaggle public dataset),1,2021-07-28T12:24:06.000Z,strict_rule_relabel,training
ewallet_02810,"2 stars only, becuase verifation takes so long and It's hard to get verified. Please add student ID.",feature_request,GCash,Google Play (Kaggle public dataset),2,2022-02-25T02:05:04.000Z,strict_rule_relabel,training
ewallet_02813,Why cant i cash in using paypal? is this a temporary problem?,transfer_issue,GCash,Google Play (Kaggle public dataset),2,2023-07-26T08:36:40.000Z,strict_rule_relabel,training
ewallet_02814,ok so subrang bs na ng gcash ngaun first of all walang silbi ang verification assistance second walang silbing costumer support third walang silbing authentication pag mag sign in seryoso its been almost 15 mins mag lologin lang ako haha forth andaming ng complains and stuff here pero ano dedma gcash?bwuahahahahaha tapos fifth na wala akong kinalaman pero im concern about dun sa mga na lock out and hnd na na retrieve funds nila so ano garapal na scammer ang peg?pag cash in speed cash out deadma!,transfer_issue,GCash,Google Play (Kaggle public dataset),1,2021-07-29T14:46:50.000Z,strict_rule_relabel,training
ewallet_02815,laggy sa android 6.0. qr code payment error: Camera initialization error,payment_failure,GCash,Google Play (Kaggle public dataset),1,2022-12-03T01:18:09.000Z,strict_rule_relabel,training
ewallet_02818,"As of now, your app does not work saying that you are working with something. Please let us now as a user so we can be prepared because some of us just like me are very dependent to this app because my allowance is in these app. Please announce to us before the issue so we can be prepared and cash out our money immediately. Just make sure that our funds will be the exactly amount after these issue. I'm very dissppointed in these app. There's so many issue that I encounter so far.",transfer_issue,GCash,Google Play (Kaggle public dataset),1,2023-07-27T06:59:55.000Z,strict_rule_relabel,training
ewallet_02821,"Not bad, but over delay for cash in big amount",transfer_issue,GCash,Google Play (Kaggle public dataset),4,2023-07-27T18:07:34.000Z,strict_rule_relabel,training
ewallet_02822,Can you please add Student ID for us to verified our account.,feature_request,GCash,Google Play (Kaggle public dataset),3,2022-03-02T10:30:04.000Z,strict_rule_relabel,training
ewallet_02823,Always receive an error when trying to cashin using BPI.,transfer_issue,GCash,Google Play (Kaggle public dataset),1,2023-07-28T23:37:14.000Z,strict_rule_relabel,training
ewallet_02825,"first it was working, all of a sudden i cannot log in to my acct, always error, been submitting tickets, and also done what they are suggesting but no avail.",account_access_issue,GCash,Google Play (Kaggle public dataset),1,2020-07-13T13:34:27.000Z,strict_rule_relabel,training
ewallet_02826,Why it is needed to update the app most of the time. Okay I understand once or twice but always needed to update is very understandable because it cause more space on the phone. I got a lot of problems when wanted to cash in or cash out because the app needs to be updated. This app causes more wasting of time.,transfer_issue,GCash,Google Play (Kaggle public dataset),1,2023-07-29T06:36:31.000Z,strict_rule_relabel,training
ewallet_02828,Until now I didn't received a refund from my failed load transaction,payment_failure,GCash,Google Play (Kaggle public dataset),3,2022-12-06T09:36:17.000Z,strict_rule_relabel,training
ewallet_02830,Hassle. Always update and delaying our time when there's a time you need to cash out money you need to update before cash outing.,transfer_issue,GCash,Google Play (Kaggle public dataset),1,2023-07-31T09:18:22.000Z,strict_rule_relabel,training
ewallet_02831,Why can't never cash out!? But when I have to cash in no problem!?? What should I do now. I want to change my Gcash no. Can I!? Cause my previous no. was de adtivated. Thanks.,transfer_issue,GCash,Google Play (Kaggle public dataset),2,2023-08-01T11:24:48.000Z,strict_rule_relabel,training
ewallet_02832,This app is absolutely terrible ....you gonna send money from abroad but some of the money you sent was missing not a single time happen but almost 5 times,transfer_issue,GCash,Google Play (Kaggle public dataset),1,2023-08-02T06:54:09.000Z,strict_rule_relabel,training
ewallet_02833,"For security purposes, please give us option to provide security pin verytime we log in. This is urgent concern. Please do this. Thank you!",feature_request,GCash,Google Play (Kaggle public dataset),5,2021-08-01T07:59:41.000Z,strict_rule_relabel,training
ewallet_02834,I have a suggestion regarding to the inbox Can you add multiple select delete especially if there spam notif I've always received,feature_request,GCash,Google Play (Kaggle public dataset),3,2022-03-04T13:35:41.000Z,strict_rule_relabel,training
ewallet_02835,"Why does your app always have a problem, my boyfriend want to send money to me to buy a medicine but your app isn't working, it says ""something went wrong"". There's so much inconvenience in your app. In case of emergency your app would be useless if we can't send money to our love ones because of the errors or maintenance your app is doing.",transfer_issue,GCash,Google Play (Kaggle public dataset),1,2023-08-02T23:11:03.000Z,strict_rule_relabel,training
ewallet_02838,"Hindi makapag cash in from paypal, tagal ko ng ginagawa ngayon pa nagkaka problema, gcash anu na?",transfer_issue,GCash,Google Play (Kaggle public dataset),1,2023-08-03T01:56:25.000Z,strict_rule_relabel,training
ewallet_02839,World class and very nice please allow this apps for update and open,feature_request,GCash,Google Play (Kaggle public dataset),5,2022-03-05T00:54:07.000Z,strict_rule_relabel,training
ewallet_02840,Experience delay with transactions lately ever since the last update. Cash in was delayed for days and a transaction did not go through but got debited to my GCredit. Customer service is not helpful. I need to do all the work even if I provided the information. I doubt I'll be compensated.,transfer_issue,GCash,Google Play (Kaggle public dataset),1,2023-08-03T20:15:29.000Z,strict_rule_relabel,training
ewallet_02842,Updates run very slow. Errors pop-up during scanning QR code for payments.,payment_failure,GCash,Google Play (Kaggle public dataset),1,2022-12-12T11:11:05.000Z,strict_rule_relabel,training
ewallet_02843,"I really hate this app!!! I have been logging in my account several times and it says ""try later"" it's been months to be exact! I cannot even cash out my money! bwisit! pls fix this problem",transfer_issue,GCash,Google Play (Kaggle public dataset),1,2023-08-04T09:57:57.000Z,strict_rule_relabel,training
ewallet_02845,I orderonline like shopee i used this gcash apps to pay for it online but .its always say that payment method is failed always hays this apps is making me angry,payment_failure,GCash,Google Play (Kaggle public dataset),3,2022-12-13T05:21:55.000Z,strict_rule_relabel,training
ewallet_02846,Wanted to cash in via bank but can't push there's an error. And when i go to CS they can't help.,transfer_issue,GCash,Google Play (Kaggle public dataset),3,2023-08-05T00:01:50.000Z,strict_rule_relabel,training
ewallet_02848,"Always updating your app makes it harder now to load,send cash and even pay bills... Always system error.... I hope you can fix this problem as soon as possible for this is really pissing my costumers....",payment_failure,GCash,Google Play (Kaggle public dataset),1,2022-12-14T11:37:20.000Z,strict_rule_relabel,training
ewallet_02851,Please gcash can you add a Student ID so that i can be verified Please and im underage of 18+,feature_request,GCash,Google Play (Kaggle public dataset),5,2022-03-05T12:52:51.000Z,strict_rule_relabel,training
ewallet_02854,Hey devs. It would be best if you could add an option on the app where we can cash in using our external bank account like. Make a deposit using the app. Coz it just allows you to cash the app in if you initiate the transfer externally it would be better if we can transfer funds in and out of the app. That would be great. It'll not be a hustle to fund the account. Until then I'll give the 5,transfer_issue,GCash,Google Play (Kaggle public dataset),3,2022-03-07T02:25:47.000Z,strict_rule_relabel,training
ewallet_02855,I always received this error whenever I pay my bills. BCC CODE SOMEHTING SOMETHINH KINDLY TRY AT A LATER TIME,payment_failure,GCash,Google Play (Kaggle public dataset),1,2022-12-15T00:54:32.000Z,strict_rule_relabel,training
ewallet_02859,"Can't link bank accounts, and process cash in. Enroll > Error non-stop, tsk.",transfer_issue,GCash,Google Play (Kaggle public dataset),1,2023-08-11T02:18:31.000Z,strict_rule_relabel,training
ewallet_02861,I can't log in. I getting authentication codes that are not even working. Your service sucks,account_access_issue,GCash,Google Play (Kaggle public dataset),1,2020-07-17T23:17:36.000Z,strict_rule_relabel,training
ewallet_02862,"Very inconvenient, unreliable. I cant imagine after cash in of worth 5000 pesos the app suddenly not working. I didn't troubleshooting as per FAQ but still the app is not working very useless.",transfer_issue,GCash,Google Play (Kaggle public dataset),1,2023-08-14T23:26:20.000Z,strict_rule_relabel,training
ewallet_02863,"As of the moment, it is very useful. However, there is no more section for PayTV. I can't load my TV Cignal anymore. Can you please include it when buying load? It's kind of useful to me.",feature_request,GCash,Google Play (Kaggle public dataset),4,2022-03-07T23:10:00.000Z,strict_rule_relabel,training
ewallet_02864,Convenient to pay bill and load the problem is the voucher promo can't used though is not yet expired.,payment_failure,GCash,Google Play (Kaggle public dataset),3,2022-12-23T07:59:15.000Z,strict_rule_relabel,training
ewallet_02866,I hope you'll add student's I.D or PHYLSIS I.D for account's full verification.,feature_request,GCash,Google Play (Kaggle public dataset),2,2022-03-08T08:10:15.000Z,strict_rule_relabel,training
ewallet_02868,"Poor transaction, always making delays in fund transfer and doing emergency maintenance without further notice. Always keeping/holding the funds of the owners.",transfer_issue,GCash,Google Play (Kaggle public dataset),1,2023-08-19T17:11:16.000Z,strict_rule_relabel,training
ewallet_02869,"Suggestion lang sana if need po talaga mag update ng app, hopefully we have option kung pwede skip MUNA due to slow connection, kasi may mga times na super hina ng net and we have to pay something important thru online and napaka hassle kasi it takes time na mag update... pwede naman kami mag update if malakas na yun net ehh... hopefully mabasa",feature_request,GCash,Google Play (Kaggle public dataset),1,2022-03-08T12:12:20.000Z,strict_rule_relabel,training
ewallet_02870,"can't verify my account. i need to cash out for emergency purposes, please fix it.",transfer_issue,GCash,Google Play (Kaggle public dataset),1,2020-07-18T04:05:44.000Z,strict_rule_relabel,training
ewallet_02871,"Why this app keep missing in my drawer, my god..can you pls do the better service? Everytime i have to send money this app suddenly missing.",transfer_issue,GCash,Google Play (Kaggle public dataset),3,2023-08-23T02:18:17.000Z,strict_rule_relabel,training
ewallet_02872,It would be nice if you add a patreon feature so that i wouldn't use a credit card to join a membership,feature_request,GCash,Google Play (Kaggle public dataset),4,2022-03-09T04:08:09.000Z,strict_rule_relabel,training
ewallet_02873,"Gcash,Your app is suitable for the age of 13-18 am i right?Im 13 and there's a problem in your app that u guys should fix, It's been 2 days and the face verification still doesn't work on my face,If ur app has a problem pls respond quickly,Fix this problem,Ive been wanting to create an acc to cash out my money,As i said,The face verification doesn't work so pls fix this problem,I am begging.",transfer_issue,GCash,Google Play (Kaggle public dataset),4,2023-08-23T03:01:42.000Z,strict_rule_relabel,training
ewallet_02875,Fix the problem in delaying the bank transfer gcash is not reliable on time!!!!!,transfer_issue,GCash,Google Play (Kaggle public dataset),1,2023-08-24T05:47:01.000Z,strict_rule_relabel,training
ewallet_02878,Why not working login 2days? first said maintenance.. Please help working solve problems trying said .. I need send money kids,transfer_issue,GCash,Google Play (Kaggle public dataset),5,2023-08-24T09:15:38.000Z,strict_rule_relabel,training
ewallet_02879,Please add tin id for varification,feature_request,GCash,Google Play (Kaggle public dataset),3,2022-03-10T05:30:44.000Z,strict_rule_relabel,training
ewallet_02881,"Can you please add a student Id,Because i don't have any id that required to fully verify my account, I really need gcash to transfer money.",feature_request,GCash,Google Play (Kaggle public dataset),3,2022-03-10T09:50:56.000Z,strict_rule_relabel,training
ewallet_02883,Please include national ID because they won't issue voters ID anymore instead they will use national ID as replacement. Thank you.,feature_request,GCash,Google Play (Kaggle public dataset),5,2022-03-10T14:47:09.000Z,strict_rule_relabel,training
ewallet_02884,I can't register.. After I finish the verification the app always asking with a MPIN and I don't know what is the meaning of that where I can get that MPIN.,account_access_issue,GCash,Google Play (Kaggle public dataset),1,2020-07-19T11:05:13.000Z,strict_rule_relabel,training
ewallet_02885,Can you please add voter's id certification in the id verification options? Voter's id is but being issued until now here in PH. This will be helpful. Thanks,feature_request,GCash,Google Play (Kaggle public dataset),4,2022-03-11T02:46:41.000Z,strict_rule_relabel,training
ewallet_02887,It is actually useful but sometimes irritating when i pay my bills then it appears that the transaction is unsuccessful but they already credited it in my account.. yes they would return it to my account but only after 3 to 4 days .. the money that was credited would somehow be useful to my other needs but instead sleeping somewhere in this app plus the worst thing is that my loan that supposed to be paid already continue to increase the interest coz Gcash not updated my payment.,payment_failure,GCash,Google Play (Kaggle public dataset),3,2023-01-11T07:04:36.000Z,strict_rule_relabel,training
ewallet_02889,"Always requires an update and cannot be updated with just mobile data. The app is useless and cant be used without updating it every month Edit: after more than a year, I'm having the same old problem with this app! When I was about to pay my bills at the store using GCash, it requires me over and over again to make an update! There were no heads up, notif and whatnot! This app always crashes!",payment_failure,GCash,Google Play (Kaggle public dataset),2,2023-01-11T07:28:35.000Z,strict_rule_relabel,training
ewallet_02890,The issue of link paypal to gcash has still problem until now and I need to transfer the money. I need you to fixed this problem immediately!,transfer_issue,GCash,Google Play (Kaggle public dataset),1,2023-09-03T17:03:39.000Z,strict_rule_relabel,training
ewallet_02891,"Your score requirements to get a gcredit is to high!!! Its been a year im using gcash, always cash in and out, buying load, using the green for tree digging, investing etc... My score never get over 350 points!!! Just a lie and a scam somehow, giving fake hope. Globe liar, as always.",transfer_issue,GCash,Google Play (Kaggle public dataset),1,2021-08-02T23:23:49.000Z,strict_rule_relabel,training
ewallet_02892,I like this app i been using this app in 2017 I think Btw i hope they add Student id,feature_request,GCash,Google Play (Kaggle public dataset),5,2022-03-15T00:57:16.000Z,strict_rule_relabel,training
ewallet_02893,I have a problem when I transfer my money using Metrobank online to gcash I dont receive the money but the Metrobank send me the confirmation through text and email. gcash I report this problem but you did not respond in my problem... I really need the money this week please help...,transfer_issue,GCash,Google Play (Kaggle public dataset),1,2023-09-04T04:13:31.000Z,strict_rule_relabel,training
ewallet_02894,"Can I suggest on the next update.can you put in transportation Cokaliong Shipping,. Hope you can add for the next update.",feature_request,GCash,Google Play (Kaggle public dataset),5,2022-03-15T23:14:29.000Z,strict_rule_relabel,training
ewallet_02895,"Please update your app. When you open the app, you will be greeted by ""Oops!"" and will be asked to ""try again"" or ""later"" with no info about the error. Then there is an unlimited spin animation of ""Processing."" On the pay bill section, when you're about to click pay, another error occurs and all you have to do is press ""ok"" to retry. After that, another error message saying ""there is a similar transaction..."" Which means the error was not really an error.",payment_failure,GCash,Google Play (Kaggle public dataset),1,2023-01-11T11:15:57.000Z,strict_rule_relabel,training
ewallet_02897,Please include NBI clearance as an Id to verification,feature_request,GCash,Google Play (Kaggle public dataset),5,2022-03-16T05:37:31.000Z,strict_rule_relabel,training
ewallet_02898,"I cannot verify my account, in connection to this i cannot link my account or use it to cashout",transfer_issue,GCash,Google Play (Kaggle public dataset),2,2020-07-21T00:47:41.000Z,strict_rule_relabel,training
ewallet_02899,I suppose to send money today but when I try to access it the app is not working in my end however I ask my other friends who has the appt they told me that it's working. I also try to call. Customer service I always get the busy line of all the people Globe my God,transfer_issue,GCash,Google Play (Kaggle public dataset),1,2023-09-04T10:55:16.000Z,strict_rule_relabel,training
ewallet_02900,it is so helpful for receiving remetance from afar but its look like the app now had problem I can't cash out my balance.,transfer_issue,GCash,Google Play (Kaggle public dataset),3,2023-09-04T11:08:42.000Z,strict_rule_relabel,training
ewallet_02902,PLEASE FIX THE BANK TRANSFER PROBLEM RIGHT AWAY IT'S BEING A NUISANCE FOR FAR TOO LONG,transfer_issue,GCash,Google Play (Kaggle public dataset),1,2023-09-04T22:10:32.000Z,strict_rule_relabel,training
ewallet_02903,"Hi can you please allow students ID or college student ID for fully verifying account,so that some student like me can accumulate a money to be able to support our studying.... Hope it will reaches you",feature_request,GCash,Google Play (Kaggle public dataset),5,2022-03-20T04:31:20.000Z,strict_rule_relabel,training
ewallet_02904,There's always issue sa cash in using gcash,transfer_issue,GCash,Google Play (Kaggle public dataset),1,2023-09-05T13:16:35.000Z,strict_rule_relabel,training
ewallet_02906,May excesss charge sa pag cash in Yung mga voucher nila Scam lagi ginagamit sa payment wala man lang promo or cash back di gaya sa paymaya,transfer_issue,GCash,Google Play (Kaggle public dataset),1,2021-08-04T02:52:18.000Z,strict_rule_relabel,training
ewallet_02907,The app now is having some technical issues . Really bad . Can't send money or receive money,transfer_issue,GCash,Google Play (Kaggle public dataset),2,2023-09-12T04:04:52.000Z,strict_rule_relabel,training
ewallet_02908,too many errors! when you cash in buy load payments! unsual!,transfer_issue,GCash,Google Play (Kaggle public dataset),1,2023-09-13T02:09:07.000Z,strict_rule_relabel,training
ewallet_02910,"I hate that I can't verify my email, It takes a lot of time before i get the verification code and when i enter it always says error",account_access_issue,GCash,Google Play (Kaggle public dataset),1,2020-07-22T05:17:57.000Z,strict_rule_relabel,training
ewallet_02911,Poor bank online linking. I can't use BPI TO GCASH it's been 3 months having the same issue always saying system maintenance everytime I attempt to cash in or transfer fr bpi to gcash and vice versa.,transfer_issue,GCash,Google Play (Kaggle public dataset),2,2023-09-14T00:43:21.000Z,strict_rule_relabel,training
ewallet_02914,I hope on the next update you will add a features that we can convert our regular load into Gcash Load/Money..this will help alot of People..Okay lg kahit may Kaltas kayong kukunin...Thank you,feature_request,GCash,Google Play (Kaggle public dataset),5,2022-03-27T03:12:36.000Z,strict_rule_relabel,training
ewallet_02917,"Thank you for creating this app so convenient to use, and please do not make mandatory updating this app coz my cp may not work if this will continue thank you hope you can consider my suggestion thank you.",feature_request,GCash,Google Play (Kaggle public dataset),5,2022-03-28T00:41:04.000Z,strict_rule_relabel,training
ewallet_02919,"Gcash don't have solution if you encounter a problem. Example my brother send money to me but give a wrong number. I've tried three times to get help from the help center. All thay have to say is wait for 24 hours but when you follow up your case , the case ticket does not exist. I tried anothe,the next day same thing happen. The ticket does not exist. On the third time, you can't lay your case because the system will tell you ""something went wrong and try another concern"". They're not helpful",transfer_issue,GCash,Google Play (Kaggle public dataset),1,2023-09-22T22:07:11.000Z,strict_rule_relabel,training
ewallet_02920,Gcash always problem my account sofar can't access transfer from bank to gcash... oh my god poor service..,transfer_issue,GCash,Google Play (Kaggle public dataset),1,2023-09-23T05:08:12.000Z,strict_rule_relabel,training
ewallet_02921,"It was doing well. Until I have the same issues, again, and again, and again. Over and over. The main issue is that I can not cash in my money from paypal. I have no idea whether paypal's at fault here or gcash. It happens often, so It's something that i'm not gonna get used to, since I use gcash alot. Please fix the issues.",transfer_issue,GCash,Google Play (Kaggle public dataset),3,2023-09-25T03:58:25.000Z,strict_rule_relabel,training
ewallet_02924,"This up is good it can help sending my children every time they need for emergency,but now the problem is every time i open the app so deffecult morethan a month i cant used it because every time i open ,always take selfie for verified,for cash out no hasle because i have ATM card already the problem is to send ,very stressful",transfer_issue,GCash,Google Play (Kaggle public dataset),2,2023-09-27T04:54:13.000Z,strict_rule_relabel,training
ewallet_02925,Most of the time I can't pay through qr codes. Been having this issue for months.,payment_failure,GCash,Google Play (Kaggle public dataset),1,2023-02-10T07:07:07.000Z,strict_rule_relabel,training
ewallet_02926,"Please help me. I can't verify may account what can I do? I can't cash in, send money etc. I already passed my picture id and registered a form but it can't verify. What s the problem?",transfer_issue,GCash,Google Play (Kaggle public dataset),1,2020-07-23T02:29:16.000Z,strict_rule_relabel,training
ewallet_02927,Do you have a problem right now.i cash out at glife casino games I did no received my cash out,transfer_issue,GCash,Google Play (Kaggle public dataset),5,2023-09-29T13:41:34.000Z,strict_rule_relabel,training
ewallet_02930,I hope I would like to activate credit saving. I hope you can help with my application. because this app is good.,feature_request,GCash,Google Play (Kaggle public dataset),5,2022-04-01T13:19:19.000Z,strict_rule_relabel,training
ewallet_02931,App is always crashing when I open the camera to scan QR codes. It always says Camera failed to initialize.,payment_failure,GCash,Google Play (Kaggle public dataset),1,2023-02-15T11:49:00.000Z,strict_rule_relabel,training
ewallet_02933,You cannot cash put if your not verified... at least give us ways how to at least send money to other verified accounts so that we can enjoy our money... Scam,transfer_issue,GCash,Google Play (Kaggle public dataset),1,2021-08-11T11:32:11.000Z,strict_rule_relabel,training
ewallet_02934,PLEASE INCLUDE POLICE CLEARANCE ID IN YOUR LIST PLEASE,feature_request,GCash,Google Play (Kaggle public dataset),1,2022-04-03T03:26:14.000Z,strict_rule_relabel,training
ewallet_02937,"Madali ng ma reset ang mpin ....email dd,birthday,address mo hack n agad...parading fn account madaling mahack.....maraming scammer....kc madali lang ihack ang account ng mga baguhan c gcash...pero okey nmn if use mo ingat lng c scsmmer nag kalat sila...",account_access_issue,GCash,Google Play (Kaggle public dataset),5,2021-08-12T02:34:58.000Z,strict_rule_relabel,training
ewallet_02938,"Hello Gcash! I'm stressed about making an account!! You didn't allow me to capture my id in my camera so I can take it clearly as you want, instead you want to take the photo directly from your app with disabled flashlight! You keep denying my photo eventhough it's clear. Maybe you should allow us to post photos directly from our files, so we can take pictures from our cameras directly.. Hope you read this! Im currently waiting for a time to verify my account",feature_request,GCash,Google Play (Kaggle public dataset),1,2022-04-03T04:58:03.000Z,strict_rule_relabel,training
ewallet_02939,"The app don't work all the time. It's not a good thing since I don't carry cash all the time. If the app won't work and I need it, it will be a big problem. Since this app is use for money transfer and for purchases they have to make sure it works all the time we need it.",transfer_issue,GCash,Google Play (Kaggle public dataset),3,2023-10-06T01:34:04.000Z,strict_rule_relabel,training
ewallet_02940,Please allow school ID to make an account for the students.,feature_request,GCash,Google Play (Kaggle public dataset),1,2022-04-03T21:05:37.000Z,strict_rule_relabel,training
ewallet_02941,"I had no cash with me and I was trying to pay using this app but it was asking for an OTP code, I never received an OTP code until now. This was not the first time it happened. Last time it happened, I was already sleeping when I got flooded by OTP codes because I kept trying to click resend OTP code because I wasn't receiving any OTP code. I recommend Maya, never failed to send an OTP code. Uninstalling this app after I transfer all my GCash money to Maya.",transfer_issue,GCash,Google Play (Kaggle public dataset),1,2023-10-07T11:44:57.000Z,strict_rule_relabel,training
ewallet_02943,You placed me in an uncomfortable situation. I am paying for my groceries then suddenly the app went into maintenance. I had my funds placed in gcash then that happened. It would be nice if there will be a notice that the app will be under maintenance for a certain period of time.,feature_request,GCash,Google Play (Kaggle public dataset),1,2022-04-05T02:31:38.000Z,strict_rule_relabel,training
ewallet_02944,Bkit gnun sa tinatagal tagal ko na tong ginamit ngaun ng eexit na pag nkabukas ung Developer option. ano ba problema mo Gcash?!!! nkaka sira ka ng experience. panay pa kayo error nkakaabala lalo na pg ng ffund transfer imbes na urgent need ng pera nageerror pa ending di magamit ang pera kse nkanhold sa inyu umaabot pa ng ilaw araw bgo mabalik yung pera namen. Paki ayos n lalo na ung mga user na nka DEVELOPER OPTION ON. napapabilis nmen phone nmen sa gnung set up tapos di mgmit tong app pg nka on,transfer_issue,GCash,Google Play (Kaggle public dataset),1,2023-10-08T03:11:48.000Z,strict_rule_relabel,training
ewallet_02945,please add National ID option in valid ids,feature_request,GCash,Google Play (Kaggle public dataset),4,2022-04-05T04:07:54.000Z,strict_rule_relabel,training
ewallet_02946,I try to make a payment for gcredit but im getting error on processing my payment what do i need to do just dont want to be bill penalties,payment_failure,GCash,Google Play (Kaggle public dataset),4,2023-02-21T22:11:20.000Z,strict_rule_relabel,training
ewallet_02948,There is always a problem whenever I send money to my landbank account.,transfer_issue,GCash,Google Play (Kaggle public dataset),2,2023-10-08T11:30:14.000Z,strict_rule_relabel,training
ewallet_02949,"Always has problems, very inconvenient, especially on the important ones like cash in and send load. Might just switch to Maya where there are better features.",transfer_issue,GCash,Google Play (Kaggle public dataset),3,2023-10-08T11:31:23.000Z,strict_rule_relabel,training
ewallet_02950,Please add a feature that shows account limit. Thanks,feature_request,GCash,Google Play (Kaggle public dataset),4,2022-04-05T05:37:32.000Z,strict_rule_relabel,training
ewallet_02954,1 hour to received my email verification code. Auto logout when inactive. What a hussle i can't verify my account,account_access_issue,GCash,Google Play (Kaggle public dataset),2,2020-07-24T10:34:08.000Z,strict_rule_relabel,training
ewallet_02955,Missing transaction. After the cash in if they actually audit - simple add and subtract - the last transaction of cash in vs the current remaining balance has missing amount - in my case 924 pesos. And they made their Application Support soooo hard to do and seems like they do not want to help you.,transfer_issue,GCash,Google Play (Kaggle public dataset),1,2023-10-09T01:42:52.000Z,strict_rule_relabel,training
ewallet_02956,"Suggestion lang, Sana po kahit may bagong update mabuksan pa din para in case of emergency makapagload pa din, kase kelangan muna mag update bago mabuksan e wala nga data pano makakapag update.. tnx",feature_request,GCash,Google Play (Kaggle public dataset),5,2022-04-05T23:22:55.000Z,strict_rule_relabel,training
ewallet_02957,"I was unable to send money to my friend, there's alot of issue, I can't buy load. Please fix it immediately",transfer_issue,GCash,Google Play (Kaggle public dataset),1,2023-10-09T02:12:15.000Z,strict_rule_relabel,training
ewallet_02958,I wish I could use this even without mobile data. I had to buy a load sometimes just to open it and pay my bills. I once had to experience a panic attack paying my bill at pure gold because I realized just then I have no cash with me. The cashier was waiting for me to pay and the people falling in line next to me were also troubled.,payment_failure,GCash,Google Play (Kaggle public dataset),4,2022-04-06T03:23:13.000Z,strict_rule_relabel,training
ewallet_02962,Dumb app! Why features like Cash in is not working when you need it the most? Everytime! Never fail to fail me. Edit: Seriously? Block developer options? How could you people be sooooo dumb? Mga tanga!!! Developer options has been parts of Android OS(which way bigger actually the biggest company compared to Globe telecom!) ever since! Better delete your App in Google App Store! Developer Option is no way in any way similar to Rooted device!!! Mga bobo!!!,transfer_issue,GCash,Google Play (Kaggle public dataset),1,2023-10-09T02:41:43.000Z,strict_rule_relabel,training
ewallet_02963,Nice and convenient! But i have to use my lola's account everytime i have to pay for something cause I can't use my account coz i'm still a student hope you can add more features sp that students can make their account verefied too using student id!,feature_request,GCash,Google Play (Kaggle public dataset),2,2022-04-06T17:11:06.000Z,strict_rule_relabel,training
ewallet_02964,i cant even pay my bills to tala its not working,payment_failure,GCash,Google Play (Kaggle public dataset),2,2023-02-28T14:28:54.000Z,strict_rule_relabel,training
ewallet_02974,"I cannot pay my gcredit because the app says that an error occured. Fix this so that I wont pay for interest. You should fix this, it's an obvious system error.",payment_failure,GCash,Google Play (Kaggle public dataset),1,2023-03-12T09:31:56.000Z,strict_rule_relabel,training
ewallet_02975,"PAKIAYOS PO YUNG APP ISSUES, STARTING OCTOBER NAG KANDA LETSE LETSE NA YUNG SYSTEM D NA MAKAPAG TRANSACT NG MAAYOS, HINDI NA MAKAPAG CASH OUT DAHIL PALAGING NAG BABACK. KAHIT WALA NAMANG PROBLEMA YUNG DEVICE. SANA MAN LANG MAAYOS KASI PAANO NAMAN YUNG MGA USERS NA DTO UMAASA(LIKE ME) PANG ALLOWANCE KO DKO PA MA CASH OUT DAHIL D MABUKSAN.",transfer_issue,GCash,Google Play (Kaggle public dataset),1,2023-10-09T04:06:48.000Z,strict_rule_relabel,training
ewallet_02977,I use to load GSAT through gcash but suddenly it always says error. Please do fix this because I can't pay the bills using gcash.,payment_failure,GCash,Google Play (Kaggle public dataset),1,2023-03-12T11:25:11.000Z,strict_rule_relabel,training
ewallet_02978,"Sobrang nakakabadtrip, i urgently needed the money this morning, but when i cash out the money by sending to gcash outlet, theres an error or under maintenance, grabe na to gcash!!! Important day and time tlaga kayo nag maintenance, lagi din may ganyan randomly kakabadtrip na sobra!!!",transfer_issue,GCash,Google Play (Kaggle public dataset),1,2023-10-09T04:52:59.000Z,strict_rule_relabel,training
ewallet_02979,i don't like the new update of this app. we can't verify our account because it has no student id option anymore. they removed it.,feature_request,GCash,Google Play (Kaggle public dataset),1,2020-07-26T18:31:57.000Z,strict_rule_relabel,training
ewallet_02980,When i pay my bills using this app there is always something wrong there's always error when i do transcation for my bills. Unlike before it's easy to pay my bills using this app but now there is always an error is this because of the update? please fix it asap,payment_failure,GCash,Google Play (Kaggle public dataset),1,2023-03-14T06:03:50.000Z,strict_rule_relabel,training
ewallet_02981,"I'm having trouble logging in as of now, it keeps saying ""internal server error"". Even though I followed all the instructions of troubleshooting, it didn't help a single thing. I can't even send money that is really important right. Kinda pissed of with this issue when I need right now.",transfer_issue,GCash,Google Play (Kaggle public dataset),1,2023-10-09T05:53:47.000Z,strict_rule_relabel,training
ewallet_02982,app needs to expand it's availabilty for additional inflow of cash from other banks in bancnet service. it is only having a very few number of banks. please include more!,feature_request,GCash,Google Play (Kaggle public dataset),3,2022-04-14T08:45:04.000Z,strict_rule_relabel,training
ewallet_02983,"Common issue is logging in , sometimes its error or it says needs to troubleshoot , then when i did the steps , its not effective in any ways ...it always says try again after one hour and then i get back after an hour , nothing happend until it takes 24hrs ...please fix this problem , i can't load and pay my bills coz i can't open my acc",payment_failure,GCash,Google Play (Kaggle public dataset),1,2023-03-14T11:06:00.000Z,strict_rule_relabel,training
ewallet_02984,Cannot send Money..Error..Troubleshoot.,transfer_issue,GCash,Google Play (Kaggle public dataset),1,2023-10-09T06:50:19.000Z,strict_rule_relabel,training
ewallet_02985,Enjoyed Gcash and Gcredit until Christmas and New Year. It took too long to get the verification that so got deducted twice with Gcash and Gcredit delayed code (waited with the check out counter 15 mins) so I had to pay cash then when I got home and contacted customer service had to wait 45 mins to reach one and they were not able to resolve my concern THEN 3 DAYS AND 7 CHATS LATER SAID they needed a SCREENSHOT OF: THE ERROR THAT THE CASHIER DID NOT RECEIVE CONFIRMATION AND MY RECEIPT PIC.,payment_failure,GCash,Google Play (Kaggle public dataset),2,2023-03-14T14:18:54.000Z,strict_rule_relabel,training
ewallet_02986,"Always has lots of issues and bugs,so many times trying send money or use gcash it's not working properly its pathetic with the amount of people using it , get your act together and fix it properly you're making enough money to do this so do it",transfer_issue,GCash,Google Play (Kaggle public dataset),2,2023-10-09T06:55:13.000Z,strict_rule_relabel,training
ewallet_02987,PLEASE add Student ID as Valid ID,feature_request,GCash,Google Play (Kaggle public dataset),1,2022-04-17T05:34:06.000Z,strict_rule_relabel,training
ewallet_02989,"Gcash is good when using to pay bills, but buying load is such a hassle, having error every time is so frustrating.",payment_failure,GCash,Google Play (Kaggle public dataset),2,2023-03-17T23:52:24.000Z,strict_rule_relabel,training
ewallet_02990,Hello there..it is very helpful and easy to transact but recently upon updating my apps i've encounter issue on it and since last friday july 24 i can no longer access my account because of the issue on updates of this apps..i hope u can help me.. Thanks,feature_request,GCash,Google Play (Kaggle public dataset),3,2020-07-27T10:12:12.000Z,strict_rule_relabel,training
ewallet_02991,It frequently deducting in my account. I can't trace what application did I subscribed. Please add an option tracing some undeliberate deductions..,feature_request,GCash,Google Play (Kaggle public dataset),1,2022-04-18T20:34:08.000Z,strict_rule_relabel,training
ewallet_02992,what happen i need my money now then your app will corrupted error sending i need to cash out. please fix it now i need money to eat..,transfer_issue,GCash,Google Play (Kaggle public dataset),1,2023-10-09T08:24:31.000Z,strict_rule_relabel,training
ewallet_02993,can you back my money i buy load via gcash but the load did not came but it decrease my total money it really sucks can you fix this please bring back my 300pesos,feature_request,GCash,Google Play (Kaggle public dataset),1,2022-04-19T10:37:33.000Z,strict_rule_relabel,training
ewallet_02994,poor customer service. really bad transaction process. always unable to send money. fix your application!,transfer_issue,GCash,Google Play (Kaggle public dataset),1,2023-03-19T05:18:13.000Z,strict_rule_relabel,training
ewallet_02996,QR code not working properly,payment_failure,GCash,Google Play (Kaggle public dataset),1,2023-03-20T02:33:42.000Z,strict_rule_relabel,training
ewallet_02998,"PALAGING ERROR, APP NIYO PROBLEMATIC DI MAKAPAG CASH OUT. GCASH BOSIT KA, BOSIT",transfer_issue,GCash,Google Play (Kaggle public dataset),1,2023-10-09T09:14:57.000Z,strict_rule_relabel,training
ewallet_02999,Best app hope to bring back my gcredit and high GScore,feature_request,GCash,Google Play (Kaggle public dataset),5,2022-04-20T22:55:34.000Z,strict_rule_relabel,training
ewallet_03000,Hey can you add student ID to verication then i will give 5 star,feature_request,GCash,Google Play (Kaggle public dataset),3,2022-04-21T00:18:58.000Z,strict_rule_relabel,training
ewallet_03001,The app is good but can you add student's ID?,feature_request,GCash,Google Play (Kaggle public dataset),4,2022-04-22T00:03:44.000Z,strict_rule_relabel,training
ewallet_03003,ano na naman issue mo gcash? hindi ako makapag cash out verified naman account ko. lagi na lang kayong may problema,transfer_issue,GCash,Google Play (Kaggle public dataset),1,2023-10-09T10:04:56.000Z,strict_rule_relabel,training
ewallet_03004,"Dapat nag advisory kayo kung may problema sa system niyo! Kung kailan mag ka-cash out Saka pa malalaman na may problema sa system, I abiso niyo agad sa text para Hindi kami naabala",transfer_issue,GCash,Google Play (Kaggle public dataset),1,2023-10-09T10:29:34.000Z,strict_rule_relabel,training
ewallet_03005,Hello po ask ko lang po pano po mapa deactivate ang gcash number? Na scam po kasi ako ginamit na number pang cashout ay ang gcash number nya... Plss help po para di nya magamit ang pera scam nya at di na po sya makapambiktima sa iba...,transfer_issue,GCash,Google Play (Kaggle public dataset),4,2021-09-06T10:53:07.000Z,strict_rule_relabel,training
ewallet_03006,This app sucks in verifying my national ID! I take a clear photo of my national id in front and back but the app only accept the front. After sending the photo of the back part of my ID it says 'retry'. Poor service and poor verification system! Please bring back the student ID on the list of accepted ID's!,feature_request,GCash,Google Play (Kaggle public dataset),1,2022-04-22T10:17:46.000Z,strict_rule_relabel,training
ewallet_03008,"Bank transfer is not working and just showing a blank page with the ads banner on top. Seriously Gcash?! I can never trust this app again. Also, my sister's account lost 1000 amount and moms account can never be recovered. It still contained a balance of 500 before it just didnt work. Please fix it ASAP and bring back the amount to keep stealing to customers!",transfer_issue,GCash,Google Play (Kaggle public dataset),1,2023-10-09T11:03:45.000Z,strict_rule_relabel,training
ewallet_03009,"Hi, Please add limits monitoring feature in the app so that the user can monitor how much limit left, DAILY, MONTHLY and ANNUALLY. Paymaya, Coins.ph and others have this feature. Hopefully to add soon.",feature_request,GCash,Google Play (Kaggle public dataset),5,2022-04-23T01:24:59.000Z,strict_rule_relabel,training
ewallet_03011,"Gcash is not reliable when it comes to emergency specially bank transfer, its too long for the to fix when their is an issue, loan shark as well bigger interest. I prefer use the bank app much reliable and convenient to use.",transfer_issue,GCash,Google Play (Kaggle public dataset),1,2023-10-09T11:09:50.000Z,strict_rule_relabel,training
ewallet_03013,"Masyadong madaming maintenance na nangyayari. Sobrang dami ng napeperwisyo. Pending payments,money transfer for foods or whatever.",transfer_issue,GCash,Google Play (Kaggle public dataset),1,2023-10-09T11:59:31.000Z,strict_rule_relabel,training
ewallet_03014,Could you please add the Student ID in the Recommendation ID's for verification process:) it's kinda annoying tbh:) m,feature_request,GCash,Google Play (Kaggle public dataset),1,2022-04-23T11:06:26.000Z,strict_rule_relabel,training
ewallet_03017,Gcash needs to put a student ID so we can verify our selves as students that is registered in Gcash.Hope you can add it,feature_request,GCash,Google Play (Kaggle public dataset),1,2022-04-24T11:21:02.000Z,strict_rule_relabel,training
ewallet_03018,Not recommended yung app natu!! diko ma open at ma cash out yung pera ko...my trust issue na tuloy kami about sa app natu!!,transfer_issue,GCash,Google Play (Kaggle public dataset),1,2023-10-10T12:05:29.000Z,strict_rule_relabel,training
ewallet_03020,"I cannot pay my gcredit, whenever I try to pay it always state ""error.. please try again later."" May I ask what should I do?",payment_failure,GCash,Google Play (Kaggle public dataset),5,2023-04-05T07:22:20.000Z,strict_rule_relabel,training
ewallet_03023,Please paayos naman po. Palagi nalang unavailable yung Bank Transfer. Error nalang all the time. Lahat problema. Nakakainis na. Di nyo alam kung gaano kalaki na didisrupt nyo saaming mga consumer nyo. Please naman. Ayusin nyo na po.,transfer_issue,GCash,Google Play (Kaggle public dataset),1,2023-10-10T15:14:31.000Z,strict_rule_relabel,training
ewallet_03024,please bring back the student id for verifying we badly need it especially now many student using gcash.pleaseee,feature_request,GCash,Google Play (Kaggle public dataset),3,2022-04-27T03:14:33.000Z,strict_rule_relabel,training
ewallet_03025,Bat ganyan po gcash ngayon Hindi makapag cash out and cash in Yung ibang pera na wawala Ano po ba problema nkaka asar na,transfer_issue,GCash,Google Play (Kaggle public dataset),1,2023-10-10T23:43:49.000Z,strict_rule_relabel,training
ewallet_03026,"This app clearly violates it's user's privacy as well as blatantly steals a user's funds and data. Customer service is the worst, and the very people who work for them participate in fraudulent activities aimed at their users.",security_concern,GCash,Google Play (Kaggle public dataset),1,2021-09-10T12:14:38.000Z,strict_rule_relabel,training
ewallet_03027,GCash should allow their users to access GCash app even without updating the app in their mobile phones for the mean time or atleast 2 transactions. It is annoying that when you are relying to it and not having cash on hand and ended up hanging just because of system update. GCash MUST notify their users in advance if they will have system updates.,feature_request,GCash,Google Play (Kaggle public dataset),3,2022-04-27T05:38:02.000Z,strict_rule_relabel,training
ewallet_03030,"It serves its purpose, I guess, when it comes to receiving and sending money, BUT it keeps lagging and I can't verify my email because I receive the verification code after about an hour. By then, the app had already logged me out for inactivity, and I have to request for a new code.",account_access_issue,GCash,Google Play (Kaggle public dataset),2,2020-07-30T17:37:31.000Z,strict_rule_relabel,training
ewallet_03032,Please make the choices of Valid IDs more inclusive. Please add an option that will let the QC Citizen and other local government-issued IDs to be used. The School ID option must also include college students that don't have other valid IDs. Verification is my main problem and reason why I rarely use your app.,feature_request,GCash,Google Play (Kaggle public dataset),1,2022-04-29T08:50:04.000Z,strict_rule_relabel,training
ewallet_03033,"is there any problem right now? coz i cant download the app, i need to pay my bills right now ,so please fix this issues as soon as possible.",payment_failure,GCash,Google Play (Kaggle public dataset),1,2023-04-14T02:19:01.000Z,strict_rule_relabel,training
ewallet_03034,"I can't log in. It says ""Something is wrong"" with an error code with no description. When you report it to Gcash Help Center, it freezes. Give me back my money!",account_access_issue,GCash,Google Play (Kaggle public dataset),1,2020-07-31T04:50:45.000Z,strict_rule_relabel,training
ewallet_03036,i can't cash out my money! it always say error!,transfer_issue,GCash,Google Play (Kaggle public dataset),1,2023-10-11T16:03:04.000Z,strict_rule_relabel,training
ewallet_03037,"Using it is very convenient. I only don't like the ""stealing"" option on Gforest. I mean I get that the purpose is for us to plant trees. But we we're able to gain the energy in the first place due to our OWN transaction and yet Gforest friends are stealing it if I had known, I wouldn't have added friends on Gforest lol There's even no option to unfriend. I hope you can add option to unfriend or better yet, remove the ""stealing"" option. I want to plant my own tree.",feature_request,GCash,Google Play (Kaggle public dataset),4,2022-05-06T01:35:41.000Z,strict_rule_relabel,training
ewallet_03038,"pangit na ng gcash app, daming ng error. di na tulad ng dati, may mga nafa faid na din na mga cashout ko galing sa mga earning apps ko.......................................... wag nyu na i download guyz, mag sisi lng kau.......................................................................................................................................................................................................................................................................................",transfer_issue,GCash,Google Play (Kaggle public dataset),1,2023-10-12T05:48:35.000Z,strict_rule_relabel,training
ewallet_03039,"As of now trouble I cant cash out, what is the problem",transfer_issue,GCash,Google Play (Kaggle public dataset),5,2023-10-12T06:19:57.000Z,strict_rule_relabel,training
ewallet_03041,"please add on buy load ML10 for TM and TNT user , please please",feature_request,GCash,Google Play (Kaggle public dataset),5,2022-05-06T05:33:25.000Z,strict_rule_relabel,training
ewallet_03042,Lot of transaction failure. The latest one is a gcredit transaction. They already deducted it but there was no meralco load came. So we decided to do 2nd attempt and it was successful. But the point is they deducted me twice but I only got 1 successful service. There was no sms nor confirmation that it was successful but they said in my escalation that it was successful and ask mo to contact the biller. Like they don't want to help resolve the problem! Waste of money! Waste of time!,payment_failure,GCash,Google Play (Kaggle public dataset),1,2023-04-15T02:56:50.000Z,strict_rule_relabel,training
ewallet_03043,error cash out from CIMB,transfer_issue,GCash,Google Play (Kaggle public dataset),2,2023-10-12T11:18:57.000Z,strict_rule_relabel,training
ewallet_03045,I hope the next update will allow the student I.D to be used as verification I.D.,feature_request,GCash,Google Play (Kaggle public dataset),2,2022-05-08T13:38:18.000Z,strict_rule_relabel,training
ewallet_03046,I updated my gcash already ang problema ko ngayun is hindi ako maka scan ng QR code dahil kapag pinipindut ko yung apload QR code to scan naglalog out siya...sana hindi nalang kayo nagpaupdate kung ganito din lng pala kalalabasan...,payment_failure,GCash,Google Play (Kaggle public dataset),1,2023-04-16T05:40:35.000Z,strict_rule_relabel,training
ewallet_03048,"Please bring back the old feature, I can't load without choosing between regular or registered already.",feature_request,GCash,Google Play (Kaggle public dataset),2,2022-05-16T04:13:30.000Z,strict_rule_relabel,training
ewallet_03051,"The loading screen is slow. It keeps on asking to connect to my location which I repeatedly declined. When starting the QR scanner it usually hangs up or lags. When I generate a QR code and rename it to a different business name, it requires to place at least 1.00 in the amount despite it being ""optional"". The load The Lucky Load promo oftentimes lags or does not present the tickets available and ends up getting expired. Fix these.",payment_failure,GCash,Google Play (Kaggle public dataset),1,2023-04-17T05:33:10.000Z,strict_rule_relabel,training
ewallet_03053,It's okay to use but when it comes about when the person is being scammed they don't refund immediately even there's already a proof.,payment_failure,GCash,Google Play (Kaggle public dataset),3,2021-09-11T21:43:24.000Z,strict_rule_relabel,training
ewallet_03054,ive been trying to verified my account but it always says that i need to resend it why???? My picture in my personal documents that you said need to provide is clear i hope you will fix this soon. And i want to suggest to please in verification valid id please add the NBI ID,feature_request,GCash,Google Play (Kaggle public dataset),1,2022-05-17T14:32:52.000Z,strict_rule_relabel,training
ewallet_03055,"I can't log in my own phone number, but when I log in my mom's phone number we could access it. Going to uninstall it bcos it has no use for me.",account_access_issue,GCash,Google Play (Kaggle public dataset),1,2020-08-01T00:05:33.000Z,strict_rule_relabel,training
ewallet_03056,"1 star because when the code is entered, ""submit a ticket"" will appear, it's always like that and then I did try it the next day, it will appear again. I hope you could fix it.",feature_request,GCash,Google Play (Kaggle public dataset),1,2022-05-19T03:00:40.000Z,strict_rule_relabel,training
ewallet_03057,"After the update, I cant pay via QR code. Which is a HUGE problem for online payments. Disappointing.",payment_failure,GCash,Google Play (Kaggle public dataset),1,2023-04-19T06:38:27.000Z,strict_rule_relabel,training
ewallet_03058,"I love this app. This app is eazy to way to pay a bill or to recharge in games. But i have a little problem, it is if I everytime I open the app, sometimes isn't open. I don't know what is that; but is says ""Something went wrong."".",payment_failure,GCash,Google Play (Kaggle public dataset),4,2023-04-20T03:49:27.000Z,strict_rule_relabel,training
ewallet_03062,customer's support for bill payment is frustratingly. error problems for almost a year not solved. Delayed pa ang response.,payment_failure,GCash,Google Play (Kaggle public dataset),1,2023-04-24T03:13:09.000Z,strict_rule_relabel,training
ewallet_03063,I cannot login because I'm 13 yrs old,account_access_issue,GCash,Google Play (Kaggle public dataset),1,2020-08-01T07:07:35.000Z,strict_rule_relabel,training
ewallet_03065,Recently having problem with bpi cashin. Almost a month cannot use the functionality,transfer_issue,GCash,Google Play (Kaggle public dataset),1,2023-10-15T23:27:36.000Z,strict_rule_relabel,training
ewallet_03066,Please add additional partners for gsave.,feature_request,GCash,Google Play (Kaggle public dataset),5,2022-05-23T00:04:54.000Z,strict_rule_relabel,training
ewallet_03068,"Im not going to recommend this application, theres a lot of errors. Im encashing my money awhile ago but when im verifying my account theres a huge problem pop uping and 4 hours to be exact im waiting the text message but i dont recieve anything. PLEASE FIXED YOUR APP.",transfer_issue,GCash,Google Play (Kaggle public dataset),1,2020-08-01T10:23:27.000Z,strict_rule_relabel,training
ewallet_03069,I can't cash out my money. Error always.,transfer_issue,GCash,Google Play (Kaggle public dataset),1,2023-10-16T07:53:31.000Z,strict_rule_relabel,training
ewallet_03070,Please include PWD ID in you ID's because i lost all mu ID's when i lost my wallet and now i have stroke and only PWD ID is all i have thank you,feature_request,GCash,Google Play (Kaggle public dataset),3,2022-05-25T01:54:59.000Z,strict_rule_relabel,training
ewallet_03071,"Very Inconvinient when I'm trying to pay my bills, I always getting an error even though all of the information is correct. Will not recommend this app I'll better switch to maya. I'm done with gcash app.",payment_failure,GCash,Google Play (Kaggle public dataset),1,2023-04-27T11:09:13.000Z,strict_rule_relabel,training
ewallet_03072,PUTANGINA WHY MY GCASH IS ALWAYS DISAPPEARING. I NEED TO CASHOUT MY 11K RIGHT NOW THEN SUDDENLY MY GCASH APP IS MISSING. BUT WHEN I CHECKED IT IN MY APP MANAGEMENT ITS THERE. BUT STILL CANT OPEN IT.,transfer_issue,GCash,Google Play (Kaggle public dataset),1,2023-10-16T09:20:44.000Z,strict_rule_relabel,training
ewallet_03073,Suggestion hope we can use gcredit in some online payments apps store.,feature_request,GCash,Google Play (Kaggle public dataset),5,2022-05-25T04:09:01.000Z,strict_rule_relabel,training
ewallet_03075,"Got a problem with gcash after updating , can't transfer to bank or even buy a load. WILL YOU PLEASE FIX THIS PROBLEM?!!!",transfer_issue,GCash,Google Play (Kaggle public dataset),1,2023-10-17T04:36:26.000Z,strict_rule_relabel,training
ewallet_03076,"Suggestion, can you please add a choice when there is an update? For example is when were in a rush or we need to pay something asap then therere a sudden update. Please put an option such as update later, it is more convenient for the users.",feature_request,GCash,Google Play (Kaggle public dataset),3,2022-05-25T08:11:47.000Z,strict_rule_relabel,training
ewallet_03077,I hope gcash will include crypto trading with lowest fees.,feature_request,GCash,Google Play (Kaggle public dataset),3,2022-05-26T00:17:34.000Z,strict_rule_relabel,training
ewallet_03078,Slow as heck and everytime I pay using qr code it always has its problem even if I have a good connection,payment_failure,GCash,Google Play (Kaggle public dataset),1,2023-04-29T12:26:59.000Z,strict_rule_relabel,training
ewallet_03080,"Keeps on error log in, no text message for received cash in.",transfer_issue,GCash,Google Play (Kaggle public dataset),2,2023-10-18T07:24:08.000Z,strict_rule_relabel,training
ewallet_03082,always doing the paypal-gcash maintenance during pay day/week which delays my bills. to say I am disappointed is an understatement. out of all the days in a month and they never fail to choose pay day/week to do their maintenance.,payment_failure,GCash,Google Play (Kaggle public dataset),1,2023-05-02T03:03:22.000Z,strict_rule_relabel,training
ewallet_03083,"It mention to get fully verified in just 5 minutes, but it takes me 24 hours now and no clear status for my account application. Also unable to verify my email for a reason of not sending any verification code to my email.",account_access_issue,GCash,Google Play (Kaggle public dataset),1,2020-08-02T11:56:38.000Z,strict_rule_relabel,training
ewallet_03084,Can you please include STUDENT'S ID in verification process??? It is so hard to use gcash without any id other than student's id,feature_request,GCash,Google Play (Kaggle public dataset),1,2022-05-26T11:59:26.000Z,strict_rule_relabel,training
ewallet_03085,"Everytime you ask us to update,the app gets really frustrating to use, keeps on having error, I can't even send money! What's the point of updating if it only keeps getting worse !",transfer_issue,GCash,Google Play (Kaggle public dataset),1,2023-10-19T05:07:26.000Z,strict_rule_relabel,training
ewallet_03087,Lagi nlng error jusme d nako naka cash out ng maayos. Ayusin nyo to!!,transfer_issue,GCash,Google Play (Kaggle public dataset),1,2023-10-20T08:48:57.000Z,strict_rule_relabel,training
ewallet_03088,I got banned for suspicious activity wow ok the only thing i ever did was buy something in a game and you call that suspicious?? Thats bs,security_concern,GCash,Google Play (Kaggle public dataset),1,2021-09-19T06:00:16.000Z,strict_rule_relabel,training
ewallet_03090,i cannot log in right now how can i place my mpin please help,account_access_issue,GCash,Google Play (Kaggle public dataset),5,2020-08-03T02:24:56.000Z,strict_rule_relabel,training
ewallet_03091,Noong last na hindi ko pa na update ang gcash app very good pero noong nag ask na sya ng update nagluko na ni hindi ko ma open at ang problema pa ay ting bayadng bills at di ko ko ma open sana ma ok na ito kasi bago pa ako nka cash inn at di na ma open at sana di na kayo palagi ask update kasi ok nman yong app nga ang laki ng problema hindi bills at nka cash in na ako e ano gagawin ilan ulit ko nang na uninstall ang app tsaka balik download di parin ma open,transfer_issue,GCash,Google Play (Kaggle public dataset),2,2023-10-21T01:30:01.000Z,strict_rule_relabel,training
ewallet_03092,I hope gcash allow overseas users to use the phone number in existing country,feature_request,GCash,Google Play (Kaggle public dataset),5,2022-05-27T08:33:37.000Z,strict_rule_relabel,training
ewallet_03094,"Dpat kasuhan lahat ng Gcash ang gumamit ng app para mkpanloko,, sablay sa security ng user,, suki sa scammer yung app,,kulang sa action Gcash kahit may report ng fraudulent activity",security_concern,GCash,Google Play (Kaggle public dataset),1,2021-09-20T11:05:24.000Z,strict_rule_relabel,training
ewallet_03096,I'd been using gcash for almost 6 years now.. but just now . I can't update my Gcash. Idk what happened but. Can you please help me because I have transactions under my gcash. And now I can't even open and send money to someone because I need to update it. But it's not working when I am updating the app.,transfer_issue,GCash,Google Play (Kaggle public dataset),1,2023-10-23T02:28:10.000Z,strict_rule_relabel,training
ewallet_03097,"Trying to open how many time but too hard to move forward , I hope I could do this perfectly now.",feature_request,GCash,Google Play (Kaggle public dataset),5,2022-05-29T08:15:12.000Z,strict_rule_relabel,training
ewallet_03098,"Pay bills transaction problems always fail. Also, news reported that gcash is having technical issues with scammers, members losing money and scammers. For a company with huge resources, they sure are doing a great job of making their users lose money.",payment_failure,GCash,Google Play (Kaggle public dataset),1,2023-05-10T02:06:17.000Z,strict_rule_relabel,training
ewallet_03101,"Please bring back load to GCash, needing to go to a 7/11 everytime to cash in is so tedious and going to a local store to buy load is so much easier.",transfer_issue,GCash,Google Play (Kaggle public dataset),3,2022-05-30T05:25:25.000Z,strict_rule_relabel,training
ewallet_03104,Subrang dali talaga ng transaction kahit yung cash in at cash out sa transfer bank din ok din subrang 101% na legit di scam promise magandang app Ang GCASH,transfer_issue,GCash,Google Play (Kaggle public dataset),5,2021-09-22T12:00:51.000Z,strict_rule_relabel,training
ewallet_03108,"It's good so far but I can get little request, I can't verified my account due to lack of id. I only have TIN number ID. I hope you can add it too as option. Getting national id is hectic as they don't issue easily. I wanted to save to gcash but I'm not able because it's not verified. Please reconsider TIN number to be added in the list of option. Thank you",feature_request,GCash,Google Play (Kaggle public dataset),4,2022-06-04T06:52:03.000Z,strict_rule_relabel,training
ewallet_03109,What happen to you gcash it is hard to open emergeny cash out huhuhu i dont like this app a lot of problem,transfer_issue,GCash,Google Play (Kaggle public dataset),1,2023-10-23T12:34:41.000Z,strict_rule_relabel,training
ewallet_03111,internal server error. seriously? i need to cash out come on gcash you need to fix this please,transfer_issue,GCash,Google Play (Kaggle public dataset),1,2023-10-23T13:46:15.000Z,strict_rule_relabel,training
ewallet_03112,"2 star pra sa laging problema, hirap mag change number always loading. Our money is not safe pag may nag report na scammer ung number which is pano nmn ung side namin di namin ma explain bigla nlng banned ung account without notice? Last is lagi maintenance, di timely magamit madalas nlng ung maintenance. Sana maayos po kasi we trust gcash for a long time. 2 star for kyc is strictly concern.",security_concern,GCash,Google Play (Kaggle public dataset),2,2021-09-23T07:49:57.000Z,strict_rule_relabel,training
ewallet_03113,Please include City/Municipal IDs to the valid IDs for account verification,feature_request,GCash,Google Play (Kaggle public dataset),4,2022-06-05T19:33:38.000Z,strict_rule_relabel,training
ewallet_03114,i cant open my account it says went something wrong..your apps is that has a problem..cant pay may gloan because i cant open my account..everyday theres a penalty increase..,payment_failure,GCash,Google Play (Kaggle public dataset),1,2023-05-15T02:51:55.000Z,strict_rule_relabel,training
ewallet_03115,Napakadaming bugs at error sa gxash ngayon di din makapag cash in sa bpi tru gcash,transfer_issue,GCash,Google Play (Kaggle public dataset),1,2023-10-24T11:12:55.000Z,strict_rule_relabel,training
ewallet_03116,qr code/scanning feature is not working!!!!!!,payment_failure,GCash,Google Play (Kaggle public dataset),1,2023-05-15T11:49:17.000Z,strict_rule_relabel,training
ewallet_03118,Verification process suck. It is already 2 weeks but my verification is still in progress. Unlike before that would only take a day to verify your account. I think paymaya would be better.,account_access_issue,GCash,Google Play (Kaggle public dataset),1,2022-06-06T06:22:18.000Z,strict_rule_relabel,training
ewallet_03119,"too much of a hassle. after the issue with east west, it never worked until now. i have bills to pay where gcash is my only mode of payment. gcash users here on my area are having the same issue. useless ticketing system. my issue is not even on the choices. when u choose the nearest one to your issue, it will create the ticket but obviously will not check the uploaded error image ang will give u wrong resolution. kindly fix this please",payment_failure,GCash,Google Play (Kaggle public dataset),1,2023-05-16T02:29:23.000Z,strict_rule_relabel,training
ewallet_03120,Where's the STUDENT ID option? Im very disappointed. I have a huge amount of money in my account but I can't get it because I can't verify my account. Please fix this!,feature_request,GCash,Google Play (Kaggle public dataset),1,2020-08-05T02:13:45.000Z,strict_rule_relabel,training
ewallet_03121,Not good sometimes.transactions delayed and much expensive because we need to pay double in cash in and cash out..better you low or reduce your payment in paying cash in and out.,transfer_issue,GCash,Google Play (Kaggle public dataset),1,2023-10-25T22:38:05.000Z,strict_rule_relabel,training
ewallet_03122,"Hindi kuna mabuksan gcash ko, at may laman na pera pa ito. Scammer talaga tong app na ito kasi hindi kuna mabuksan, ok sana gamitin sa mga pay bills, pag load at iba pa. Ang kaso ngayon ay hindi kuna mabuksan pa, magnanakaw talaga kung di niya mabalik sakin.",payment_failure,GCash,Google Play (Kaggle public dataset),1,2021-09-24T22:08:29.000Z,strict_rule_relabel,training
ewallet_03123,Worst update so far! The Globe at home option in the Buy Load section is gone! It gives us more and more and more hassle in many ways! Please bring back the Globe at home Option in the buy load section! And fix your verification process!!!!!,feature_request,GCash,Google Play (Kaggle public dataset),1,2022-06-07T05:18:19.000Z,strict_rule_relabel,training
ewallet_03124,Since first week of October I can't open why after so many years of using this only this month have very big problems I wanna send money I can't send I wanna send load even not working as an OFW gcash is very helpful for us but why gcash what happened to you it's keeps on disappearing and says error ..hayss can you fix it now saying no signal even I have 5G signal,transfer_issue,GCash,Google Play (Kaggle public dataset),1,2023-10-26T15:18:36.000Z,strict_rule_relabel,training
ewallet_03127,"I won the prize of P1000 from merry lucky gift rewards of Ali pay but it's been hours now yet I still haven't received the money in my gcash account. Hey it's gcash, we can send money in seconds so why it's taking so long? Please fix my problem. P1000 is a big help",transfer_issue,GCash,Google Play (Kaggle public dataset),1,2023-10-30T07:29:32.000Z,strict_rule_relabel,training
ewallet_03128,It would be nice if there is an announcement for an update or not force update,feature_request,GCash,Google Play (Kaggle public dataset),1,2022-06-08T05:57:31.000Z,strict_rule_relabel,training
ewallet_03129,I cannot log in y oh y,account_access_issue,GCash,Google Play (Kaggle public dataset),5,2020-08-05T06:53:01.000Z,strict_rule_relabel,training
ewallet_03132,"I hope your going to add league of legends: wild rift Wild cores or game credits , so it is easier to buy",feature_request,GCash,Google Play (Kaggle public dataset),5,2022-06-08T07:04:43.000Z,strict_rule_relabel,training
ewallet_03133,"Bank transfer is a nightmare. Again and again with the same problem. Over and over, there is no proper patching. It's like your IT department is run by 2 years old. Glitchy. I'll be taking this to the NBI Anti-Cyber Crime",transfer_issue,GCash,Google Play (Kaggle public dataset),1,2023-10-31T03:09:41.000Z,strict_rule_relabel,training
ewallet_03134,Scam when i load on meralco load 200 and 100 they get my payment and the bill was not posted they give me a receipt but you know your the one to follow up on meralco i emailed meralco they answer once but until that they not answer anymore i have to go to meralco personally to fix the error of gcash the thing is gcash is reliable on there service please like this so anyone can see this.,payment_failure,GCash,Google Play (Kaggle public dataset),1,2021-09-27T19:29:13.000Z,strict_rule_relabel,training
ewallet_03137,Why there's a automatic subscription pay on my GCash even though I already delete all my payment method on my Google play. How can I fix this? Please help me to fix my problem about payment method there's a automatic subscription deduction pay.,payment_failure,GCash,Google Play (Kaggle public dataset),1,2023-05-24T06:54:48.000Z,strict_rule_relabel,training
ewallet_03138,I've sent a money to a certain person via qr and you gcash deducted that sum of money to my account however the person i did sent the money did not received it. You stole the money and i needed it back nothing shows on my transaction history but i have proof that ive sent it and you deducted it! You need to fix this!!,payment_failure,GCash,Google Play (Kaggle public dataset),1,2023-11-01T00:32:05.000Z,strict_rule_relabel,training
ewallet_03142,I can't register. It says that I need to reset my mpin.,account_access_issue,GCash,Google Play (Kaggle public dataset),1,2020-08-05T12:47:19.000Z,strict_rule_relabel,training
ewallet_03144,Please allow student ID to be used to verify the account,feature_request,GCash,Google Play (Kaggle public dataset),1,2022-06-09T13:42:41.000Z,strict_rule_relabel,training
ewallet_03145,ALWAYS TRANSACTION FAILED EVERYTIME I PAY ONLINE.. Imbes makapagbayad wala penalty kana ng dahil sa transaction failed,payment_failure,GCash,Google Play (Kaggle public dataset),3,2023-05-25T12:33:57.000Z,strict_rule_relabel,training
ewallet_03146,"theres alway a problem with your ""app"" , I was trying to send money to a sick person and thanks to your app we now have to get to a hospital. just because I coupdnt send money to the parents because of a DAMN OTP THATS NOT EVEN SENDING. to the developers. pls, for your own good, retake college.",transfer_issue,GCash,Google Play (Kaggle public dataset),1,2023-11-03T09:26:19.000Z,strict_rule_relabel,training
ewallet_03149,You guys are lying. The money is not safe. Then my wife's credit score is 450 while mine is 560 then she received ggives and gloan. While its been a year im using G credit and the limit is still 2k what the hell. On your requirements you need a higher gscore but this is not true. Really disappointed. I am requesting refund for failed transaction on POS but still charged on my account. Its been 1month and still not feedback. Your advertisement is false/misleading. Youre breaking the law.,payment_failure,GCash,Google Play (Kaggle public dataset),1,2023-05-25T16:25:56.000Z,strict_rule_relabel,training
ewallet_03150,Cannot login anymore. Always Something went wrong,account_access_issue,GCash,Google Play (Kaggle public dataset),1,2020-08-06T04:01:20.000Z,strict_rule_relabel,training
ewallet_03152,My gcash hack my money is 500 then i open my balance 0 your app super not safe to keep in gcash im very disappointed,security_concern,GCash,Google Play (Kaggle public dataset),1,2021-09-29T11:00:51.000Z,strict_rule_relabel,training
ewallet_03153,Can use student ID. You should allow to use the student ID with the age of 21 not just below 17.,feature_request,GCash,Google Play (Kaggle public dataset),1,2022-06-10T17:40:37.000Z,strict_rule_relabel,training
ewallet_03154,How could I pay my gloan if I can't open my gcash apps? Please fix the issue or else that's not my problem if I cannot pay my loan.,payment_failure,GCash,Google Play (Kaggle public dataset),1,2023-05-26T08:09:50.000Z,strict_rule_relabel,training
ewallet_03155,Please fix may ishue i cannot log in ang i change my password icanot change,account_access_issue,GCash,Google Play (Kaggle public dataset),1,2020-08-06T04:59:39.000Z,strict_rule_relabel,training
ewallet_03156,otp didn't receive ... i failed to send money o really need it now...,transfer_issue,GCash,Google Play (Kaggle public dataset),5,2023-11-03T10:22:23.000Z,strict_rule_relabel,training
ewallet_03157,Please bring back the exact amount on prepaid load. So annoying.,feature_request,GCash,Google Play (Kaggle public dataset),2,2022-06-11T00:54:34.000Z,strict_rule_relabel,training
ewallet_03158,"Bills payment sometimes shows error, then when you retry, it says there is a similar transaction already done. When you check your balance and transaction history, the transaction is successful.",payment_failure,GCash,Google Play (Kaggle public dataset),2,2023-05-26T22:35:21.000Z,strict_rule_relabel,training
ewallet_03159,"I can't verify my G-cash account beacuse i don't have any valid id. I only have student id, the application doesn't have an option for other id's.",feature_request,GCash,Google Play (Kaggle public dataset),1,2020-08-06T05:56:34.000Z,strict_rule_relabel,training
ewallet_03160,Before Gcash is awesome but nowadays I experience slow process on cash in and cash out its super delayed. My customers will cancelled it. Huhuhu,transfer_issue,GCash,Google Play (Kaggle public dataset),2,2023-11-03T10:24:41.000Z,strict_rule_relabel,training
ewallet_03161,"I can't open my account because it keep saying that my accout is not secured. I need my money today. How am I suppose to get it if I can't open it. Plus, the otp is delayed when I'm about to cash out.",transfer_issue,GCash,Google Play (Kaggle public dataset),2,2023-11-03T11:15:24.000Z,strict_rule_relabel,training
ewallet_03162,"The app is good, unfortunately it is getting used by some people doing cybercrime. I hope that you could find your best way to protect the people using your flatform and to stop those people whose using your app for crime.",feature_request,GCash,Google Play (Kaggle public dataset),1,2022-06-13T07:24:05.000Z,strict_rule_relabel,training
ewallet_03163,I always received the verification code too late to verify,account_access_issue,GCash,Google Play (Kaggle public dataset),1,2020-08-06T12:29:44.000Z,strict_rule_relabel,training
ewallet_03164,"This ""device is not secure"" is so annoying. I can't send money and claim my allowance. Kindly fix this problem. So frustrating!",transfer_issue,GCash,Google Play (Kaggle public dataset),1,2023-11-03T13:25:37.000Z,strict_rule_relabel,training
ewallet_03165,Why I can't verify my gcash through email. I didn't receive any verification code in my email. I tried it many times but no verification cod3 recieve.,account_access_issue,GCash,Google Play (Kaggle public dataset),1,2020-08-06T13:13:10.000Z,strict_rule_relabel,training
ewallet_03166,Can no longer send money.why?big problem in this app.lately.something fishy,transfer_issue,GCash,Google Play (Kaggle public dataset),1,2023-11-03T16:01:57.000Z,strict_rule_relabel,training
ewallet_03167,I think u need to add the other ID option thanks,feature_request,GCash,Google Play (Kaggle public dataset),1,2022-06-14T02:42:01.000Z,strict_rule_relabel,training
ewallet_03169,Gcash please Fix the super delay OTp code respond . I cant send Money right now,transfer_issue,GCash,Google Play (Kaggle public dataset),3,2023-11-04T03:51:39.000Z,strict_rule_relabel,training
ewallet_03173,"When payment fails, it won't let you pay again with the same number. Hassle especially when paying with store/merchants. Tried a number of times and even updated the app but didn't work.",payment_failure,GCash,Google Play (Kaggle public dataset),1,2023-05-27T10:51:09.000Z,strict_rule_relabel,training
ewallet_03174,"Fix your app, a simple launch of the app has tons of problems even unenrolling my linked card account. Everything is a hassle just for a single cash in process. Internal server error out of nowhere",transfer_issue,GCash,Google Play (Kaggle public dataset),1,2023-11-05T08:05:56.000Z,strict_rule_relabel,training
ewallet_03175,This app is good help to me because I use this to load somebody but now why there's no globe TM and TNT available that's why I rate this app 1 please bring back that's 3 because it's very important to load,feature_request,GCash,Google Play (Kaggle public dataset),1,2022-06-16T14:03:23.000Z,strict_rule_relabel,training
ewallet_03176,"It's getting worse every single day that passes. You can't even send money without encountering an error anymore. There will always be a ""No internet connection"" or ""Sorry something went wrong""",transfer_issue,GCash,Google Play (Kaggle public dataset),1,2023-11-05T08:47:16.000Z,strict_rule_relabel,training
ewallet_03177,I cannot open my gcash account due to internal server failure. It is very inconvience i cannot cash out the money instantly.,transfer_issue,GCash,Google Play (Kaggle public dataset),1,2023-11-05T23:56:09.000Z,strict_rule_relabel,training
ewallet_03178,What is wrong with Gcash apps application. Until now I cannot use my Gcash account to pay my bills because of this Gcash update but it's not working.,payment_failure,GCash,Google Play (Kaggle public dataset),1,2023-05-28T16:22:47.000Z,strict_rule_relabel,training
ewallet_03179,I can't log in my account,account_access_issue,GCash,Google Play (Kaggle public dataset),1,2020-08-07T04:48:51.000Z,strict_rule_relabel,training
ewallet_03180,"Perwisyo na, ano ginawa nyo sa gcash perwisyo tuwing may babayara error, kapag cashin smooth nakakadismaya, sinasamantala nyo kasi kailangan namin mga mahihirap ito",transfer_issue,GCash,Google Play (Kaggle public dataset),1,2023-11-06T03:27:41.000Z,strict_rule_relabel,training
ewallet_03181,Good app i use it for my gaming like on ps4 but it would be nice if i could also use it for my Nintendo switch so i could buy on the eshop there,feature_request,GCash,Google Play (Kaggle public dataset),5,2022-06-17T08:02:04.000Z,strict_rule_relabel,training
ewallet_03182,You need to fix this problem ! Damn it! Troubleshoot !!! I need to pay my bills using this app!!!,payment_failure,GCash,Google Play (Kaggle public dataset),1,2023-05-28T19:15:42.000Z,strict_rule_relabel,training
ewallet_03183,I can't verify. Bring back student ID verification,feature_request,GCash,Google Play (Kaggle public dataset),1,2020-08-07T05:21:54.000Z,strict_rule_relabel,training
ewallet_03184,Very bad update before cash out funds..that's the problem now!! You fix this. I do not want this app any more its frustrating. I do not recommend it at all.,transfer_issue,GCash,Google Play (Kaggle public dataset),1,2023-11-06T06:07:37.000Z,strict_rule_relabel,training
ewallet_03186,For the past months gcash always has a problem. I am even scared to pay my bills using this app and I am thinking of uninstalling this app.,payment_failure,GCash,Google Play (Kaggle public dataset),1,2023-05-28T23:16:04.000Z,strict_rule_relabel,training
ewallet_03187,Please fix the problem about logging in it's so annoying...every 2 weeks it needs an update the app..how can we pay bills if this app not working?!!! Please fix this trying to update and it's so slow and it will says try again...fix this,payment_failure,GCash,Google Play (Kaggle public dataset),1,2023-05-28T23:52:03.000Z,strict_rule_relabel,training
ewallet_03188,Please include TIN I.D for verification process. Thank you!,feature_request,GCash,Google Play (Kaggle public dataset),3,2022-06-18T05:32:22.000Z,strict_rule_relabel,training
ewallet_03189,"Darn, it was fine at first but today, I am so annoyed of it because I loaded 100 pesos in my globe sim and it deducted my balance but I didn't receive the load, but since it is an emergency I loaded again, this time I received the load. What annoys me is that my balance was deducted twice but I only receive the one that I loaded the second time! Grrr!!!! Since I am poor, 100 pesos is already a great loss for me!! Please either refund it or give me my load so that I will change my rating!!!",payment_failure,GCash,Google Play (Kaggle public dataset),4,2023-05-29T10:50:01.000Z,strict_rule_relabel,training
ewallet_03190,I cant log in how many times i tried. But the reply is you can reset your MPIn below to access your account. But i already tried to resit but i cannot log in using my 4 digit pin. Can you help me if what im going to do. I have money in gcash but i cannot used it. Im veeu exhousted,account_access_issue,GCash,Google Play (Kaggle public dataset),1,2020-08-07T14:39:44.000Z,strict_rule_relabel,training
ewallet_03191,"Thank you GCash Team for maintaining GCash so accessible and staible. I save money, invest and paying my bills here. Its very convenient and easy to use. I hope you add more usreful features in the future.",feature_request,GCash,Google Play (Kaggle public dataset),5,2022-06-19T06:25:19.000Z,strict_rule_relabel,training
ewallet_03192,Its so slow and always showing theres a problem i cant pay or load because its loading and non stop loading,payment_failure,GCash,Google Play (Kaggle public dataset),1,2023-05-29T11:14:20.000Z,strict_rule_relabel,training
ewallet_03193,Not safe to use...even they have alot of verification.lots of scammers using this apps...they can register multiple accnts to scam other user...i report all the scammers number.but gcash has no responce with it...shame on you...zero star for this...,security_concern,GCash,Google Play (Kaggle public dataset),1,2021-10-06T09:44:09.000Z,strict_rule_relabel,training
ewallet_03194,Please fix the issue I can't transfer money to other gcash or bank account it keeps saying my phone is not secure! Come on! I've been using my gcash with this phone.,transfer_issue,GCash,Google Play (Kaggle public dataset),1,2023-11-08T00:38:46.000Z,strict_rule_relabel,training
ewallet_03195,Kindly add pakistan number in registertion option,feature_request,GCash,Google Play (Kaggle public dataset),1,2022-06-26T04:35:13.000Z,strict_rule_relabel,training
ewallet_03196,"Will be switching to Paymaya, this app is very glitychy keep getting the same error and cant send money",transfer_issue,GCash,Google Play (Kaggle public dataset),1,2023-11-10T04:00:43.000Z,strict_rule_relabel,training
ewallet_03197,Gcash is very unreliable. In times that you have to transfer the cash from bank to gcash. The transfer is delayed or did not reflect on time.,transfer_issue,GCash,Google Play (Kaggle public dataset),2,2023-11-10T08:44:01.000Z,strict_rule_relabel,training
ewallet_03199,I cant open it. MPIN problem i change it but still cannot log in. Bad experience how can i get my money back? Hard earned money,account_access_issue,GCash,Google Play (Kaggle public dataset),1,2020-08-08T14:09:44.000Z,strict_rule_relabel,training
ewallet_03201,I don't think it was still fun I tries for several times and until now I can't log in or register fixed it now,account_access_issue,GCash,Google Play (Kaggle public dataset),1,2020-08-09T02:13:47.000Z,strict_rule_relabel,training
ewallet_03202,sorry pero delayed kasi bank transfer ko po tapos yong hep center nio hindi nman nakakatulong.,transfer_issue,GCash,Google Play (Kaggle public dataset),1,2023-11-10T11:07:07.000Z,strict_rule_relabel,training
ewallet_03203,Good Day Ma'am/Sir Suggestion/Request ko po lang na kung pwede po ay idagdag sa feature ng pagbili ng load iyong manual na pag-input ng amount ng load na bibilhin. Tulad ng dati meron siya pero ngayon is nawala siya. Kaya medyo hassle lang kapag wala iyong exact amount na need nila. Kailangan pang hati-hatiin sa ibat-ibang amount.,feature_request,GCash,Google Play (Kaggle public dataset),5,2022-06-27T11:08:43.000Z,strict_rule_relabel,training
ewallet_03204,"Gcash, fix the issue please, I can't cash out my money but my account is already fully verified, I hate it and please update it and fix the virus or bug.",transfer_issue,GCash,Google Play (Kaggle public dataset),1,2023-11-11T09:45:08.000Z,strict_rule_relabel,training
ewallet_03205,"This app has a big problem, it's very difficult to use, especially when you Cash out, that my account is not secure and need a code to verify, and It's takes long time to cash out. I can't even use it sometimes because it's keep going back and logging. Not very satisfied at all.",transfer_issue,GCash,Google Play (Kaggle public dataset),1,2023-11-11T11:24:37.000Z,strict_rule_relabel,training
ewallet_03206,my gcash acc always askling me for 59.00php and 159.00php i cancel all my transaction on my google account but still asking for payment? can you help me for this problem?,payment_failure,GCash,Google Play (Kaggle public dataset),1,2023-06-07T01:59:44.000Z,strict_rule_relabel,training
ewallet_03207,Fix this app. It's been very frustrating to use lately. My linked account was disconnected. Can't cash in and send money without constantly getting the error device not secure (Ref 05) 3621:97B8 It will take multiple attempt before getting through.,transfer_issue,GCash,Google Play (Kaggle public dataset),2,2023-11-12T05:45:26.000Z,strict_rule_relabel,training
ewallet_03209,"I always have a problem with verefication especially with ID , its totally clear in my eyes clear captured and readable but they will just tell you that its unclear photo ID .They will make you try and try again until nothing happened .So dissappointed .Very time consuming . I hope you could fix this soon as possible .Thank you",feature_request,GCash,Google Play (Kaggle public dataset),1,2022-07-03T03:45:03.000Z,strict_rule_relabel,training
ewallet_03210,"Seriously. Anong meron this month. Nakaka turn off na yung mga laging hindi maka cash in, crash, unavailable, developer option issue. Pinapa alis nyo ba mga users? Cash in nag crash, 2 beses ako nag otp, so na dalawang charge at bank fees. Dagdag fees tapos puro crash app.",transfer_issue,GCash,Google Play (Kaggle public dataset),1,2023-11-12T17:20:16.000Z,strict_rule_relabel,training
ewallet_03212,Very bad system I do the transaction one time but the agent say it's failed to transact ! So I made again.I have paid two times just a minute ago it should be 1499 but unfortunately your machine says the transaction is failed. So I make again a transaction for payment! How come your platform agent takes two times! The amount of money 2999? Instead of 1499? Do you have shame? I want my money back!!,payment_failure,GCash,Google Play (Kaggle public dataset),1,2023-06-10T09:32:44.000Z,strict_rule_relabel,training
ewallet_03213,I can't receive authentication code when using this app! I can't log in!,account_access_issue,GCash,Google Play (Kaggle public dataset),1,2020-08-10T12:14:31.000Z,strict_rule_relabel,training
ewallet_03214,"Thank gosh, gcash has auto refund feature something, i thought i was charged THRICE for my game credit, i accidentally purchased the same item thrice due to internet problems, but i saw in the transaction history that it was refunded back. I thought i have to contact the customer service of the game, saves a lot of time. Thanks, gcash",payment_failure,GCash,Google Play (Kaggle public dataset),5,2023-06-12T18:00:48.000Z,strict_rule_relabel,training
ewallet_03215,"Gcash stole my money fraudulently then denied my dispute claim, they dont even provide proof or reason why they deny my fraud claim. Don't ever donwload the app. Check reviews at google for more FRAUD REPORTS THAT THEY DONT GET TO RESOLVE!!!",security_concern,GCash,Google Play (Kaggle public dataset),1,2021-10-10T03:17:44.000Z,strict_rule_relabel,training
ewallet_03217,"GARBAGE APP. If your bill transaction fails, you can no longer do it again. It says theres a similar transaction that was made. Also, ALWAYS have an issue and ALWAYS put you in EMBARRASMENT situation when you use it",payment_failure,GCash,Google Play (Kaggle public dataset),1,2023-06-14T10:22:50.000Z,strict_rule_relabel,training
ewallet_03219,"I always have a hard time scanning a QR. Sometimes, it was even unable to read QR codes. I have no problems scanning QR codes of other apps, but when it comes to GCash, it was hellish",payment_failure,GCash,Google Play (Kaggle public dataset),3,2023-06-14T12:41:27.000Z,strict_rule_relabel,training
ewallet_03221,"My phone temporarily glitched due to lag while typing in my verification form, so it uploaded my incomplete data while having my passport also as well. It's been 2 weeks and I can't even reedit my verification even online. Please add an option to verify my gcash through your website.",feature_request,GCash,Google Play (Kaggle public dataset),1,2022-07-04T13:02:57.000Z,strict_rule_relabel,training
ewallet_03222,Update pa Ng update. Tas pag cash out may bayad pa din. Scam na ata to ah,transfer_issue,GCash,Google Play (Kaggle public dataset),5,2021-10-11T14:26:59.000Z,strict_rule_relabel,training
ewallet_03223,"can use with no data balance can transact as fast as you can bug removed in buy load option no desired denomination in buy load that's too bad for new update, please bring back that option, many load buyers are looking for that.",feature_request,GCash,Google Play (Kaggle public dataset),1,2022-07-05T01:56:55.000Z,strict_rule_relabel,training
ewallet_03224,"QR payment keeps failing, need to reinstall once in a while, makes it inconvenient",payment_failure,GCash,Google Play (Kaggle public dataset),2,2023-06-21T01:46:21.000Z,strict_rule_relabel,training
ewallet_03226,i strongly suggest that they should allow student's id to make the account fully verified,feature_request,GCash,Google Play (Kaggle public dataset),4,2022-07-05T10:26:24.000Z,strict_rule_relabel,training
ewallet_03228,Before they have security bank in cash in but now they remove it that's why so i am disappointed,transfer_issue,GCash,Google Play (Kaggle public dataset),1,2021-10-14T01:25:53.000Z,strict_rule_relabel,training
ewallet_03229,I got locked out of my account and no email support assisted me even after sending the details they need. Tried resetting MPIN on the app after every 24 hours and the responses are always wrong even if I already tried all of the possible responses. I still have money in my GCash account and now I can't use it because I can't access my account,account_access_issue,GCash,Google Play (Kaggle public dataset),1,2020-08-13T05:17:08.000Z,strict_rule_relabel,training
ewallet_03232,"ALWAYS, ALWAYS CANT LOG IN... SAME ISSUE AS BEFORE ME TRYING TO USE THIS APP",account_access_issue,GCash,Google Play (Kaggle public dataset),1,2020-08-13T18:57:57.000Z,strict_rule_relabel,training
ewallet_03233,I hope gcash will have a real on time customer service or a person can ask directly. What if we lose our phone and number how can we still get our gcash balance. This is only a suggestion. And i hope the monthly transaction will raise.,feature_request,GCash,Google Play (Kaggle public dataset),3,2022-07-07T17:03:12.000Z,strict_rule_relabel,training
ewallet_03236,Do guys have any plans on updating the security of the app? Seems to lack passwords and OTP when sending money.,account_access_issue,GCash,Google Play (Kaggle public dataset),3,2021-10-15T13:44:24.000Z,strict_rule_relabel,training
ewallet_03237,Ok pa sa ok! Pero sana mas ma-improve pa security ng app like requiring a strong password instead of a 4-digit pin. Pera kasi yan.,account_access_issue,GCash,Google Play (Kaggle public dataset),4,2021-10-15T22:57:30.000Z,strict_rule_relabel,training
ewallet_03238,Would be nice if you still allow users to use the app even if it isn't updated yet.,feature_request,GCash,Google Play (Kaggle public dataset),4,2022-07-09T02:19:52.000Z,strict_rule_relabel,training
ewallet_03239,pay qr sometimes failed and you will lost money,payment_failure,GCash,Google Play (Kaggle public dataset),3,2023-07-14T09:31:47.000Z,strict_rule_relabel,training
ewallet_03240,I can't verify my account since they removed STUDENT ID for verification process. I hope they bring that back since there's a lot of students like me needs this app for our homebase online job.,feature_request,GCash,Google Play (Kaggle public dataset),1,2020-08-15T05:29:11.000Z,strict_rule_relabel,training
ewallet_03243,"BRING BACK THE OLD HOMEPAGE DESIGN. Been using GCash for 5 years now, and as someone who worked for app design company, I must say this is their worst update. Homepage looks super ugly and juvenile. UI is a very important factor on the whole user experience and bro, this ain't it. Kindly bring back the old look. Thanks.",feature_request,GCash,Google Play (Kaggle public dataset),1,2022-07-09T06:57:21.000Z,strict_rule_relabel,training
ewallet_03245,The qr payment always failing,payment_failure,GCash,Google Play (Kaggle public dataset),1,2023-07-17T06:52:10.000Z,strict_rule_relabel,training
ewallet_03247,"EXCUSE ME, I CANNOT LOG IN, WHAT TO DO? PLEASE HURRY",account_access_issue,GCash,Google Play (Kaggle public dataset),1,2020-08-17T12:55:33.000Z,strict_rule_relabel,training
ewallet_03248,"Gcash app,is number one ewallet, but,kulang sa security protection para maiwasan hindi manakaw ang account mo, i highly suggest to the developer, dagdagan ang security protection, to add a goggle authenticator, pag naka goggle authenticator kasi kahit malaman pa ng ibang tao ang password mo or mpin,hindi nila maoopen dahil paibaiba ang code number ng goggle authenticator,so hindi ka matatakot ng maglagay ng pera sa gcash account mo,kasi ngayon kulang ang security protection sa mga users ng gcash",account_access_issue,GCash,Google Play (Kaggle public dataset),3,2021-10-18T05:26:30.000Z,strict_rule_relabel,training
ewallet_03250,Editing my review from 1 to 3 because apparently gcash is having issues logging me in to my account. I have to pay my bills and my money is in there.,payment_failure,GCash,Google Play (Kaggle public dataset),3,2023-07-17T12:12:15.000Z,strict_rule_relabel,training
ewallet_03252,"My tiket 91806822 was not solve it's been 5 days now. I pay online 449 pesos, but my transaction declined and gcash deducted me 449 pesos they promise they return my money until now, gcash not reply to me I don't recomended this app, bcoz the Costomer service is suck they don't resolve the problem and they will ignore you",payment_failure,GCash,Google Play (Kaggle public dataset),1,2023-07-20T02:59:26.000Z,strict_rule_relabel,training
ewallet_03253,Edit: The issue regarding the app which kept on disappearing on the app drawer after you open it has been fixed. Thank god. However been having issues using the QR code reader. REEDIT: App is disappearing again,payment_failure,GCash,Google Play (Kaggle public dataset),3,2023-07-21T01:40:15.000Z,strict_rule_relabel,training
ewallet_03256,"App is good but can you add a search bar on Buy Load, it's inconvenient that I have to scroll before I find the specific promo.",feature_request,GCash,Google Play (Kaggle public dataset),4,2022-07-19T01:29:24.000Z,strict_rule_relabel,training
ewallet_03257,"Good app, but please include government issued I. D...",feature_request,GCash,Google Play (Kaggle public dataset),4,2022-07-19T02:07:29.000Z,strict_rule_relabel,training
ewallet_03260,"It's so hard to use national id to verify, it's too complicated like you don't want us to use your app. Please add unlimited tries and if I can I would give it 0 stars",feature_request,GCash,Google Play (Kaggle public dataset),1,2022-07-29T12:44:33.000Z,strict_rule_relabel,training
ewallet_03262,"April 4, I can't login through GCash App. I asked my friends about it and they too cannot login. update: glad it was fixed",account_access_issue,GCash,Google Play (Kaggle public dataset),5,2020-08-20T03:49:25.000Z,strict_rule_relabel,training
ewallet_03263,"too many bugs, and would take after 24 hrs to try security questions again. no option to use thru email. Help center not even working! ka stress!",feature_request,GCash,Google Play (Kaggle public dataset),1,2021-10-21T22:48:23.000Z,strict_rule_relabel,training
ewallet_03264,Just lost money from an unknown transaction. Didn't get a refund even though it's a well-known problem in the app. Such bad service.,payment_failure,GCash,Google Play (Kaggle public dataset),2,2023-07-29T07:12:33.000Z,strict_rule_relabel,training
ewallet_03268,Nice and good i hope they always update it and add more feature and partner to use it,feature_request,GCash,Google Play (Kaggle public dataset),5,2022-08-02T14:44:19.000Z,strict_rule_relabel,training
ewallet_03269,My account was used for an unauthorized transaction to pay something here in Play Store. Refund my money back!,payment_failure,GCash,Google Play (Kaggle public dataset),1,2021-10-23T05:24:12.000Z,strict_rule_relabel,training
ewallet_03270,Why i can't log in in my account ? Loading is sucks! How long i will wait ?!,account_access_issue,GCash,Google Play (Kaggle public dataset),1,2020-08-20T09:28:19.000Z,strict_rule_relabel,training
ewallet_03271,I cannot generate my QR code. Its an error problem everytime i try to generate,payment_failure,GCash,Google Play (Kaggle public dataset),3,2023-07-31T00:35:45.000Z,strict_rule_relabel,training
ewallet_03273,"I encounter an issue via QR Payment. I've issed a ticket on july 30, 2023 and provided the information (SMS and Store Receipt). Its Aug.3 2023 now and I havent got any update about my ticker of my money.",payment_failure,GCash,Google Play (Kaggle public dataset),1,2023-08-03T06:56:34.000Z,strict_rule_relabel,training
ewallet_03275,You have a lot of security issues and a lot of things happen with your account. I am uninstalling this after my concern has been resolved. This is not worth it.,security_concern,GCash,Google Play (Kaggle public dataset),1,2021-10-24T10:07:43.000Z,strict_rule_relabel,training
ewallet_03278,please bring back favorite features of gcash on buy load,feature_request,GCash,Google Play (Kaggle public dataset),4,2022-08-05T12:23:35.000Z,strict_rule_relabel,training
ewallet_03281,"I can't verify the account that i created. It says that due to community quarantine, online verification will only hold from 9am to 5pm daily, but its already 10:28am and still can't verify my account. This is the 2nd day. Same thing on the 1st day, can't verify my account.",account_access_issue,GCash,Google Play (Kaggle public dataset),1,2020-08-25T02:29:55.000Z,strict_rule_relabel,training
ewallet_03282,Can you add night mode?,feature_request,GCash,Google Play (Kaggle public dataset),4,2022-08-06T04:30:19.000Z,strict_rule_relabel,training
ewallet_03283,I minimal problem before with gcash until recently. It became worst. I Reached out to help center because I requested a refund from a merchant. This merchant approved my refund and the money was already sent back to Gcash but not yet showing on my Gcash account. Agents are so dumb. They are always insisting that my payment was successful and there were no problem on their record which I'm very much aware of that because I paid it and I'm requesting a refund for that specific transaction.,payment_failure,GCash,Google Play (Kaggle public dataset),1,2023-08-11T01:22:08.000Z,strict_rule_relabel,training
ewallet_03285,So dissappointing i cant open my acount. I already sent ticket to costumer service but still i cant open... Even reinstalling i do it several times but still not working. Im so very dissapointing in this apps. I cant get my money because of this problem. I hope you can solve this problem because we need to pay bills,payment_failure,GCash,Google Play (Kaggle public dataset),1,2023-08-11T07:16:18.000Z,strict_rule_relabel,training
ewallet_03289,Your customer service sucks! Keeps on sending the same email again and again! You have the audacity to sent us emails at night so that we can't contact you because your office hours is 8am-5pm! AND HOW DARE YOU CHANGE MY MPIN WITHOUT MY CONSENT?! IT JUST TO SHOW THAT YOU FREELY CAN ACCESS OUR ACCOUNTS AND WE HAVE NO PRIVACY!,account_access_issue,GCash,Google Play (Kaggle public dataset),1,2021-10-27T15:35:52.000Z,strict_rule_relabel,training
ewallet_03290,"I am abroad and don't have a Philippine mobile number with me, and therefore can't even start my registration, please allow international numbers as well",feature_request,GCash,Google Play (Kaggle public dataset),1,2022-08-08T05:31:47.000Z,strict_rule_relabel,training
ewallet_03292,please fix the account verification because I'm just a student because I can't verify the account.,account_access_issue,GCash,Google Play (Kaggle public dataset),3,2020-08-30T06:02:58.000Z,strict_rule_relabel,training
ewallet_03293,"This is a good app. However, please allow 18+ college students to verify their accounts by using school ID as the main identifier of their identity.",feature_request,GCash,Google Play (Kaggle public dataset),5,2022-08-11T02:56:46.000Z,strict_rule_relabel,training
ewallet_03295,"I was so frustrated in this GCASH app. I tried to cash in from Western Union and my money was not cash in my GCASH account after I processed it. Its worth more than 7,540 and its gone like a bubbles. I tried to reach out for an assistance in their Help Center but nobody try to assist me and fix the issue. The problem until now has not been resolve. Instead of helping me, they locked my account so I could not received my money. Give me back my money, GCASH scammed me.",transfer_issue,GCash,Google Play (Kaggle public dataset),1,2021-10-30T09:03:34.000Z,strict_rule_relabel,training
ewallet_03298,Gcash please bring back the student id for verification processes,feature_request,GCash,Google Play (Kaggle public dataset),3,2022-08-18T07:38:59.000Z,strict_rule_relabel,training
ewallet_03300,i hope gcash add philhealth contribution in this app,feature_request,GCash,Google Play (Kaggle public dataset),4,2022-08-18T09:13:16.000Z,strict_rule_relabel,training
ewallet_03302,M gcash account i cant login gcash pls back my account or fraud,account_access_issue,GCash,Google Play (Kaggle public dataset),1,2021-10-31T17:58:05.000Z,strict_rule_relabel,training
ewallet_03305,What happened?... I cannot log in..very bad application,account_access_issue,GCash,Google Play (Kaggle public dataset),1,2020-08-31T09:16:29.000Z,strict_rule_relabel,training
ewallet_03308,It keeps on logging and u cannot log in if u dont have stable Internet,account_access_issue,GCash,Google Play (Kaggle public dataset),1,2020-09-01T01:10:41.000Z,strict_rule_relabel,training
ewallet_03310,HORRIBLE PAYMENT METHOD!! REJECTED THE TRANSACTION BECAUSE THE ACCOUNT EXCEEDED THE LIMIT?! MAY PROBLEMA PAG MALAKING AMOUNT YUNG IPAPADALA?! RIDICULOUS!!,payment_failure,GCash,Google Play (Kaggle public dataset),1,2023-09-01T15:01:02.000Z,strict_rule_relabel,training
ewallet_03311,"i tried loading my sim today, yet the transaction failed. and within 48hrs will refunded my money.",payment_failure,GCash,Google Play (Kaggle public dataset),1,2023-09-03T23:01:15.000Z,strict_rule_relabel,training
ewallet_03312,"Good app however, please add NFC feature",feature_request,GCash,Google Play (Kaggle public dataset),5,2022-08-31T12:11:32.000Z,strict_rule_relabel,training
ewallet_03313,"I was paying my bill because it was past due, but it failed and I was still charged. Now I'm waiting for a refund and will be unable to pay my dues because I was charged for nothing!!!! I'M SO DISAPPOINTED, I'M GOING TO LOOK FOR ANOTHER PLATFORM OTHER THAN GCASH. NOT RECOMMENDED.",payment_failure,GCash,Google Play (Kaggle public dataset),1,2023-09-04T08:22:04.000Z,strict_rule_relabel,training
ewallet_03314,This app is good but the problem is I can't verify my acc. because there are no student ID option.,feature_request,GCash,Google Play (Kaggle public dataset),1,2020-09-01T07:37:50.000Z,strict_rule_relabel,training
ewallet_03315,"I couldn't register my other sim. The other one, after registering I don't receive authentication to switch on another device. Plus gcash texted me that I received my cashin but my balance remains 0. It sucks!",transfer_issue,GCash,Google Play (Kaggle public dataset),1,2020-09-01T09:56:21.000Z,strict_rule_relabel,training
ewallet_03316,Please allow us to buy stocks and cryto currency directly in GCash.. That would be awesome,feature_request,GCash,Google Play (Kaggle public dataset),5,2022-09-04T02:55:45.000Z,strict_rule_relabel,training
ewallet_03318,Please improve app's inbox. Please add an option to delete multiple messages.,feature_request,GCash,Google Play (Kaggle public dataset),3,2022-09-04T06:33:56.000Z,strict_rule_relabel,training
ewallet_03320,",it's much easier to use the old one. no favorites in loading area unlike before. please bring back that system so we can load easily.",feature_request,GCash,Google Play (Kaggle public dataset),3,2022-09-04T12:52:02.000Z,strict_rule_relabel,training
ewallet_03323,"Lots of issues in this app, we have a very goos internet connection at work but when i try to pay via qr code it keeps on saying there is a problem with the internet connection. Upload qr code does not work.",payment_failure,GCash,Google Play (Kaggle public dataset),1,2023-09-14T10:20:18.000Z,strict_rule_relabel,training
ewallet_03324,I like that it's easy to pay bills and people withoit the hassle of falling in line and travel time. I just wish they would charge a fee for loading the wallet.,payment_failure,GCash,Google Play (Kaggle public dataset),5,2022-09-04T15:01:02.000Z,strict_rule_relabel,training
ewallet_03325,Please bring back the free gcash to bank transfer hehehe.,transfer_issue,GCash,Google Play (Kaggle public dataset),5,2022-09-05T11:40:32.000Z,strict_rule_relabel,training
ewallet_03326,May problema po ba features ng gloan payment nyo ? Ayaw po kasi magproceed nagbablack screen pag kiniclick ko yun pay loan then babalik lang sya sa dashboard ng app pang 2 days na ganun,payment_failure,GCash,Google Play (Kaggle public dataset),3,2023-09-16T11:14:26.000Z,strict_rule_relabel,training
ewallet_03328,I hope that this could be usefull,feature_request,GCash,Google Play (Kaggle public dataset),5,2022-09-07T17:28:52.000Z,strict_rule_relabel,training
ewallet_03329,"1 STAR , GRRRRRRRRRR CANT DOWNLOAD MY QR CODE ITS ALWAYS SAYS THERES A PROBLEM TRY AGAIN LATER",payment_failure,GCash,Google Play (Kaggle public dataset),1,2023-09-17T23:22:21.000Z,strict_rule_relabel,training
ewallet_03330,Gcash can you fix your app i cannot log in or sign up what a waste of time and data.,account_access_issue,GCash,Google Play (Kaggle public dataset),1,2020-09-04T02:36:32.000Z,strict_rule_relabel,training
ewallet_03332,"I feel like I am being scammed in this app. I loved the app before when buying from online, but now Everytime I cash in, it does not come into my account anymore, It breaks my heart for having my money wasted. I hate this app now.",transfer_issue,GCash,Google Play (Kaggle public dataset),1,2021-11-15T07:55:47.000Z,strict_rule_relabel,training
ewallet_03335,Can you add tin id?!!!!,feature_request,GCash,Google Play (Kaggle public dataset),1,2022-09-09T10:12:11.000Z,strict_rule_relabel,training
ewallet_03336,"I created a new account because my old one was hacked and was used in illegal activities.I already had it deactivated and reported For quite some time, my new account was going ok I can use the services until one day I can no longer access my gcash money. Even buying a load was a pain. Bank transfers are useless as well.they stopped responding in my emails. So that was it? My money is all yours? Fix your app and be more customer friendly.",transfer_issue,GCash,Google Play (Kaggle public dataset),1,2021-11-17T12:19:23.000Z,strict_rule_relabel,training
ewallet_03337,"this is my 2nd time having the issue of gcash saying my mpin is incorrect even though its correct, what should i do? is there any other way reseting your mpin besides answering the security questions.",account_access_issue,GCash,Google Play (Kaggle public dataset),2,2021-11-17T13:53:31.000Z,strict_rule_relabel,training
ewallet_03338,"If you can, please put student ID in the option of verifying, so that students that doesn't have any valid id still can create an Verified account, it would be nice if that happens.",feature_request,GCash,Google Play (Kaggle public dataset),1,2022-09-10T14:38:14.000Z,strict_rule_relabel,training
ewallet_03339,"Finally got verified! I have issues with the QR code, it does not work and scanning says its invalid.",payment_failure,GCash,Google Play (Kaggle public dataset),4,2023-09-26T00:47:25.000Z,strict_rule_relabel,training
ewallet_03340,i can't log in my gcash acc,account_access_issue,GCash,Google Play (Kaggle public dataset),2,2020-09-06T07:19:55.000Z,strict_rule_relabel,training
ewallet_03342,They need to improve their security feature. Instead of 4 MPIN it should be 6.,account_access_issue,GCash,Google Play (Kaggle public dataset),2,2021-11-20T12:14:37.000Z,strict_rule_relabel,training
ewallet_03346,"Good day to the staff off gcash, is there any problem on your apps, why i can't repay my loan, everytime i click the pay for loan botton it going to home page, and nothing happened to my payment, pls update me about this problem",payment_failure,GCash,Google Play (Kaggle public dataset),5,2023-10-03T02:19:26.000Z,strict_rule_relabel,training
ewallet_03347,"I Do not usually recommend this if you want a stable app for money transfer. Much better if you just use a bank app like Metrobank, Security bank BPI etc. Anyway, they improved the app unlike before na super bagal at madalas down. I recommend to order their Gcash Mastercard for you to easily withdraw and to avoid large charges for money transfer eme nila",transfer_issue,GCash,Google Play (Kaggle public dataset),3,2021-11-21T02:28:35.000Z,strict_rule_relabel,training
ewallet_03349,I cant login to my account due yo an exception error in your system Ive been trying to submit a ticket and contact ur hotline but to no avail all i get is error 429 and your hotline diaconnects after i enter my 11 digit phone number This is bad service,account_access_issue,GCash,Google Play (Kaggle public dataset),1,2020-09-11T05:41:40.000Z,strict_rule_relabel,training
ewallet_03351,i can't log in my gcash account. Always error..,account_access_issue,GCash,Google Play (Kaggle public dataset),1,2020-09-11T05:43:18.000Z,strict_rule_relabel,training
ewallet_03352,Your app has a very fragile security. Mpin should have 4+ characters.,account_access_issue,GCash,Google Play (Kaggle public dataset),1,2021-11-21T07:53:32.000Z,strict_rule_relabel,training
ewallet_03353,Can you please allow to voters certification id for verification,feature_request,GCash,Google Play (Kaggle public dataset),2,2022-10-07T14:43:03.000Z,strict_rule_relabel,training
ewallet_03354,Awful system in terms of refunding of charged transaction regardless of errors during the transaction.,payment_failure,GCash,Google Play (Kaggle public dataset),1,2023-10-06T21:15:20.000Z,strict_rule_relabel,training
ewallet_03355,Your'e not informing us whenever there's maintenance or there's need to fix in Gcash App. We just surprised that we cannot login this time due to maintenance and we have very important trasaction today. Lol Not happy!,account_access_issue,GCash,Google Play (Kaggle public dataset),1,2020-09-11T05:50:48.000Z,strict_rule_relabel,training
ewallet_03356,"unable to refund my money (P2,550) to unsuccessful bank transaction last Aug. 31, 2023.. wala prin Oct 7, 2023 na",payment_failure,GCash,Google Play (Kaggle public dataset),1,2023-10-07T00:18:03.000Z,strict_rule_relabel,training
ewallet_03359,Great app But! I hope u guys soon add some free 50 because paymaya and Paypal does that every month and it would be great if you do such thing in the future,feature_request,GCash,Google Play (Kaggle public dataset),4,2022-10-08T17:47:47.000Z,strict_rule_relabel,training
ewallet_03360,Hi please bring back the text confirmation of how much is your new balance upon receiving or paying something using gcash thanks,feature_request,GCash,Google Play (Kaggle public dataset),3,2022-10-09T01:03:47.000Z,strict_rule_relabel,training
ewallet_03362,I like the older version. Napakahirap na magsend and recieve money dahil hindi mo na nababasa ng tama yung name ng reciever o sender. Please bring back your older version,feature_request,GCash,Google Play (Kaggle public dataset),3,2022-10-09T08:44:51.000Z,strict_rule_relabel,training
ewallet_03365,"I really hate this app, first it is not really trusted, as your money will suddenly gone and now it always update. I hope that other developer would developed another app same this but more reliable",feature_request,GCash,Google Play (Kaggle public dataset),1,2022-10-09T19:42:11.000Z,strict_rule_relabel,training
ewallet_03366,"I am having issue with the recent Gcash app update, whenever I open the app it promted to app setting with an option of force stopping or uninstalling the app, its too hassle and there's no other option to actually open the app, I hope you could immediately resolve this problem with your recent update...",feature_request,GCash,Google Play (Kaggle public dataset),1,2022-10-12T12:40:36.000Z,strict_rule_relabel,training
ewallet_03367,"Kindly Fix the problem,Gcash app so we can pay our Bills in time... Thanks......",payment_failure,GCash,Google Play (Kaggle public dataset),5,2023-10-09T03:50:29.000Z,strict_rule_relabel,training
ewallet_03368,Hello I would like to report a bug since I updated my app last week ago. Then randomly after the update it dissapears on my home screen. And when I look into playstore to check if it was installed it didn't have an open button. I hope you could help me fix this issue because I reinstalled it multiple times just to use it.,feature_request,GCash,Google Play (Kaggle public dataset),1,2022-10-13T04:04:13.000Z,strict_rule_relabel,training
ewallet_03370,I can't use my student id for verification? Seems like the current version doesn't support that anymore. I hope someone from your guys could help me. Please reply at your earliest convenience.,feature_request,GCash,Google Play (Kaggle public dataset),3,2022-10-15T07:15:41.000Z,strict_rule_relabel,training
ewallet_03371,GARBAGE! HOW DO I PAY MY BILLS THAT IS DUE TODAY?? HINDI MA OPEN UNG APP PURO ERROR LUMALABAS !!!,payment_failure,GCash,Google Play (Kaggle public dataset),1,2023-10-09T05:50:09.000Z,strict_rule_relabel,training
ewallet_03372,"(Apps Seabigbang) Do not download the apps, when you will going to finish all what they asking you to do!!! The apps its self will be Log and never move again so you won't able to cash out the 50,000gcash that you waiting for... And im sure this apps earn lots of money because of the adds that you saw everyday and every night , i wish the creator of the apps and the other companies have a Bad Karma in their life.. go to hell you liar and scammer",transfer_issue,GCash,Google Play (Kaggle public dataset),1,2021-11-27T09:11:31.000Z,strict_rule_relabel,training
ewallet_03373,Please bring back the student ID,feature_request,GCash,Google Play (Kaggle public dataset),4,2022-10-18T08:39:29.000Z,strict_rule_relabel,training
ewallet_03375,Only 1 star can be rated Gcash I have been waiting for a few days for a verified account but until now I still have BASIC Level what? you don't want me to have a Gcash account why? I hope my problem is solved ASAP! I HOPE YOU GUYS TEAM GCASH PLEASS SOLVE MY PROBLEMM,feature_request,GCash,Google Play (Kaggle public dataset),1,2020-09-21T11:06:39.000Z,strict_rule_relabel,training
ewallet_03376,It's good. But I hope they'll allow Teenagers like me who doesn't have any Valid cards to get verified. And it's my fault. I lost my school ID. Well Yeah My sister Gave me 100 pesos but. I can't give it to anybody because I'm not verified. Well I'll give 5 stars when I'll get verified.,feature_request,GCash,Google Play (Kaggle public dataset),5,2022-10-20T05:50:15.000Z,strict_rule_relabel,training
ewallet_03380,Can't pay my bills. Always shows error.,payment_failure,GCash,Google Play (Kaggle public dataset),1,2023-10-09T09:41:07.000Z,strict_rule_relabel,training
ewallet_03381,"PLEASE BRING BACK THE NAMES AND REMOVE THIS ""*"" INSTEAD.",feature_request,GCash,Google Play (Kaggle public dataset),1,2022-10-25T04:31:11.000Z,strict_rule_relabel,training
ewallet_03383,Why I can't open my gcash right now? I tried to open it in playstore and it's says I have to uninstall the app or force stop. I hope you could fix this one. I want to update it. I don't know why it happened.,feature_request,GCash,Google Play (Kaggle public dataset),3,2022-10-25T10:37:18.000Z,strict_rule_relabel,training
ewallet_03384,"Very disappointed with this app, laging may issues and you can't even use the app. Had a problem with a payment and it did not even show on the transaction history.",payment_failure,GCash,Google Play (Kaggle public dataset),1,2023-10-09T10:35:34.000Z,strict_rule_relabel,training
ewallet_03385,Please bring back the tablet support.... Can't pay bills,payment_failure,GCash,Google Play (Kaggle public dataset),1,2022-10-26T01:46:43.000Z,strict_rule_relabel,training
ewallet_03387,Can you add the voters certificate because a lot of us using voters certificate instead of voters ID.,feature_request,GCash,Google Play (Kaggle public dataset),4,2022-10-26T02:59:38.000Z,strict_rule_relabel,training
ewallet_03388,Please fix the problem.. Can't access my money to pay some bills and to check my remaining balance,payment_failure,GCash,Google Play (Kaggle public dataset),1,2023-10-09T11:12:39.000Z,strict_rule_relabel,training
ewallet_03391,I can't send money because I can't register to fully verified!!!! It's a waste of time!!! I just cash in but I can't use it!!!!!,transfer_issue,GCash,Google Play (Kaggle public dataset),1,2020-09-25T05:08:46.000Z,strict_rule_relabel,training
ewallet_03393,Hi Gcash maganda naman service nyo at user friendly ang interface nyo may suggestion lang ako. Sana tuwing may babayaran si gcash sa google like yt music ay hihingi parin ng authorization kasi bigla bigla nalang nabawasan eh na uninstall ko na sya pero nagpabayad padin sayang lang sya :( parang pag sayang nya saken yun lang. Thanks,feature_request,GCash,Google Play (Kaggle public dataset),4,2022-10-30T15:48:34.000Z,strict_rule_relabel,training
ewallet_03395,I CAN'T EFFIN PAY MY BILLS UGH. IT'S BEEN 2 DAYS AND IT STILL HAS AN ERROR. I CAN'T EVEN USE MY GCREDIT. GCASH FIX THE ERRORS!!!!!!,payment_failure,GCash,Google Play (Kaggle public dataset),1,2023-10-09T23:37:08.000Z,strict_rule_relabel,training
ewallet_03398,Ano poblema nyo bakit ganun nag cash in ako wala dumating scam ata to,transfer_issue,GCash,Google Play (Kaggle public dataset),1,2021-12-06T04:22:22.000Z,strict_rule_relabel,training
ewallet_03400,"cannot access gcash for two days now, have followed all the tips for troubleshooting but all unsuccessful, what is going on? i need to pay my bills!",payment_failure,GCash,Google Play (Kaggle public dataset),1,2023-10-10T04:09:53.000Z,strict_rule_relabel,training
ewallet_03404,"Can't log in, always freezing. Wth is wrong with this app.",account_access_issue,GCash,Google Play (Kaggle public dataset),1,2020-09-28T02:47:32.000Z,strict_rule_relabel,training
ewallet_03406,Always can't log in or always app not working,account_access_issue,GCash,Google Play (Kaggle public dataset),1,2020-09-29T11:28:12.000Z,strict_rule_relabel,training
ewallet_03407,Good for payment and loading transaction. why I can't open my gcash account already is my account hacked? Need to update the app.,payment_failure,GCash,Google Play (Kaggle public dataset),5,2021-12-08T04:05:09.000Z,strict_rule_relabel,training
ewallet_03409,I HOPE GCASH ALISIN N ANG KKB SA GCASH NAGAGAMIT LANG NG MARAMING SCAMMER ..,feature_request,GCash,Google Play (Kaggle public dataset),2,2021-12-08T15:58:35.000Z,strict_rule_relabel,training
ewallet_03411,"Good , but when update come, all are can't log in this app. We need allways to update",account_access_issue,GCash,Google Play (Kaggle public dataset),1,2020-10-01T04:55:34.000Z,strict_rule_relabel,training
ewallet_03412,"Madami ako kakilala di nabigyan ng solution ng GCash sa mga nakaw or nawalan ng pera dahil may ibang gumamit ng acct. Di nila binibigay ung name ng tao na nag scam dahil sa data privacy kahit nagnakaw na at sasabihin valid transactions, case closed. Mag ingat at wag mag lagay ng malaking pera sa GCash at walang tutulong sa kanila pag nawalan ka. Wala silang silbi kahit 100k ang mawala sau. Gamitin lang ang apps na eto sa mga maliit na bayarin.",security_concern,GCash,Google Play (Kaggle public dataset),1,2021-12-08T16:18:57.000Z,strict_rule_relabel,training
ewallet_03413,"I really want to use Gcash but I can't verify my account, so it's very useless, because the required IDs are very limited. You must also add some valid IDs like PRC id and others. I hope you will also consider these. THANK YOU.",feature_request,GCash,Google Play (Kaggle public dataset),1,2020-10-01T14:25:46.000Z,strict_rule_relabel,training
ewallet_03415,"The application was good until today. Everytime i open the app and try to pay bills, it say an error that the app detected that my device is not secured. I tried to fix it by going to the gcash help center and look for a solution but seeing the solution did not help the problem at all.",payment_failure,GCash,Google Play (Kaggle public dataset),2,2023-10-11T08:48:14.000Z,strict_rule_relabel,training
ewallet_03417,Iys all working good but suddenly i can't access the app when ever i open it it says there is an update i tried updating but it says try again i uninstalled it in an attept to reinstallback but its not installing now i tried several times hopefully you ca fix this i got no access to my account now. No notification in my email only mesage that they are improving gvisr for multiple transaktion but none of the maintenace affecting the access or installation i hope it would work again .,feature_request,GCash,Google Play (Kaggle public dataset),2,2022-11-10T01:02:30.000Z,strict_rule_relabel,training
ewallet_03418,"Good convenience, but sometimes it got hard to load because of keep on updating mode, I hope it could be fixed.",feature_request,GCash,Google Play (Kaggle public dataset),4,2022-11-11T05:21:41.000Z,strict_rule_relabel,training
ewallet_03419,"I can't log in. It always says, unable to process the request. Geez",account_access_issue,GCash,Google Play (Kaggle public dataset),3,2020-10-02T10:51:38.000Z,strict_rule_relabel,training
ewallet_03420,"Can you PLEASE allow the option to bypass updates? The app is virtually useless when I can't transact because it ""needs"" updating. Not all places have good signal to update via data. Just notify in the notif bar when you have a fundamental update that would prevent the app from functioning if it wasn't downloaded. But please save us the hassle of not being able to push through with GCash transactions just because of updates. The app should be fast, efficient, and convenient.",feature_request,GCash,Google Play (Kaggle public dataset),3,2022-11-12T09:46:03.000Z,strict_rule_relabel,training
ewallet_03422,Please bring back the add to favorite numbers while loading . I hate the update. The old versions is way way better. This updates is a downgrade rather than an upgrade. Sucks. Keeps getting this message . Service is temporarily unavailable when sending money .,feature_request,GCash,Google Play (Kaggle public dataset),1,2022-11-13T04:22:17.000Z,strict_rule_relabel,training
ewallet_03425,unable to login,account_access_issue,GCash,Google Play (Kaggle public dataset),1,2020-10-06T04:36:24.000Z,strict_rule_relabel,training
ewallet_03426,I can't change my username even if I do what's being instructed in the help center.. I hope that you could fix it. Thank you,feature_request,GCash,Google Play (Kaggle public dataset),3,2022-11-15T15:50:36.000Z,strict_rule_relabel,training
ewallet_03427,It's very convenient BUT PLEASE BRING BACK THE MESSAGE SECTION in the express send option. Other than that everything is good for me.,feature_request,GCash,Google Play (Kaggle public dataset),5,2022-11-16T04:55:28.000Z,strict_rule_relabel,training
ewallet_03430,log in problem... need update everytime I wanna log in...,account_access_issue,GCash,Google Play (Kaggle public dataset),1,2020-10-08T06:19:11.000Z,strict_rule_relabel,training
ewallet_03431,"I made a report for unauthorised transaction, i waited for so long for their update but the answer I got was i can't get refund for it.. I closed my acct in BDO coz i got a lot of unauthorised transactions so i switch to GCASH and same thing happens Gotta uninstall..",payment_failure,GCash,Google Play (Kaggle public dataset),2,2021-12-13T19:44:10.000Z,strict_rule_relabel,training
ewallet_03432,Always system maintenance I hope you could at least inform us before you proceed with your system maintenance.,feature_request,GCash,Google Play (Kaggle public dataset),1,2022-11-18T04:44:19.000Z,strict_rule_relabel,training
ewallet_03433,I cannot login back and I have money still there yuck,account_access_issue,GCash,Google Play (Kaggle public dataset),1,2020-10-09T03:11:05.000Z,strict_rule_relabel,training
ewallet_03435,Too much bug updates and when u like to log in u can't log in unlike bfore i think the update is not helping gcash better go back to the way it is before.,account_access_issue,GCash,Google Play (Kaggle public dataset),1,2020-10-09T13:46:40.000Z,strict_rule_relabel,training
ewallet_03436,"Either lag or loading so much. Moreover, it errors during payment hence receipts were not shown. Your system must be FLAWLESSLY working. Update: I didn't remove it from my home screen but it keeps disappearing.",payment_failure,GCash,Google Play (Kaggle public dataset),1,2023-10-15T07:36:19.000Z,strict_rule_relabel,training
ewallet_03439,"Need to add upload image in verifying accounts, mostly on scaning id, camera flash makes the id blurred, I try so many attemps to scan my id but it keeps on saying ""the image is blurred"" please add some option to enable us to upload clear pictures.",feature_request,GCash,Google Play (Kaggle public dataset),2,2022-11-20T10:14:38.000Z,strict_rule_relabel,training
ewallet_03440,"cannot log in, annoying bug",account_access_issue,GCash,Google Play (Kaggle public dataset),1,2020-10-10T13:53:45.000Z,strict_rule_relabel,training
ewallet_03441,I cant login my gcash. I just received a message from gcash. That i had a suspecious transaction. Lol! How come! I need my money now! Fix this issue,account_access_issue,GCash,Google Play (Kaggle public dataset),5,2023-10-17T11:52:41.000Z,strict_rule_relabel,training
ewallet_03444,Cannot log in after updating,account_access_issue,GCash,Google Play (Kaggle public dataset),1,2020-10-12T12:05:37.000Z,strict_rule_relabel,training
ewallet_03448,Can you please add more options for Valid IDs like TIN ID or National ID? Edit: Thanks for including National ID for the options!,feature_request,GCash,Google Play (Kaggle public dataset),4,2022-12-01T08:31:44.000Z,strict_rule_relabel,training
ewallet_03449,"The apps experience errors and lags during a certain transaction like cellphone loading, login in and fund transfer.",transfer_issue,GCash,Google Play (Kaggle public dataset),3,2023-10-23T00:54:52.000Z,strict_rule_relabel,training
ewallet_03450,There's no option to skip the update temporarily so that you can buy an emergency load. The management behind this app did a very LOUSY job for not considering about this. I wish I could give a zero-star rating. Please give this app all the negative reviews it could get. It will not improve anyway.,feature_request,GCash,Google Play (Kaggle public dataset),1,2022-12-01T14:37:14.000Z,strict_rule_relabel,training
ewallet_03452,"I cannot log in everytime I try. Helpdesk is not accessible everytime I get s ticket, one time I got the chance to log in I could not link my paypal account inspite of following all the instructions.",account_access_issue,GCash,Google Play (Kaggle public dataset),1,2020-10-15T09:27:50.000Z,strict_rule_relabel,training
ewallet_03453,Please add crypto currency,feature_request,GCash,Google Play (Kaggle public dataset),5,2022-12-02T00:13:07.000Z,strict_rule_relabel,training
ewallet_03454,Please fix my Gcash account. Unable to login since monday. Until now im waiting for your response/action to my problem.,account_access_issue,GCash,Google Play (Kaggle public dataset),3,2020-10-16T06:10:26.000Z,strict_rule_relabel,training
ewallet_03455,Can't log in bcuz i did not received any 6digit code up until now..,account_access_issue,GCash,Google Play (Kaggle public dataset),1,2020-10-16T06:50:20.000Z,strict_rule_relabel,training
ewallet_03458,I really don't get why there is that verification option for national id even though I always follow the instructions on how to take the id picture it always put notice that the image taken was or were unclear even though I put a proper lighting and stand for my phone to scan the id without blurry output I hope the developers would fix this problem It's been 3 months since I started verifying my account and still got no luck,feature_request,GCash,Google Play (Kaggle public dataset),1,2022-12-02T20:42:37.000Z,strict_rule_relabel,training
ewallet_03459,"it suddenly closes and i cant continue my transactions, like bills i want to pay because of this error.",payment_failure,GCash,Google Play (Kaggle public dataset),1,2023-10-25T05:24:29.000Z,strict_rule_relabel,training
ewallet_03463,"To the developers or to whom this may concern, if you would please add an option to skip app update, there are times that I didn't have any cash when I'm outside and I really need to buy an item, I need to update the app first before getting to the app, it sucks that I'm holding the line on the cashier until the update is finish.",feature_request,GCash,Google Play (Kaggle public dataset),2,2022-12-04T11:16:10.000Z,strict_rule_relabel,training
ewallet_03465,"I got issue in paying in QR code, the money was deducted but their is no notification or transaction slip, so that is why I payed the item in cash. Because the payment got invalid. But the money is already deducted on my gcash. But no transactions. Gcash steal my money. I hope it will return. The cashier in the Watson say I will pay again to get the item",payment_failure,GCash,Google Play (Kaggle public dataset),2,2023-10-26T16:23:15.000Z,strict_rule_relabel,training
ewallet_03467,I encountered gcash error i cannot pay my gcredit,payment_failure,GCash,Google Play (Kaggle public dataset),5,2023-10-27T07:21:43.000Z,strict_rule_relabel,training
ewallet_03469,"Ok naman po pero medyo nahirapan ako sa transaction history wala kasing pangalan...pwd ba sya lagyan ng pangalan...for suggestion lang naman na d maapektuhan ang detalye ng user...pero naintindihan ko rin naman kung bakit initial lng ng buong pangalan ang nilagay,",feature_request,GCash,Google Play (Kaggle public dataset),4,2022-12-08T03:12:09.000Z,strict_rule_relabel,training
ewallet_03470,Works well. Just make sure you keep this app updated to avoid transaction failures.,payment_failure,GCash,Google Play (Kaggle public dataset),5,2023-10-30T02:24:11.000Z,strict_rule_relabel,training
ewallet_03474,I need to pay our bill..pero not working po,payment_failure,GCash,Google Play (Kaggle public dataset),2,2023-10-30T18:30:09.000Z,strict_rule_relabel,training
ewallet_03475,The change mpin is not working. You stole my money. You sucking money app. Give me back my money. For people whos using this. They will not help you rwcover your password. It will just keep on saying cant. Error etc.,account_access_issue,GCash,Google Play (Kaggle public dataset),1,2020-10-23T04:04:45.000Z,strict_rule_relabel,training
ewallet_03476,"This app Help me buy online taxes and share money to my friend but the name is visible for some reason like ""****"" idk why? But can you add feature that has random id number, on this way it will be easier to know someone phone's name and randon id number.",feature_request,GCash,Google Play (Kaggle public dataset),4,2022-12-10T10:10:43.000Z,strict_rule_relabel,training
ewallet_03477,"After update, errors from cashing in, enrolling online bank and camera in qr scan starts to pop up. It kinda feels like a downgrade rather than an update.",transfer_issue,GCash,Google Play (Kaggle public dataset),1,2023-10-31T04:32:39.000Z,strict_rule_relabel,training
ewallet_03479,"Whenever i open the app, it just takes me to the phone settings where I have the option to force stop or uninstall the app. Great suggestion btw",feature_request,GCash,Google Play (Kaggle public dataset),1,2022-12-12T09:20:02.000Z,strict_rule_relabel,training
ewallet_03480,what's happening to gcash ! cant use it easily. always saying device not secure. if using bills payment always error then my funds already deducted !! helpless,payment_failure,GCash,Google Play (Kaggle public dataset),1,2023-11-01T01:25:27.000Z,strict_rule_relabel,training
ewallet_03481,I give it one star it because when i send money it will say the app no money send....the app is scammer...,transfer_issue,GCash,Google Play (Kaggle public dataset),1,2022-01-01T13:59:19.000Z,strict_rule_relabel,training
ewallet_03483,always updating.I cannot log in the app. please let me log in,account_access_issue,GCash,Google Play (Kaggle public dataset),1,2020-10-25T05:36:07.000Z,strict_rule_relabel,training
ewallet_03484,"Paki gandahan pa lalo ang security tulad ng 2fa. Saka kung magbabayad sa website, hindi dapat ilagay ang mpin paano kung walang gcash yung magbabayad? Kailangan pang ibigay ang mpin mo. +Langya yung +63 gagawin lang na 0 hindi pa magawa naloadan tuloy yung number ko na himdi naman dapat",account_access_issue,GCash,Google Play (Kaggle public dataset),2,2022-01-04T02:24:48.000Z,strict_rule_relabel,training
ewallet_03485,Please add the unfriend bottom in Gforest.,feature_request,GCash,Google Play (Kaggle public dataset),2,2022-12-16T20:32:01.000Z,strict_rule_relabel,training
ewallet_03486,Can you add as a valid ID the ePhilID,feature_request,GCash,Google Play (Kaggle public dataset),4,2022-12-19T15:39:58.000Z,strict_rule_relabel,training
ewallet_03487,"Just like experience of pther users who gave the app low ratings, the app disappears from my phone and I have to uninstall and reinstall it every time I want to use it. It's inconvenient especially when I need to use it for online transactions. Going cashless becomes so much of a hassle now, it would be better if we just paide things in person. I hope the app gets fixed soon and will be usable again.",feature_request,GCash,Google Play (Kaggle public dataset),1,2022-12-20T08:15:34.000Z,strict_rule_relabel,training
ewallet_03490,"I keep reinstalling the app everytime i had to use it, every single time. What's more frustrating is that i had to move aside on a queue at the counter while uninstalling and reinstalling it to pay for services and goods, TWICE already. And the tutorial everytime i open the app, tedious. I get it, i think anyone who knows how to read can use the app, thank you. please add an option to remove it.",feature_request,GCash,Google Play (Kaggle public dataset),1,2022-12-22T04:51:06.000Z,strict_rule_relabel,training
ewallet_03495,The DISCOVER in my messages is so annoying and keeps popping up everytime I open my messages. Please include a skip button or make it a one time only instruction.,feature_request,GCash,Google Play (Kaggle public dataset),3,2022-12-29T01:27:19.000Z,strict_rule_relabel,training
ewallet_03497,"Your application is not yet ready for taking pictures like that, please add the option where i have to take pictures of my id ON MY OWN, your AI cut the important part of my id and telling me it is blurr or not picture taken properly OR just remove the limit of id verification, I NEED TO PAY FOR MY PTA. ASAP",feature_request,GCash,Google Play (Kaggle public dataset),1,2022-12-29T23:38:07.000Z,strict_rule_relabel,training
ewallet_03500,Sad that student can no longer fully verify using student ID unlike before. Please bring back that feature Gcash! Your app can be convenient but takes too long to verify.,feature_request,GCash,Google Play (Kaggle public dataset),1,2022-12-30T02:11:57.000Z,strict_rule_relabel,training
ewallet_03502,"Helpful kasi di ko na kailangang pumila to pay my bills. Kaso ""scammers friendly"" din ang Gcash. Bakit ko nasabi? Biktima ako(at marami pang iba) ng scammers pero hindi sila helpful para ma resolve ang problem in favor of the victims. They should implement stricter protocols so that scammers won't be able to use their services, hindi yung parang mas pinoprotektahan pa nila ang mga scammers kesa sa ming mga victims. Bale wala yung pag report ko sa kanila kaya bihira ko na ding gamitin ang GCash.",payment_failure,GCash,Google Play (Kaggle public dataset),2,2023-01-02T12:53:50.000Z,strict_rule_relabel,training
ewallet_03503,"DEAR GCASH, PLEASE REMOVED UNVERIFIED ACCOUNT TO YOUR APP, SINASAMANTALA NG MGA SCAMMER ANG PAGIGING UNSAFE NG APPLICATION NYU. PRIORITIZE NYUNG LAHAT NG USER VERIFIED SA APP NYU. SALAMAT, SANA MAPANSIN NYU TO. I WILL CHANGE TO 5 STAR KAPAG NAAYOS NYU SECURITY AND VALIDITY NG BAWAT USER.",security_concern,GCash,Google Play (Kaggle public dataset),1,2022-01-13T08:48:57.000Z,strict_rule_relabel,training
ewallet_03505,What is wrong with this app? I keep trying to submit my ID countless times for almost 2 weeks now! But it could not read it. It will consistently tell me that it's blur regardless of the fact that all the details on that ID could be clearly seen in the scanner. It's so frustrating and definitely irritating! I hope you could fix this ASAP!,feature_request,GCash,Google Play (Kaggle public dataset),3,2023-01-03T19:26:09.000Z,strict_rule_relabel,training
ewallet_03506,In-app dark mode theme would be nice.,feature_request,GCash,Google Play (Kaggle public dataset),3,2023-01-04T08:20:38.000Z,strict_rule_relabel,training
ewallet_03507,"Very disappointed, because gcash is not safe. We ask for help in their official page. But the situation get worst. They hacked and steal a 90,000 pesos. Please help me to get my money back.",security_concern,GCash,Google Play (Kaggle public dataset),1,2022-01-15T09:55:34.000Z,strict_rule_relabel,training
ewallet_03508,Please allow the user to not update yet. It's bothersome and a hindrance especially with emergency occassions!,feature_request,GCash,Google Play (Kaggle public dataset),1,2023-01-11T12:50:07.000Z,strict_rule_relabel,training
ewallet_03509,"Can you add ""Delete All"" option on the inbox? It is so annoying to open messages/update 1 by 1 just to read those things.",feature_request,GCash,Google Play (Kaggle public dataset),4,2023-01-12T01:25:38.000Z,strict_rule_relabel,training
ewallet_03513,"The app is good but at the same time very annoying like it always need to update like every month. Whenever I need to transact for instance because of an emergency I can't use it, because it needs to be updated. I still keep using it since I have no choice, all of the transaction can be done through online nowadays. Better if you have to improve the system!! Like if there's an emergency you can still used it and update it later on!! Just a friendly suggestion!!",feature_request,GCash,Google Play (Kaggle public dataset),1,2023-01-13T07:57:40.000Z,strict_rule_relabel,training
ewallet_03516,Please bring back the online verification for Student ID. Super hassle magpunta sa Villarica Pawnshop lalo na if malayo.,feature_request,GCash,Google Play (Kaggle public dataset),1,2023-01-21T16:24:37.000Z,strict_rule_relabel,training
ewallet_03517,"Gcash is such a pain I always used my Gcash for payments, bills, cash in, cash out everything but still not eligible for Gcredit. And now I find out that my Gscore decreased SCAM..",transfer_issue,GCash,Google Play (Kaggle public dataset),1,2022-01-20T02:51:21.000Z,strict_rule_relabel,training
ewallet_03518,It is very useful but once the app needs to update it become useless. I hope that you will allow us to still use the app without updating it. It is difficult for us who have a very small amount of phone storage. I hope you consider this issue.,feature_request,GCash,Google Play (Kaggle public dataset),1,2023-01-25T11:52:53.000Z,strict_rule_relabel,training
ewallet_03519,Bilis cash in ayaw pa cash out scammer gcash,transfer_issue,GCash,Google Play (Kaggle public dataset),1,2022-01-20T09:03:47.000Z,strict_rule_relabel,training
ewallet_03520,"Money is not secured. Once the scammer recipient withdraw the money, you cannot dispute and get your money back. Compared to other money processor this is the worst. Don't bother mag create ng ticket to report a scam walang magagawa ang gcash at di ka nila matutulungan. Hinanapan pa ako police report wala din naman. Ginagago lang kayo ni gcash, change na kayo to paymaya na or paypal, may option sila to send the payment for goods and services, mas secure yung pera di ma withdraw agad once ma send",transfer_issue,GCash,Google Play (Kaggle public dataset),1,2022-01-21T20:34:50.000Z,strict_rule_relabel,training
ewallet_03521,"gcash process a refund without further investigation and complete proof. our accountant submitted a ticket but still no resolution. It's like you gcash scammed us coz you let that scammer make a refund. If you let the sender refund their money, you let the scammer make a living. Not a safe app to make a money transaction. Give us resolution.",payment_failure,GCash,Google Play (Kaggle public dataset),1,2022-01-22T05:52:05.000Z,strict_rule_relabel,training
ewallet_03522,"Can't verify using students id. I already ask someone who's being verified using students id, and she said after downloading it i should open it immediately. I tried it so many times but it's just frustrating me everytime i open it without the students id verification.",account_access_issue,GCash,Google Play (Kaggle public dataset),1,2020-11-09T14:26:56.000Z,strict_rule_relabel,training
ewallet_03523,The need for constant update is very annoying especially when you are in an emergency transaction. Not all the time we have a strong internet connection. Putting a skip an update button will be highly appreciated. 2023 update: Please add skip update features.,feature_request,GCash,Google Play (Kaggle public dataset),1,2023-02-08T12:35:14.000Z,strict_rule_relabel,training
ewallet_03524,"The gcash agents does not help you when you got scammed. They said the you need to file police report anywhere near you, well infact you need to file the police report in nbi cybercrime. Super hassle filing report, plus the agents disconnects the call when they can't answer your question. This app is widely use by scammers. They can cashout using shopee, lazada, or any other shopping app. Beware! Plus there are youtube tutorials how to cashout even when you're unverified.",transfer_issue,GCash,Google Play (Kaggle public dataset),1,2022-01-23T10:24:16.000Z,strict_rule_relabel,training
ewallet_03525,Please provide an option to users if they want update the app or not. Be considerate to other users that doesn't have bigger phone memory.,feature_request,GCash,Google Play (Kaggle public dataset),3,2023-02-10T04:39:35.000Z,strict_rule_relabel,training
ewallet_03527,"ANG TAGAL NYO MAG SEND NG VERIFICATION CODE!!! Suggestion lang dapat nag sesend din kayo ng verification code sa email na connected sa Gcash number secure din nmn ang email, may mga lugar padin kasi tlga na deadspot ang signal, gaya dito samin na wifi lang ang gamit",feature_request,GCash,Google Play (Kaggle public dataset),1,2023-02-22T01:47:17.000Z,strict_rule_relabel,training
ewallet_03528,I wish Prepaid Load to GCash would come back. I would load considerable amount if money to my number only to find out it some things like promos are not available through load or I accidentally input incorrect amount of money.,transfer_issue,GCash,Google Play (Kaggle public dataset),2,2023-02-23T10:46:31.000Z,strict_rule_relabel,training
ewallet_03532,"Hello Gcash ,para G parati ang buhay maging present naman kayo in all times lalo na ngayon na uso na ang online transactions sa pinas. Ang contact center nyu(2882) dapat 24/7 para sakaling mag report kami ng ""scam/budol"" na pangyayari ma tulungan nyu kami ASAP . And dagdagan nyu na po ang features ng GPO para ma protektahan kaming legit na naghahanap buhay. And more security features sa regular gcash wallet. Please",security_concern,GCash,Google Play (Kaggle public dataset),1,2022-01-28T11:55:28.000Z,strict_rule_relabel,training
ewallet_03533,So very safety digital wallet small or big money is Suggestion KO Lang po Sana s mga nagblock simcard n May Laman ang account s gcash makuha din po sana ulit salamat po,feature_request,GCash,Google Play (Kaggle public dataset),5,2023-03-08T09:40:58.000Z,strict_rule_relabel,training
ewallet_03534,Can you please add statistics for Crypto? and stock,feature_request,GCash,Google Play (Kaggle public dataset),5,2023-03-08T16:54:53.000Z,strict_rule_relabel,training
ewallet_03535,I cash in twice transaction but I haven't got the money I think this is a scam app,transfer_issue,GCash,Google Play (Kaggle public dataset),1,2022-01-29T06:52:51.000Z,strict_rule_relabel,training
ewallet_03536,"I have a old LG V20 and a new Pixel 6a, and for an app that literally just handles money related tasks this app is literally so slow on my V20 slower than using Facebook and shopee its just too heavy I do have other notes 1. Please add material you theme support and native dark mode 2. It has some unnecessary wakelocks which drain battery while idle 3. I wish it loads things a bit faster even with my pixel 6a it still loads things slow you guys really need to optimize it more for low end",feature_request,GCash,Google Play (Kaggle public dataset),3,2023-03-08T19:48:13.000Z,strict_rule_relabel,training
ewallet_03537,"Its really bad i cannot log in or even register it says error,It really sucks",account_access_issue,GCash,Google Play (Kaggle public dataset),1,2020-11-17T11:13:23.000Z,strict_rule_relabel,training
ewallet_03538,Just a suggestion. Maybe you can add option to use Authenticators instead of OTP. Useful when you are not in the coverage area. Thanks!,feature_request,GCash,Google Play (Kaggle public dataset),5,2023-03-13T05:02:13.000Z,strict_rule_relabel,training
ewallet_03540,Fix your verification process. And please add the TIN ID in valid id (like no need to go to Villarica).,feature_request,GCash,Google Play (Kaggle public dataset),1,2023-03-16T13:36:32.000Z,strict_rule_relabel,training
ewallet_03541,Can't log in to my gcash account,account_access_issue,GCash,Google Play (Kaggle public dataset),2,2020-11-20T01:15:28.000Z,strict_rule_relabel,training
ewallet_03542,"My paypal balance does not reflect in here, so I am unable to cash in even though I have linked my account. Edit: Oh, I just solved the problem. Thanks anyway.",transfer_issue,GCash,Google Play (Kaggle public dataset),5,2020-11-20T09:41:36.000Z,strict_rule_relabel,training
ewallet_03544,"Scam, they want you to cash in, but not cash out, you can't upgrade your info. And so your money will be stranded forever on their acc",transfer_issue,GCash,Google Play (Kaggle public dataset),1,2022-02-06T09:16:43.000Z,strict_rule_relabel,training
ewallet_03545,I've experienced for this apps very convenience not hassle but there is a limited amount of cash in and the deduction charge was bit big amount. Hope could this be maintaining by a deduction price.,transfer_issue,GCash,Google Play (Kaggle public dataset),3,2023-03-24T22:27:17.000Z,strict_rule_relabel,training
ewallet_03550,The tutorial is so annoying to the point that you can't use the application normally. Please add turn off function on that feature of yours please.,feature_request,GCash,Google Play (Kaggle public dataset),1,2023-03-28T03:00:54.000Z,strict_rule_relabel,training
ewallet_03551,"Why you added new feature such as face verification before you can open your gcash account everytime you log in. It's such a waste of time and very unnecessary. Please bring back the old gcash, the one convenient",feature_request,GCash,Google Play (Kaggle public dataset),1,2023-03-28T11:02:46.000Z,strict_rule_relabel,training
ewallet_03555,"I cannot register my gcash account i was planning to make one, i typed my number and i didnt receive and codes in my messages.",transfer_issue,GCash,Google Play (Kaggle public dataset),1,2020-12-01T23:12:17.000Z,strict_rule_relabel,training
ewallet_03556,"80% good 20%bad Sana po makagawa ng way para ma trace yung mga scammer na ginagamit ang gcash,kasi sayang naman yung purpose ni gcash na mapagaan ang pagbabayad mo ng mga bills at marami pang iba, at talaga naman super helpful ang gcash kasi nakakapag transact ka agad agad with gcash payment.salamat po",payment_failure,GCash,Google Play (Kaggle public dataset),4,2022-02-13T06:39:49.000Z,strict_rule_relabel,training
ewallet_03557,app updated that you always need to verify your identity via front cam. my front cam is not working. its defaulting to macro camera so i cant login. sent message to support and replied that you need to authenticate via fingerprint. ICANTLOGIN!!! how am i suppose to activate anything if i cant login!!! they should allow people to choose a camera so that the ones with broken front cam wont have this issue!!!,account_access_issue,GCash,Google Play (Kaggle public dataset),1,2023-03-30T19:59:28.000Z,strict_rule_relabel,training
ewallet_03558,I can't verify my account. everytime i take a picture for id verification you always decline. should i have to use a professional camera? fix your problem verification. cause i need it immediately. i thought this app would be a helpful for me if i will used it but i'm wrong. your app is too disappointing.,account_access_issue,GCash,Google Play (Kaggle public dataset),1,2020-12-02T16:18:09.000Z,strict_rule_relabel,training
ewallet_03559,i hope they can add an option of multiple deleting on transaction history instead of manually deleting one by one,feature_request,GCash,Google Play (Kaggle public dataset),5,2023-04-08T10:34:42.000Z,strict_rule_relabel,training
ewallet_03561,"prone to scam, not enough security measures, blames the users for the scams, frequent maintenances, lacks options to unlink subscriptions",security_concern,GCash,Google Play (Kaggle public dataset),1,2022-02-16T11:30:50.000Z,strict_rule_relabel,training
ewallet_03563,What is happening? I was gonna pay bills using my gcash but i couldn't log in!! It keep showing help center.. Where is my homepage? It doesnt show anywhere.. Why cant i log in? There is no log in.. It shows my number and help center asking me to send a ticket. And even if i un installed and install back it still the same.. Help center and the ticket..,payment_failure,GCash,Google Play (Kaggle public dataset),2,2020-12-09T08:50:19.000Z,strict_rule_relabel,training
ewallet_03564,"Could not open the app for more than a week now. Trouble shooting as per the apps suggestion does nothing and the bot that supposed to help just sends you not so helpful articles, which adds to the level of annoyance i am feeling. Please fix the app. Thanks",feature_request,GCash,Google Play (Kaggle public dataset),1,2023-04-17T08:16:39.000Z,strict_rule_relabel,training
ewallet_03565,"I can't fully verified due to because i only have students ID, please bring back the students ID choice",feature_request,GCash,Google Play (Kaggle public dataset),2,2023-04-19T00:14:31.000Z,strict_rule_relabel,training
ewallet_03566,"I cannot login my 2 gcash accounts, agents are not answering or not giving me updates. So poor service. FIX MY GCASH ACCOUNT!!!",account_access_issue,GCash,Google Play (Kaggle public dataset),1,2020-12-11T06:53:21.000Z,strict_rule_relabel,training
ewallet_03568,"Napaka hassle kapag nagfaface recognition,,,please add some options",feature_request,GCash,Google Play (Kaggle public dataset),3,2023-04-19T04:13:43.000Z,strict_rule_relabel,training
ewallet_03571,"One star lang kasi mahina ang security , madali ma hack at manakaw ang pera",security_concern,GCash,Google Play (Kaggle public dataset),1,2022-02-19T12:13:52.000Z,strict_rule_relabel,training
ewallet_03572,Why I can't login my mpin is correct Pls fix these problem,account_access_issue,GCash,Google Play (Kaggle public dataset),1,2020-12-12T11:17:28.000Z,strict_rule_relabel,training
ewallet_03573,Please add an ability to use other means of 2 factor authentification like Google Authenticator,feature_request,GCash,Google Play (Kaggle public dataset),2,2023-04-28T15:07:43.000Z,strict_rule_relabel,training
ewallet_03574,keeps on crushing or cant access my account. super hassle. then i need to replace my MPIN trying to find if thats the problem but got stuck as I didnt set any security questions yet. sobrang hirap tlga,account_access_issue,GCash,Google Play (Kaggle public dataset),1,2022-02-19T15:51:43.000Z,strict_rule_relabel,training
ewallet_03575,i hope gcash would not like other app that had problems,feature_request,GCash,Google Play (Kaggle public dataset),5,2023-04-28T23:55:54.000Z,strict_rule_relabel,training
ewallet_03576,After I updated the app I can't log in anymore. Very sad.,account_access_issue,GCash,Google Play (Kaggle public dataset),3,2020-12-14T22:52:07.000Z,strict_rule_relabel,training
ewallet_03577,Sucks for the update and cannot log in,account_access_issue,GCash,Google Play (Kaggle public dataset),1,2020-12-15T00:51:55.000Z,strict_rule_relabel,training
ewallet_03578,Suggestion: Please add an option for the user to have the updates scheduled at night time or whatever time that is most convenient to the user. This will avoid the disruption of the service at the time it is needed most. Thank you,feature_request,GCash,Google Play (Kaggle public dataset),4,2023-05-01T07:11:27.000Z,strict_rule_relabel,training
ewallet_03579,"Not usefull anymore, i can't log in to my account and i am also trying to submit a ticket to help center multiple times. Please fix this",account_access_issue,GCash,Google Play (Kaggle public dataset),1,2020-12-16T06:45:42.000Z,strict_rule_relabel,training
ewallet_03580,"YOUR MONEY IS NOT SAFE WITH GCASH PRONE TO SCAM, , AND THEY ARE NOT ALWAYS AVAILABLE ALWAYS GOING UNDER MAINTENANCE DO NOT USE THIS APP",security_concern,GCash,Google Play (Kaggle public dataset),1,2022-02-20T02:59:54.000Z,strict_rule_relabel,training
ewallet_03581,"Gcash is very inconvenience, this last few weeks and there seems to be a problem to the system that it prevents us users to open the app. I hope this 'bug' would be fixed immediately.",feature_request,GCash,Google Play (Kaggle public dataset),1,2023-05-02T03:20:04.000Z,strict_rule_relabel,training
ewallet_03584,Hello I tried many times to verify my account but I am facing problem..I did not receive verification code,account_access_issue,GCash,Google Play (Kaggle public dataset),1,2020-12-17T10:47:08.000Z,strict_rule_relabel,training
ewallet_03585,The latest update makes you scan your face first on any device. I had my face scanned on my other device since my main device's selfie cam isn't working. It wont let me progress and use the app. Please remedy this! I already just had my selfie scan but on a different device. I hope they will add an option to use the back camera to take a selfie. Thanks!,feature_request,GCash,Google Play (Kaggle public dataset),1,2023-05-05T08:51:15.000Z,strict_rule_relabel,training
ewallet_03586,"There is nothing new in this app. I waited 10 days for my account to be verified, yes it was verified and I was able to transact, the only problem is that it takes too long to open, even though there is a fast connection. It would be nice to transact here if you fix your system. Overall this app is good, useful if you fix the problem. Thank you.",feature_request,GCash,Google Play (Kaggle public dataset),2,2023-05-08T22:08:40.000Z,strict_rule_relabel,training
ewallet_03589,I sent a payment using QR code.1K was deducted to my account but i did not received any sms from gcash and transaction did not appear on my list.i tried to create ticket but no one responded.you should add live rep to response instead of bot its not realy helping your users.will edit my review if they will give back my money.so frustrating,payment_failure,GCash,Google Play (Kaggle public dataset),1,2023-05-12T08:10:24.000Z,strict_rule_relabel,training
ewallet_03592,Can you please add a retake function on the scanning of ID since I think it is the main reason why I still haven't been verified I waited 10 days and got rejected and now I'm going to wait another week and could be possibly longer than that.,feature_request,GCash,Google Play (Kaggle public dataset),1,2023-05-16T06:40:59.000Z,strict_rule_relabel,training
ewallet_03593,good to use and also more privacy to make sure we dont scam,security_concern,GCash,Google Play (Kaggle public dataset),5,2022-02-25T02:47:11.000Z,strict_rule_relabel,training
ewallet_03596,"may negative - 1 ba dito? un ibbgay ko, nakakadisappoint kau, nagreport aq kc n scam ako tapos reply nio hndi ko matutulungan kc fund transfer lng kau, kht gcash ginamit nung scammer, gusto ko lng nmn na hndi na nya magamit account nya pra makapangloko ng iba",transfer_issue,GCash,Google Play (Kaggle public dataset),1,2022-02-27T02:28:49.000Z,strict_rule_relabel,training
ewallet_03597,Napakalaking problema po ng gcash user kasi pwede po ma. Scam ang mga tao na gcash po mismo nag message sayo ang hina ng security nyo,security_concern,GCash,Google Play (Kaggle public dataset),1,2022-02-27T06:22:07.000Z,strict_rule_relabel,training
ewallet_03598,I can't log in at once,account_access_issue,GCash,Google Play (Kaggle public dataset),2,2020-12-21T11:42:11.000Z,strict_rule_relabel,training
ewallet_03599,PLEASE GCASH WAG NIYO PAPAYAGAN MAKA CASH IN NG PERA YUNG MGA UNVERIFIED GCASH MARAMI PONG WALANG ALAM SA GANON AT NA I SCAM DI RIN PO MABALIK YUNG PERA KASI AYAW NAMAN GUMANA NG SERVICE NIYO,transfer_issue,GCash,Google Play (Kaggle public dataset),5,2022-02-28T16:08:25.000Z,strict_rule_relabel,training
ewallet_03601,"There was this issue with verifying account by taking a picture of your id. It keeps saying the picture is blurred. The quality looks just fine. My brother suspected it's due to the QR code at the back being interpreted as blurred pixels or something. That was last year though. After that, this app had been actually really convenient for me. I just wish they fix that part like one could just send a file instead of taking a picture of the id in real time.",payment_failure,GCash,Google Play (Kaggle public dataset),5,2023-05-26T23:50:51.000Z,strict_rule_relabel,training
ewallet_03602,Something happened on my Gcash account. It can't log in Said they are fixing some issues And I should go back some time. The problem is. I load someone And I didn't reseve any message. And it can't log in. It's not a small Amount and my costomer is waiting to Reseve the load. I mean why it's still fixing? Its already 3 hours but I still can't log in. Oh god.,account_access_issue,GCash,Google Play (Kaggle public dataset),1,2020-12-24T09:17:25.000Z,strict_rule_relabel,training
ewallet_03603,"highly recommended suggestion lng po GCASH please wag ka cge update tpos dagdag space, kasi po wla ng space ang phone ko baka di nako ma uninstall na ang gcash ko di na kasya ang phone storage ko",feature_request,GCash,Google Play (Kaggle public dataset),5,2023-05-27T01:53:04.000Z,strict_rule_relabel,training
ewallet_03604,Sir l cannot log in too my code its not working please fix this l wna get robux please fix the bug l cannot log in please fix itt,account_access_issue,GCash,Google Play (Kaggle public dataset),3,2020-12-24T10:41:00.000Z,strict_rule_relabel,training
ewallet_03607,"What did you do gcash I cant withdraw anymore since my account is not fully verified. Please bring back the old one that I can withdraw without verification. Is it not enough for the mpin, not my money is stuck in my account. Please bring it back",account_access_issue,GCash,Google Play (Kaggle public dataset),1,2023-05-27T10:11:03.000Z,strict_rule_relabel,training
ewallet_03608,Uninstalled it because I can't log in. Been trying to log in for 24 hrs!,account_access_issue,GCash,Google Play (Kaggle public dataset),1,2020-12-27T02:20:48.000Z,strict_rule_relabel,training
ewallet_03611,"I cannot log in, why?",account_access_issue,GCash,Google Play (Kaggle public dataset),1,2020-12-30T17:04:18.000Z,strict_rule_relabel,training
ewallet_03612,"Ok naman and convenient but how is it you always have to update this app and this delayed my transactions i need.can you not lessen the frequency of updating ,it does not always helped especially when we have an urgent transaction to make.hope gcash will consider my suggestion,Thanks",feature_request,GCash,Google Play (Kaggle public dataset),5,2023-05-30T11:29:15.000Z,strict_rule_relabel,training
ewallet_03613,"Every SALE days ,this ewallet is doing some maintenance. I rate you 1star in 2017 and zero star (if i can) this 2022. Do not cash in higher than 1k or they will blocked your account. Its a fraud",transfer_issue,GCash,Google Play (Kaggle public dataset),1,2022-03-03T06:55:42.000Z,strict_rule_relabel,training
ewallet_03615,"Can't access my account. Been trying to log in but it keeps on saying something went wrong. I asked my friends to check their Gcash app if theirs are okay, and it seems that my account has the only problem. I checked the app store if there's any app updates but none. I also tried the troubleshoots adviced by the customer service but none of them fixed the problem. I hope this can be fixed right away because I use the app in most of my transactions.",feature_request,GCash,Google Play (Kaggle public dataset),1,2020-12-30T23:23:49.000Z,strict_rule_relabel,training
ewallet_03616,I can't verify my i.d and you lie it doesn't take for 3min verification,account_access_issue,GCash,Google Play (Kaggle public dataset),1,2020-12-31T03:06:54.000Z,strict_rule_relabel,training
ewallet_03618,It is not safe as I got scammed easily. Safety of money and user's information must be the utmost priority.,security_concern,GCash,Google Play (Kaggle public dataset),2,2022-03-03T11:09:51.000Z,strict_rule_relabel,training
ewallet_03620,I can't log in. I can't receive money with clip. Lagging. Everything sucks. I don't know why is this app widely used when paymaya is much better.,account_access_issue,GCash,Google Play (Kaggle public dataset),1,2021-01-05T03:19:12.000Z,strict_rule_relabel,training
ewallet_03621,I am using gcash for shopee pay im not verified i am using it even im not verified but now I can't use gcash for shopee pay please allow to use gcash money to shopee pay i really need shopee pay thanks i will rate 5 star if it will fix soon.,feature_request,GCash,Google Play (Kaggle public dataset),1,2023-06-14T14:59:29.000Z,strict_rule_relabel,training
ewallet_03623,I can't log in with my existing account using my new phone!#$+/*&!,account_access_issue,GCash,Google Play (Kaggle public dataset),1,2021-01-09T02:15:06.000Z,strict_rule_relabel,training
ewallet_03624,They no longer make voters ID only Voters Certification please add it to full verification,feature_request,GCash,Google Play (Kaggle public dataset),1,2023-06-18T13:47:36.000Z,strict_rule_relabel,training
ewallet_03626,I can't login. I have my correct password and login details written in all of my devices so I can't be wrong.,account_access_issue,GCash,Google Play (Kaggle public dataset),1,2021-01-10T11:30:16.000Z,strict_rule_relabel,training
ewallet_03628,"This app is really great, but I have some request if you dont mind. I know it seems demanding but can you please allow to open this Gcash App without a load or internert connection just like before, thats more convenient. ............... I wish you will add another option to this app, can you put Gcash Piggy bank too? so we can put our saving without putting it to our bank account thru gcash? well this is just a request/wish, its still up to you if you will grant my request/wish. THANK YOU.",feature_request,GCash,Google Play (Kaggle public dataset),5,2023-06-24T12:38:57.000Z,strict_rule_relabel,training
ewallet_03629,Can you add student id to verify my account,feature_request,GCash,Google Play (Kaggle public dataset),2,2023-06-25T09:52:12.000Z,strict_rule_relabel,training
ewallet_03630,I had enough. I can't log in. They keep telling me that the app needs and update but when i check the play store. no update available,account_access_issue,GCash,Google Play (Kaggle public dataset),1,2021-01-12T07:13:26.000Z,strict_rule_relabel,training
ewallet_03631,I can't log in since last week due to the update.,account_access_issue,GCash,Google Play (Kaggle public dataset),1,2021-01-14T10:15:12.000Z,strict_rule_relabel,training
ewallet_03632,Can't order to any online apps if you're not verified how can I use my balance anyway? Suck update I hope you didn't add that feature suck app,feature_request,GCash,Google Play (Kaggle public dataset),1,2023-07-02T17:39:48.000Z,strict_rule_relabel,training
ewallet_03633,Do I really need to add my bank account any time I need cash in? How many years do you need to fix it?,transfer_issue,GCash,Google Play (Kaggle public dataset),1,2023-07-03T09:10:52.000Z,strict_rule_relabel,training
ewallet_03634,"How frustrating it is to be unable to successfully login. Tama naman password ko, pero laging error. Baka dapa hindi gcash app yan palitan nyo ng error app",account_access_issue,GCash,Google Play (Kaggle public dataset),1,2021-01-18T10:11:07.000Z,strict_rule_relabel,training
ewallet_03637,This app is great.. Though I have concern about the inbox.. It has become laggy lately even though I have better internet connection.. I hope that you fix it and also could you add a feature to mark all read the inbox messages.... It's a hassle to tap every single message just to clear the red dot..,feature_request,GCash,Google Play (Kaggle public dataset),4,2023-07-13T15:26:12.000Z,strict_rule_relabel,training
ewallet_03638,"its very useful, but, i found difficulties everytime i open my app..i hope it could be address by the developer..",feature_request,GCash,Google Play (Kaggle public dataset),5,2023-07-14T00:21:01.000Z,strict_rule_relabel,training
ewallet_03640,I can't log in now. What just happened?,account_access_issue,GCash,Google Play (Kaggle public dataset),3,2021-01-21T01:11:16.000Z,strict_rule_relabel,training
ewallet_03641,Not working cannot log in it says that it doesn't support lower android versions,account_access_issue,GCash,Google Play (Kaggle public dataset),1,2021-01-21T02:09:28.000Z,strict_rule_relabel,training
ewallet_03642,Can you add ETC in Gcrypto Slow loading of GCrypto,feature_request,GCash,Google Play (Kaggle public dataset),1,2023-07-14T09:14:04.000Z,strict_rule_relabel,training
ewallet_03643,Not working properly! I can't log in my account!,account_access_issue,GCash,Google Play (Kaggle public dataset),1,2021-01-21T02:25:26.000Z,strict_rule_relabel,training
ewallet_03644,I hope there would be no pop up ads soon,feature_request,GCash,Google Play (Kaggle public dataset),2,2023-07-15T03:07:43.000Z,strict_rule_relabel,training
ewallet_03645,Worst update. I can't log in my account. Always show this is not supported android version 4.4 and lower but may phone is Android 10.,account_access_issue,GCash,Google Play (Kaggle public dataset),1,2021-01-21T04:17:58.000Z,strict_rule_relabel,training
ewallet_03646,I am unable to login and telling me i have a lower android :( i am using android 10,account_access_issue,GCash,Google Play (Kaggle public dataset),2,2021-01-21T04:23:04.000Z,strict_rule_relabel,training
ewallet_03647,"Using the current version, I cannot login to my account. It says that ""this feature does not support Android ver4.4 or lower"" in the login page. I am using a phone which is running Android ver9. Kindly fix. Thanks!",account_access_issue,GCash,Google Play (Kaggle public dataset),2,2021-01-21T05:21:59.000Z,strict_rule_relabel,training
ewallet_03650,The overall features of the app is great. But i encountered a technical issue. I cannot log in at first so i decided to uninstalled and reinstalled the app. When i finally reinstalled it i cannot login to my account. It says this cannot run in ver4.4 or lower somethinglike that. But when i check my android version is 6.0.1. So 1 star for the new update.,account_access_issue,GCash,Google Play (Kaggle public dataset),1,2021-01-21T10:24:49.000Z,strict_rule_relabel,training
ewallet_03652,"Disappointing, they won't even give me a refund instead they want me to submit a police report the the number that scammed me just got banned for 3 days JUST 3 DAYS I just wanted my money back but nooo like f###",payment_failure,GCash,Google Play (Kaggle public dataset),1,2022-03-11T14:11:46.000Z,strict_rule_relabel,training
ewallet_03654,"First getting a No internet error. After reinstalling, still cant login with error message not compatible with android v4.4. This is so dumb.",account_access_issue,GCash,Google Play (Kaggle public dataset),1,2021-01-21T11:10:45.000Z,strict_rule_relabel,training
ewallet_03655,Maam sir please add other list of ID's coz i only have Philhealth and TIN ID. Gcash lang po inaasahan ko sa pagpapadala ng pera ng magulang kong nagtatrabaho sa manila. Pls maam sir.,feature_request,GCash,Google Play (Kaggle public dataset),1,2023-07-19T10:36:23.000Z,strict_rule_relabel,training
ewallet_03656,Help i can't log in on to y account.. There seems to be an error.. Please help meee,account_access_issue,GCash,Google Play (Kaggle public dataset),1,2021-01-21T14:54:26.000Z,strict_rule_relabel,training
ewallet_03659,my mom already passed away and I wanted to access and transfer the funds to my gcash. felt kinda sad because donations was sent to her gcash and we can't retrieve it because it needs facial recognition. please add a feature that enable the family members to transfer the funds of the deceased person,feature_request,GCash,Google Play (Kaggle public dataset),1,2023-07-21T08:18:43.000Z,strict_rule_relabel,training
ewallet_03661,"I can't log in,please help me on this matter immediately..",account_access_issue,GCash,Google Play (Kaggle public dataset),1,2021-01-22T03:35:08.000Z,strict_rule_relabel,training
ewallet_03662,Many times i made a transaction like cash in etc. and yet my credit score did not increase. This is a scam. if i can give 0 stars i will.,transfer_issue,GCash,Google Play (Kaggle public dataset),1,2022-03-14T23:01:53.000Z,strict_rule_relabel,training
ewallet_03663,"For so many years I've been using gcash it has been ok but since the day that I had 200+ funds I can't even buy load for my self I wish you could fix this gcash, and also when I forgot my mpin I don't know how to open my gcash I wish someone could help",account_access_issue,GCash,Google Play (Kaggle public dataset),3,2023-07-23T05:55:57.000Z,strict_rule_relabel,training
ewallet_03664,What happened to your system?i can't open my account everytime i enter my Mpin L0971 error always appear. I wasn't able to comply with my transactions. I already submitted a ticket yet there is still no update this is frustrating,account_access_issue,GCash,Google Play (Kaggle public dataset),1,2021-01-22T03:50:43.000Z,strict_rule_relabel,training
ewallet_03667,I hope add more documents to verify account,feature_request,GCash,Google Play (Kaggle public dataset),5,2023-07-24T09:41:57.000Z,strict_rule_relabel,training
ewallet_03670,Cannot log in today. Please fix this.,account_access_issue,GCash,Google Play (Kaggle public dataset),1,2021-01-22T14:10:26.000Z,strict_rule_relabel,training
ewallet_03672,My android version is 10 but I can't log in it says Android version 4.4 below is not supported,account_access_issue,GCash,Google Play (Kaggle public dataset),1,2021-01-22T15:30:08.000Z,strict_rule_relabel,training
ewallet_03673,"I hope Gcash offline would still be available, it's very useful esp in rural areas..",feature_request,GCash,Google Play (Kaggle public dataset),2,2023-07-28T09:21:22.000Z,strict_rule_relabel,training
ewallet_03674,"This bank app is a total trash and scam. March 17 , 2022 when I've cash in money from my PayPal account. It's already been transferred according to PayPal and also have their receipt. But Gcash didn't reflect on it. I've already submitted a ticket and also a follow up ticket for more than 5 days. All they did was to send me a copy-paste generated email. I promised you these app is a real scam. Yes it's working and can be a real bank but once a problem occur you can't get your money back.",transfer_issue,GCash,Google Play (Kaggle public dataset),1,2022-03-21T00:19:00.000Z,strict_rule_relabel,training
ewallet_03676,Hello gcash i want to report that i know my password on gcash and i tried it and wrong password please fix this problem sorry am not good english,account_access_issue,GCash,Google Play (Kaggle public dataset),2,2021-01-23T13:19:06.000Z,strict_rule_relabel,training
ewallet_03677,Im a fan of cryptocurrency.. i hope you add auto buy and sell.. and please add SHIBA INU coin on the list..,feature_request,GCash,Google Play (Kaggle public dataset),4,2023-08-01T10:54:24.000Z,strict_rule_relabel,training
ewallet_03679,Your new update is not good. You should bring back the Notification message/txt.,feature_request,GCash,Google Play (Kaggle public dataset),1,2023-08-03T06:15:18.000Z,strict_rule_relabel,training
ewallet_03680,We cannot log in!!! Temporary unavailable ???,account_access_issue,GCash,Google Play (Kaggle public dataset),1,2021-01-28T07:40:19.000Z,strict_rule_relabel,training
ewallet_03681,why i cant log in to my gcash account today?server error and gcash is unavailable!!!,account_access_issue,GCash,Google Play (Kaggle public dataset),1,2021-01-28T14:59:40.000Z,strict_rule_relabel,training
ewallet_03682,"Please add Qcitizen id for verification please, thank youuu",feature_request,GCash,Google Play (Kaggle public dataset),4,2023-08-07T13:02:39.000Z,strict_rule_relabel,training
ewallet_03683,I dont recieved notification text anymore please bring back the old notice of receiving and sending money,feature_request,GCash,Google Play (Kaggle public dataset),2,2023-08-08T18:21:40.000Z,strict_rule_relabel,training
ewallet_03685,"Everything is good, just please optimize the g crypto cause whenever I open it it just stays white. Please add baby dodge coin",feature_request,GCash,Google Play (Kaggle public dataset),4,2023-08-09T09:47:10.000Z,strict_rule_relabel,training
ewallet_03687,Please Add Pubg Mobile in Mobile Games please thank You,feature_request,GCash,Google Play (Kaggle public dataset),4,2023-08-09T11:21:08.000Z,strict_rule_relabel,training
ewallet_03689,App is very convenient to use. Please Add Other Countries on your prepaid load provider. Specially Thailand.,feature_request,GCash,Google Play (Kaggle public dataset),5,2023-08-11T22:09:09.000Z,strict_rule_relabel,training
ewallet_03690,"Dear gcash please remove some of details that don't need when I was submitting my concern because my account suddenly not opening and I tried the process so I can access my account again but when I answer everything then I click attached file then it's suddenly back to zero again as in back to top that you need to answer again. I tried this many time and now I'm so frustrated! why do you need to add this ""estimate blah blah"" how many I cash in or out I buy load or pay using gcashQR please remov",transfer_issue,GCash,Google Play (Kaggle public dataset),2,2023-08-12T13:51:25.000Z,strict_rule_relabel,training
ewallet_03692,Can't log in. Can't reset mpin. Help center is useless. UNINSTALLED! Switched to paymaya and so far everything's smooth.,account_access_issue,GCash,Google Play (Kaggle public dataset),1,2021-02-03T09:20:49.000Z,strict_rule_relabel,training
ewallet_03693,Please fix the bugs . I can't log my account. It keeps on telling me that there is something wrong that I need to check my internet but it's working just fine . I hope you would fix this this is only the app I am using in some transactions,feature_request,GCash,Google Play (Kaggle public dataset),3,2023-08-16T18:31:03.000Z,strict_rule_relabel,training
ewallet_03694,"Can't log in! And to many codes , pins ect ...... A waste of time",account_access_issue,GCash,Google Play (Kaggle public dataset),1,2021-02-03T12:39:34.000Z,strict_rule_relabel,training
ewallet_03696,"many issues, they dont response n emails regarding my lost sim account. And now, im hving problem logging in even though my password is correct. I have my funds on both concerns i really need my funds back",account_access_issue,GCash,Google Play (Kaggle public dataset),1,2021-02-04T12:33:16.000Z,strict_rule_relabel,training
ewallet_03698,"When dealing with unauthorized transactions... They will not help you. Eventhough the app is helpful, they should have more security. I never share my mpin and never linked my gcash to subscribed to other services yet i was robbed of my money and my gcredit which i am expected to pay.",account_access_issue,GCash,Google Play (Kaggle public dataset),1,2022-04-02T00:14:10.000Z,strict_rule_relabel,training
ewallet_03700,"Terrible, I can't log in my # it said try again later otherwise sumbit a ticket",account_access_issue,GCash,Google Play (Kaggle public dataset),1,2021-02-06T03:57:53.000Z,strict_rule_relabel,training
ewallet_03701,Disappointed today. I cash in Money Paypal link thruy Gcash. But after cash in no money comes in my account. I think Gcash service have some scamming. Please fix this,transfer_issue,GCash,Google Play (Kaggle public dataset),2,2022-04-02T07:35:04.000Z,strict_rule_relabel,training
ewallet_03702,"I can't log in. it's always there's ""something wrong"". very poor customer service. I have sent my concerns yet no response from them. thumbs up! they're doing their job perfectly.",account_access_issue,GCash,Google Play (Kaggle public dataset),1,2021-02-06T15:03:41.000Z,strict_rule_relabel,training
ewallet_03703,"I don't like the new update because when i receive a money i need to open the app to make sure,because it notifies late. please bring back the sms especially when there's no internet we will not be able to know if we received the money or not.",feature_request,GCash,Google Play (Kaggle public dataset),2,2023-08-20T13:12:04.000Z,strict_rule_relabel,training
ewallet_03705,Please bring back PhilHealth ID to get verified in gcash account.,feature_request,GCash,Google Play (Kaggle public dataset),2,2023-08-23T03:02:53.000Z,strict_rule_relabel,training
ewallet_03706,From August 16 2023 no more sms for in or out money transaction just inside inbox application.... why don't make a way the app itself notify the inbox new transaction? Just a suggestion after reading on the net the frustration of many user for the new safety changes.,feature_request,GCash,Google Play (Kaggle public dataset),3,2023-08-25T08:52:36.000Z,strict_rule_relabel,training
ewallet_03707,"This app is running smoothly what really turns me off was their customer service. They have the POORest customer service..they keep promises that they will update you for 48 hours but after that no email or update about your concern. The money that you put in your wallet is not safe. If your cellphone got stolen or hacked, your money will be gone and they cannot help you with it.",security_concern,GCash,Google Play (Kaggle public dataset),1,2022-04-05T03:31:44.000Z,strict_rule_relabel,training
ewallet_03708,I can't log in my GCash account. It's been hours from now.,account_access_issue,GCash,Google Play (Kaggle public dataset),4,2021-02-13T15:20:22.000Z,strict_rule_relabel,training
ewallet_03709,"keeps getting worse after every update. updated the app because it keeps on saying that I have connection issues when I have wifi and data working. now that I have updated it, it keeps on giving me the same error message I get before updating. overall the app sucks, previous versions (2018-19ish) interface was a lot better and less lag. if there's only an e-wallet that has nationwide cashout option (I cannot see maya cashout outlets in my place yet, wish they would have) I'd switch.",transfer_issue,GCash,Google Play (Kaggle public dataset),1,2023-08-26T02:34:56.000Z,strict_rule_relabel,training
ewallet_03712,Can you please add the tin I.d in the accepted i.d's so we can verify our gcash account? We already updated our gcash app but the accepted I.d's are not enough,feature_request,GCash,Google Play (Kaggle public dataset),1,2023-09-01T08:57:18.000Z,strict_rule_relabel,training
ewallet_03714,Please bring back the pin code before load order to avoid multiple orders.,feature_request,GCash,Google Play (Kaggle public dataset),1,2023-09-01T09:42:24.000Z,strict_rule_relabel,training
ewallet_03715,It's annoying that we need to update every time there's a new update and you can't log in unless updated ugh.,account_access_issue,GCash,Google Play (Kaggle public dataset),2,2021-02-17T09:39:33.000Z,strict_rule_relabel,training
ewallet_03716,Please bring back the text message notification when there's money sent to an account,feature_request,GCash,Google Play (Kaggle public dataset),2,2023-09-01T16:33:42.000Z,strict_rule_relabel,training
ewallet_03717,Cannot log in. Customer Support has stopped responding.,account_access_issue,GCash,Google Play (Kaggle public dataset),1,2021-02-21T02:34:14.000Z,strict_rule_relabel,training
ewallet_03719,I star because i can't verify may gcash acct. Kya hindi ako mka cash out,transfer_issue,GCash,Google Play (Kaggle public dataset),1,2021-02-23T13:05:20.000Z,strict_rule_relabel,training
ewallet_03720,can't log in on my acct. 02.24.2021: i currently updated this app and then when i tried to open this it told me to update AGAIN! WTH! ARE YOU SERIOUS??!!! AND IT KEEPS ON UPDATING NONSTOP EVEN THOUGH ITS FINISHED IT WOULD UPDATE AGAIN AS IF IT HASN'T FINISHED UPDATING! THIS IS INFURIATING ME SO MUCH! I AM SOOOOOO DISAPPOINTED!!! FIX IT!,account_access_issue,GCash,Google Play (Kaggle public dataset),1,2021-02-24T07:32:46.000Z,strict_rule_relabel,training
ewallet_03721,"Helpful to me, hence buy load for smart/tnt asks for convenience fee. Less profit. Edited: Hope you could bring back text messages once the money was recieved. So disappointing.",feature_request,GCash,Google Play (Kaggle public dataset),3,2023-09-06T06:24:42.000Z,strict_rule_relabel,training
ewallet_03722,"Its really disappointing that my new account which loaded got blocked. I just wanted to get verified and before I knew it my account was blocked. I don't even know the reason of the blockage, I never mis-entered any passwords etc. upon logging in. I expected better cause this was a high rated platform yet seems other platforms are better than this.",account_access_issue,GCash,Google Play (Kaggle public dataset),1,2021-02-25T05:16:59.000Z,strict_rule_relabel,training
ewallet_03726,I got scammed by their own customer service... Just because I got an error with the input of my mpin...,account_access_issue,GCash,Google Play (Kaggle public dataset),1,2022-04-07T03:20:16.000Z,strict_rule_relabel,training
ewallet_03727,Gcash can you please add the PHILHEALTH ID in the list of valid id's.,feature_request,GCash,Google Play (Kaggle public dataset),1,2023-09-23T23:36:41.000Z,strict_rule_relabel,training
ewallet_03728,"Very terrible App. I had a problem logging in my account because they suspended it for no reason. I filed a ticket regarding my account, but they didn't gave any response. I contacted them via facebook and Email but they didn't respond either. I just want to ask them what's wrong with my account and what's the reason they suspended it. My account still has a balance, and I can't transfer it to my other account nor can I use it to pay bills. If you guys want mobile wallet, don't use this app.",payment_failure,GCash,Google Play (Kaggle public dataset),1,2021-03-04T23:29:52.000Z,strict_rule_relabel,training
ewallet_03729,"I think it would be better if you can let us know when you're having maintenance or something through notifying us via sms or via app. We would just be shocked that the app won't open or it would say ""this feature is temporary unavailable"", it's very inconvenient. I hope you consider this. Thank you.",feature_request,GCash,Google Play (Kaggle public dataset),1,2023-09-28T15:41:56.000Z,strict_rule_relabel,training
ewallet_03730,Can you please add student ID for verification because I'm legal age but I still don't have valid ID so please consider student ID for legal ages.,feature_request,GCash,Google Play (Kaggle public dataset),1,2023-10-02T03:22:08.000Z,strict_rule_relabel,training
ewallet_03731,"I don't understand why until today, it is still showing ""upgrade in progress"" status. I uninstall it and re-install the app but the same error was encountered. I can't verify my gcash. I enrolled to gcash since last year but until now, it was not yet verified. Very frustrating because I can only buy load and make a payent via QR code, that's it. Can you fix this up so that I can give you a good rate?",payment_failure,GCash,Google Play (Kaggle public dataset),1,2021-03-07T10:15:58.000Z,strict_rule_relabel,training
ewallet_03732,Im satisfy this simple bank to compared other bank and make fast to send money ang buy load thru to gcash and thank u I'm appreciate hope no scammer,transfer_issue,GCash,Google Play (Kaggle public dataset),5,2022-04-08T12:20:00.000Z,strict_rule_relabel,training
ewallet_03733,Please include the TIN ID and SCHOOL ID on verifying list,feature_request,GCash,Google Play (Kaggle public dataset),1,2023-10-04T02:52:09.000Z,strict_rule_relabel,training
ewallet_03735,What the hell happens?i can't log in,account_access_issue,GCash,Google Play (Kaggle public dataset),1,2021-03-08T11:46:59.000Z,strict_rule_relabel,training
ewallet_03737,"Please help my get back into my gcash account. I cannot log in or even cant received a link to reset my password.. Hoping for your quick actions... Please let me use now my money, i badly needed it now",account_access_issue,GCash,Google Play (Kaggle public dataset),1,2021-03-12T02:56:20.000Z,strict_rule_relabel,training
ewallet_03738,Very low in security and privacy content waste of time installing the app,security_concern,GCash,Google Play (Kaggle public dataset),1,2022-04-10T15:07:42.000Z,strict_rule_relabel,training
ewallet_03740,"Can you please fix this issue,i can't log in my gcash acc ??hahayst",account_access_issue,GCash,Google Play (Kaggle public dataset),1,2021-03-17T09:42:42.000Z,strict_rule_relabel,training
ewallet_03741,"I dont remember registering my second phone number but the app seems to imply that I have it registered. I dont know the MPIN and when I try to retrieved it (even though I don't know it was registered), I can't get through the security questions. I can't even talk to a live person about it. They only have the bot which does not even help. This is so frustrating.",account_access_issue,GCash,Google Play (Kaggle public dataset),1,2022-04-11T04:33:33.000Z,strict_rule_relabel,training
ewallet_03742,Worst please bring back the old gcash,feature_request,GCash,Google Play (Kaggle public dataset),1,2023-10-10T19:15:54.000Z,strict_rule_relabel,training
ewallet_03744,The new implimented system where you need to turn off some options somewhat hard for some consumers i hope they would find a way that they could revert it to the old one,feature_request,GCash,Google Play (Kaggle public dataset),1,2023-10-10T22:22:22.000Z,strict_rule_relabel,training
ewallet_03745,I can't log in. iTs been a week now. all it says is submit ticket but wouldn't even load.,account_access_issue,GCash,Google Play (Kaggle public dataset),1,2021-03-21T12:49:14.000Z,strict_rule_relabel,training
ewallet_03746,"Hi, what is wrong with enabling developer mode on android? Please allow us to use GCash and gives us only a warning instead of force closing it as It would be hassle for us to delevopers to enable/disable everytime. We'll take the risk of enabling it.",feature_request,GCash,Google Play (Kaggle public dataset),1,2023-10-11T03:31:53.000Z,strict_rule_relabel,training
ewallet_03747,The latest update of this app is not useful. I have to change the developer settings and unknown sources to be able to use it. It will take a lot of time before I use the app. I hope that next update would be better and will not require to turn off some part in the settings.,feature_request,GCash,Google Play (Kaggle public dataset),1,2023-10-11T12:07:25.000Z,strict_rule_relabel,training
ewallet_03748,"Poor customer service. I lost my phone along with my sim card. Therefore, fraudulent transactions could take place anytime. Ticket number 38631846 is still open for almost 2 weeks now. GCash and their staff really has no sense of urgency even to this type of critical situation. It shouldn't take this long to have it resolve. Rating GCash 1 star doesn't really matter as if it's their customer seeking for their attention. Very frustrating.",security_concern,GCash,Google Play (Kaggle public dataset),1,2022-04-14T06:48:48.000Z,strict_rule_relabel,training
ewallet_03749,"After the system update of Gcash, the issue started like when you try open the app it crashes and brings me back to my home. I hope the moderators would fix this ASAP. #WorstUpdateYet",feature_request,GCash,Google Play (Kaggle public dataset),1,2023-10-12T09:21:06.000Z,strict_rule_relabel,training
ewallet_03751,I do suggest to please bring back the student ID as one of the verification choices for students like me who don't have any valid id's yet.,feature_request,GCash,Google Play (Kaggle public dataset),5,2023-10-12T10:04:46.000Z,strict_rule_relabel,training
ewallet_03753,I cannot login to my account almost a week now........when i was able to login my account theres a notification at my inbox that someone is trying to purchase online worth 1k using my account and now i cannot login anymore i already sent ticket thrice but its useless no one bother to fix it,account_access_issue,GCash,Google Play (Kaggle public dataset),2,2021-03-26T00:39:09.000Z,strict_rule_relabel,training
ewallet_03754,I hope they add the National ID to verify gcash acc because another gcash user don't have ID that require to verify like me I don't have I have only National ID,feature_request,GCash,Google Play (Kaggle public dataset),5,2023-10-14T12:28:05.000Z,strict_rule_relabel,training
ewallet_03755,I prefer the old version. I can't verify my acc as a student also when I prefer to my friends and createt an account I didn't get anything. Return the student's verification.,account_access_issue,GCash,Google Play (Kaggle public dataset),1,2021-03-26T03:56:43.000Z,strict_rule_relabel,training
ewallet_03756,I can't log in my acc,account_access_issue,GCash,Google Play (Kaggle public dataset),1,2021-03-26T07:22:44.000Z,strict_rule_relabel,training
ewallet_03760,"App is good but can you please add the deduction on history about the gloan, ggives and gcredit? I am always in shock that therrs a deduction on my balance. Please fix that if you dont have good reason not to add it.",feature_request,GCash,Google Play (Kaggle public dataset),2,2023-10-16T09:13:14.000Z,strict_rule_relabel,training
ewallet_03764,"The transactions are okay but this kind of update is too unnecessary since I used this app two days ago and why I need to update? Just a piece of suggestion, if the account is active and doing regular transacissions please don't demand an update, but if the account is inactive with in 30 days then reasonable to do an update. Because this is too much bothering us who are using regularly. Thank you.",feature_request,GCash,Google Play (Kaggle public dataset),4,2023-10-22T23:16:17.000Z,strict_rule_relabel,training
ewallet_03765,"Very hassle, unlike before its easy to use, I hope you bring back the old version of this app.",feature_request,GCash,Google Play (Kaggle public dataset),1,2023-10-23T01:29:56.000Z,strict_rule_relabel,training
ewallet_03767,"I Hope You Could Make it Work Under Developer Option again, Im Using Dev Op For my Device Configurations and Customization as I Prefer Like Removing the Animations for less lag, Like my Phone is So Laggy Because I haven't Been using Deg Op",feature_request,GCash,Google Play (Kaggle public dataset),1,2023-10-23T10:14:24.000Z,strict_rule_relabel,training
ewallet_03768,Please add multiple delete on message its very annoying.,feature_request,GCash,Google Play (Kaggle public dataset),3,2023-10-23T14:28:57.000Z,strict_rule_relabel,training
ewallet_03770,So frustrating suddenly got error today (L099) i can't log in to my gcash. They should tell the customers a day before the maintenance. Very unreliable.,account_access_issue,GCash,Google Play (Kaggle public dataset),1,2021-04-06T10:51:34.000Z,strict_rule_relabel,training
ewallet_03772,"Please add this features on your future updates 1. Marks as all Read for the notification in message inbox. 2. Able to select multiple or select all items to delete in message inbox. As a person na laging nabobother pag may red notif icon or kahit anong unread or notification message, i really need this. Thank you!",feature_request,GCash,Google Play (Kaggle public dataset),3,2023-10-25T02:34:47.000Z,strict_rule_relabel,training
ewallet_03774,I found my lost sim card but I forgot my mpin and security questions please help me,account_access_issue,GCash,Google Play (Kaggle public dataset),5,2022-04-23T15:55:03.000Z,strict_rule_relabel,training
ewallet_03777,"I submitted a ticket about my cash in not reflecting on my gcash account a couple of days ago and yet the issue has not been resolved. I have provided all the info needed to justify my transaction. It's not even my fault, it's annoying how they handle simple concern. They responded once and you will hear nothing from them. I also made a follow up about my ticket and haven't heard from them.",transfer_issue,GCash,Google Play (Kaggle public dataset),1,2021-04-09T15:25:29.000Z,strict_rule_relabel,training
ewallet_03778,This app is so so dumm because I cannot log in my account,account_access_issue,GCash,Google Play (Kaggle public dataset),1,2021-04-10T01:28:50.000Z,strict_rule_relabel,training
ewallet_03779,"My gcash was hacked feb. 04,2022..all my gcash money was sent to unverified number they said then never share your OTP OF COURSE THAT'S MY MPIN.. I was thingking they will help me how to solve this problem coz i heard some of my know neighbours had an experience also about tbis problem and gcash didn't come back their money too hahaha",account_access_issue,GCash,Google Play (Kaggle public dataset),1,2022-04-26T07:30:36.000Z,strict_rule_relabel,training
ewallet_03780,Please bring back accessible GCash with Globe/TM free data. How can we protect our accounts if we can't even use it in our own device especially someone who relies entirely on mobile data. #GCash #FreeData,feature_request,GCash,Google Play (Kaggle public dataset),1,2023-11-06T03:50:56.000Z,strict_rule_relabel,training
ewallet_03781,"For the past few months I just ignored this text ""You don't have enough balance to complete your payment of P260.00 to Google. Use GCredit or Cash-In to increase your balance and try again."" This text me like everyday its like a spam text even my account doesn't have a money it keeps texting me that... I thought it was my brother who did this but then his not... This google just got Php 100 on my account... I thought this app is secure but not. I think my account is being hack. PLEASE FIX THIS!",transfer_issue,GCash,Google Play (Kaggle public dataset),1,2022-04-26T10:48:44.000Z,strict_rule_relabel,training
ewallet_03783,I cannot log in to my account after the helpdesk informed me that my account was fixed.,account_access_issue,GCash,Google Play (Kaggle public dataset),5,2021-04-11T03:29:10.000Z,strict_rule_relabel,training
ewallet_03785,"I like using this app but I can't log in now, system error!!!!!!!!!!!!!!! Please fix it! ASAP!!!!!!!!!!!!!!!!!!!!!!",account_access_issue,GCash,Google Play (Kaggle public dataset),3,2021-04-11T05:32:25.000Z,strict_rule_relabel,training
ewallet_03787,"I hope you add some feature that can redo the gcash you sent because it is inevitable to send by mistake, so I hope there will be a feature that can redo and then notify the receiver that the sender redo or take back the money he send to him",feature_request,GCash,Google Play (Kaggle public dataset),2,2023-11-10T13:13:16.000Z,strict_rule_relabel,training
ewallet_03788,I can't log in to my account it was okay yesterday. this happened twice already I already re install the app,account_access_issue,GCash,Google Play (Kaggle public dataset),4,2021-04-12T10:55:35.000Z,strict_rule_relabel,training
ewallet_03789,I can't able to recover my lost acc. Using other phone number it's very hard to get same phone number please add an email address on your system like Coins.ph put an option phone or email,feature_request,GCash,Google Play (Kaggle public dataset),1,2023-11-10T14:31:16.000Z,strict_rule_relabel,training
ewallet_03791,"Please add NBI certificate to verified sir, or voters certificate. Thank 7",feature_request,GCash,Google Play (Kaggle public dataset),5,2023-11-11T15:48:13.000Z,strict_rule_relabel,training
ewallet_03792,My Suggestion to GCash Team Hope y'all read this INSTEAD OF UPDATING YOUR DATABASE AND YOUR APP IN THE DAY WHY NOT IN THE MIDNIGHT? WITH NO ANY INTERRUPTIONS TO ANY USER IN THE NEXT DAY...SO HASSLE!. We understand that the company is following the Labor hour but Sunday is a Precious day to use financials for free time entertainment and all of a sudden GCash is Out of the Mark. GCash need to rearrange your system really impractical for a weekend to be a stressful day.,feature_request,GCash,Google Play (Kaggle public dataset),1,2023-11-12T11:15:20.000Z,strict_rule_relabel,training
ewallet_03793,"It suddenly paid my cancelled order in online shopping without my permission, now I don't know how to refund the money that I lost please fix this!. In other term the app was good but I would have rate it 5 star but suddenly it happens so...",payment_failure,GCash,Google Play (Kaggle public dataset),4,2022-04-30T10:52:58.000Z,strict_rule_relabel,training
ewallet_03794,I hope gcash will add an options about subscription payments view on app that automatically deduct cash on app so we can unsubscribe the unknown payments on accounts,feature_request,GCash,Google Play (Kaggle public dataset),5,2023-11-12T13:57:31.000Z,strict_rule_relabel,training
ewallet_03795,Hi developer i just want to suggest that what if Gcash will upgrade to new version and having the crypto curriencies inside it to trade im sure that would be perfect upgrade and one more thing i just want to suggest that if its okay to upgrade the Gcash verification becoz other user making fake Gcash and making fake Id's to verified their fake Gcash and use it to Scam otherspls response my suggestions if its okay Thank You,feature_request,GCash,Google Play (Kaggle public dataset),3,2022-05-01T05:53:56.000Z,strict_rule_relabel,training
ewallet_03798,I can't log in this app,account_access_issue,GCash,Google Play (Kaggle public dataset),1,2021-04-14T21:40:43.000Z,strict_rule_relabel,training
ewallet_03799,"I cannot log in,since I updated the apps.it shows that ""there seems to be a problem.please try again later.(TRW7)",account_access_issue,GCash,Google Play (Kaggle public dataset),1,2021-04-15T18:34:33.000Z,strict_rule_relabel,training
ewallet_03802,"I cant log in, what is TRW7 error means?",account_access_issue,GCash,Google Play (Kaggle public dataset),1,2021-04-16T08:24:41.000Z,strict_rule_relabel,training
ewallet_03804,Why I can't send money? What's happening? The moment I send money it only says we need to look at your account for security reasons.,transfer_issue,GCash,Google Play (Kaggle public dataset),5,2022-05-09T03:07:46.000Z,strict_rule_relabel,training
ewallet_03808,I cant log in to my accnt.always error,account_access_issue,GCash,Google Play (Kaggle public dataset),2,2021-04-20T02:29:26.000Z,strict_rule_relabel,training
ewallet_03809,When withdrawing money from the CIMB wish there is an option to send the otp on ur email address. sometimes i need to request the otp 3 times because otp came expired.,feature_request,GCash,Google Play (Kaggle public dataset),3,2021-04-20T10:40:54.000Z,strict_rule_relabel,training
ewallet_03810,"I can't log in to mu account!!!!! I have tried installing and re-installing it plenty of time already! I cleared the cache and data but still nothing. I already submitted a ticket like three times already still I cant! I'm stuck into log in screen and submit ticket zone, i tried my other sim but still the same.",account_access_issue,GCash,Google Play (Kaggle public dataset),1,2021-04-22T04:38:44.000Z,strict_rule_relabel,training
ewallet_03813,my money is not secured in this app. i lost it bcz of unauthorized transaction then the help center is always unavailable. walang nagrereply saaking costumer service. basta kumita lng kayo ganon? walang pakialam sa mga nagkakaproblema? wala na yung pera ko na yun. na cash out na yun. badtrip sa inyo.,transfer_issue,GCash,Google Play (Kaggle public dataset),1,2022-05-14T21:32:37.000Z,strict_rule_relabel,training
ewallet_03814,I cannot log in since its been updated always error TRW7,account_access_issue,GCash,Google Play (Kaggle public dataset),1,2021-04-25T14:01:33.000Z,strict_rule_relabel,training
ewallet_03816,I can't log in my Gcash account...Error always!what will i do to fix it?...i'll change my ratings after...,account_access_issue,GCash,Google Play (Kaggle public dataset),1,2021-04-27T05:38:51.000Z,strict_rule_relabel,training
ewallet_03818,I can't log in in gcash its said that ny internet is error but my wifi is fine please help i need this,account_access_issue,GCash,Google Play (Kaggle public dataset),3,2021-04-27T15:06:31.000Z,strict_rule_relabel,training
ewallet_03821,Always system error. I can't log in. Suckkks.,account_access_issue,GCash,Google Play (Kaggle public dataset),1,2021-04-30T02:16:11.000Z,strict_rule_relabel,training
ewallet_03823,nice app for bill payment and investment 3 Stars because security biometric keeps getting disabled happend on 3 separate occasions once that happens if can't remember pin since rearly used will be ask security questions already forgotten can't you just enable biometric to know or have a representative call you that someone trying to access the account to verify,payment_failure,GCash,Google Play (Kaggle public dataset),3,2022-05-19T23:56:10.000Z,strict_rule_relabel,training
ewallet_03824,"It's always saying ""something is wrong please submit a ticket"". I already have the ticket then where to submit it?? It also says that submit it in help center by logging in and the problem is i can't log in because of that fvvking ticket",account_access_issue,GCash,Google Play (Kaggle public dataset),1,2021-05-01T01:29:48.000Z,strict_rule_relabel,training
ewallet_03826,My gcash account was a problem icant log in becuase nag hahanap ng tiket,account_access_issue,GCash,Google Play (Kaggle public dataset),1,2021-05-03T04:30:19.000Z,strict_rule_relabel,training
ewallet_03828,"Just been scammed out of my life savings. No links clicked. No sharing of MPIN done. No unauthorized linking of accounts. Yet, all my money gone in a flash. That was supposed to be my savings for my tuition fees. Heighten your lousy security.",account_access_issue,GCash,Google Play (Kaggle public dataset),1,2022-05-24T12:26:04.000Z,strict_rule_relabel,training
ewallet_03829,SECURITY IS TOO WEAK. MANY SCAM HAPPENEND BUT STILL NO ACTION TAKEN.,security_concern,GCash,Google Play (Kaggle public dataset),1,2022-05-24T22:34:22.000Z,strict_rule_relabel,training
ewallet_03830,Can't log in. It always shows error. Now I can't even check my account.,account_access_issue,GCash,Google Play (Kaggle public dataset),1,2021-05-04T07:37:05.000Z,strict_rule_relabel,training
ewallet_03831,"Have to use this with android security or else someone can easily hack it. Well, I don't put much money in here. At most P1,000-2,000 is enough for security sake.",security_concern,GCash,Google Play (Kaggle public dataset),5,2022-05-24T23:55:33.000Z,strict_rule_relabel,training
ewallet_03835,I cannot log in to my accnt,account_access_issue,GCash,Google Play (Kaggle public dataset),5,2021-05-11T23:24:15.000Z,strict_rule_relabel,training
ewallet_03837,i can't log in my gcash acc. KINDLY FIX THIS,account_access_issue,GCash,Google Play (Kaggle public dataset),1,2021-05-13T11:57:34.000Z,strict_rule_relabel,training
ewallet_03840,Can be hack.. please improve the security,security_concern,GCash,Google Play (Kaggle public dataset),3,2022-05-28T03:43:12.000Z,strict_rule_relabel,training
ewallet_03843,I do know what happened. I suddenly can't log in and even enter my no. As request showed. I'm worried I have money left in my gcash app.,account_access_issue,GCash,Google Play (Kaggle public dataset),1,2021-05-20T06:09:45.000Z,strict_rule_relabel,training
ewallet_03845,This is not good I cant log in again at my account i dont recieve codes so please fix this problem,account_access_issue,GCash,Google Play (Kaggle public dataset),2,2021-05-21T08:44:37.000Z,strict_rule_relabel,training
ewallet_03847,"It took multiple attempts to create an account and it's not letting me verify my identity so this app is useless so far. Was told by a few people they had the same problems. Said it's like winning the lottery to get verified. Edited 5/24 Absolute garbage. Can't verify ID or email, can't send trouble ticket and can't chat with them in their app or their Facebook. Their FB sends a verification code which is fine but when I type my PIN, sorry can't verify even though I can login to the app. TRASH",account_access_issue,GCash,Google Play (Kaggle public dataset),1,2021-05-24T01:45:10.000Z,strict_rule_relabel,training
ewallet_03848,"Can't login to my account because I have too much money. Lol, the irony. I was fine when this happened once but twice? Srsly? And on top of that, they lock your account for several days through the verification process so you can't access your money. Customer service is great though but the gcash system sucks. You're scaring away your depositors because you lock their accounts.",account_access_issue,GCash,Google Play (Kaggle public dataset),1,2021-05-24T05:08:16.000Z,strict_rule_relabel,training
ewallet_03850,Why is my money transfer from my bank to gcash did not appear in my account. Please solve this problem right away.,transfer_issue,GCash,Google Play (Kaggle public dataset),4,2021-05-27T05:32:27.000Z,strict_rule_relabel,training
ewallet_03851,I CAN'T LOG IN MY ACCOUNT IN THE APP!,account_access_issue,GCash,Google Play (Kaggle public dataset),2,2021-05-28T06:18:31.000Z,strict_rule_relabel,training
ewallet_03852,Maypagka scammer tong hayp na to e. No service fee nakalagay sa Kiosk potang ina may 2% pala na bawas. Amabagal pa ng confirmation naka dalawang cash in na ako. 400 kaltas sa 20K ko na cash in. paka walang hiya nitong mga hayp na to.,transfer_issue,GCash,Google Play (Kaggle public dataset),1,2022-05-31T13:35:54.000Z,strict_rule_relabel,training
ewallet_03853,I cannot log in to my account. What's happenin?? Please do something about this.,account_access_issue,GCash,Google Play (Kaggle public dataset),3,2021-05-28T16:22:48.000Z,strict_rule_relabel,training
ewallet_03854,Useless app cannot login error something went wrong ot191502,account_access_issue,GCash,Google Play (Kaggle public dataset),1,2021-05-28T19:06:46.000Z,strict_rule_relabel,training
ewallet_03858,Why I can't log in after I punched the OTP?. It's says something went wrong!!!,account_access_issue,GCash,Google Play (Kaggle public dataset),2,2021-05-28T23:48:52.000Z,strict_rule_relabel,training
ewallet_03859,How can I cash out if I can't login my acct?it's been 3-5dsys I can't login my acct?,transfer_issue,GCash,Google Play (Kaggle public dataset),1,2021-05-29T01:10:10.000Z,strict_rule_relabel,training
ewallet_03861,Right now ai can't log in to my account and my money is all in there.i submitted ticket but no one responded.,account_access_issue,GCash,Google Play (Kaggle public dataset),2,2021-05-29T01:40:09.000Z,strict_rule_relabel,training
ewallet_03862,Updated. Issues: 1. 4-digit MPIN to Log-in should be 6-digit for better security. 2. No Show/Hide Toggle for Gsave Account number and actual Balance of Wallet and Savings Account to protect it from any eyes in public settings. 3. ADs are a bit annoying esp. Singlife insurance. Overall an okay app only. Will update ratings if seen with more enhanced Security features and improvement in Services.,account_access_issue,GCash,Google Play (Kaggle public dataset),2,2022-06-03T10:50:40.000Z,strict_rule_relabel,training
ewallet_03865,"Its not good,im having problem coz i cannot log in its always saying error,i submitted a ticket twice.they have replied saying do this do that,i tried that both but still cannot log in and i still have money there how can i get that? How is that useful? Do something gcash app.",account_access_issue,GCash,Google Play (Kaggle public dataset),1,2021-06-01T04:17:17.000Z,strict_rule_relabel,training
ewallet_03866,I try to register but i always didn't receive my code so I can't log in,account_access_issue,GCash,Google Play (Kaggle public dataset),1,2021-06-02T04:59:13.000Z,strict_rule_relabel,training
ewallet_03867,"I use it for almost one year. But always have a problem. Always have maintenance, cannot log in, sometimes load was deducted to your gcash account but they cannot received load. Then they returned on next days. They are expanding there business but maintenance or upgrading their service is good. Poor service.",account_access_issue,GCash,Google Play (Kaggle public dataset),1,2021-06-02T05:22:00.000Z,strict_rule_relabel,training
ewallet_03868,can't log in to the app,account_access_issue,GCash,Google Play (Kaggle public dataset),1,2021-06-04T00:40:47.000Z,strict_rule_relabel,training
ewallet_03871,Sometimes you can't log in this apps but it goes so well when transacting because it convenient to transact in this apps,account_access_issue,GCash,Google Play (Kaggle public dataset),5,2021-06-05T10:52:05.000Z,strict_rule_relabel,training
ewallet_03872,Fix your verification on taking photos. The picture was clear but thr system says blurred until i can't verify my account anymore. Fix this please,account_access_issue,GCash,Google Play (Kaggle public dataset),2,2021-06-12T03:52:41.000Z,strict_rule_relabel,training
ewallet_03875,i cant log in it always says error pls submit a ticket,account_access_issue,GCash,Google Play (Kaggle public dataset),1,2021-06-14T13:21:09.000Z,strict_rule_relabel,training
ewallet_03876,I can't get some help I can't log in I waste my money here !!!!!,account_access_issue,GCash,Google Play (Kaggle public dataset),1,2021-06-15T02:23:49.000Z,strict_rule_relabel,training
ewallet_03877,Hi why I can't log in to my account. Do you have maintennance now?,account_access_issue,GCash,Google Play (Kaggle public dataset),4,2021-06-16T10:29:58.000Z,strict_rule_relabel,training
ewallet_03878,I can't log in.. I dont know why. It always say submit a ticket.. OH MY GOD I STILL HAVE MY BALANCE IN THERE.. HOW CAN I RETRIEVE IT,account_access_issue,GCash,Google Play (Kaggle public dataset),1,2021-06-16T12:36:18.000Z,strict_rule_relabel,training
ewallet_03879,"I didn't receive the code when I was trying to log in to my account. They said it was sent already but many times I tried to resend, I'm not received the code. Till now I can't log in to my account.",account_access_issue,GCash,Google Play (Kaggle public dataset),2,2021-06-19T04:38:35.000Z,strict_rule_relabel,training
ewallet_03881,I'm so disappointed I didn't change my mpin but I can't log in to my gcash account untill now my money was in to gcash...,account_access_issue,GCash,Google Play (Kaggle public dataset),1,2021-06-19T07:29:11.000Z,strict_rule_relabel,training
ewallet_03882,"Dapat kapag hindi pa verified yung account bawal mag transaction para na hohold kapag ginamit pang scam, ginagamit ng mga scammer app nyo di kayo aware! Tapos wala din kayong 24hrs customer service! laki laki ng kinakaltas nyo na fee kapag 8k above na cash in.",transfer_issue,GCash,Google Play (Kaggle public dataset),1,2022-06-12T00:51:01.000Z,strict_rule_relabel,training
ewallet_03883,I cannot log in shytt,account_access_issue,GCash,Google Play (Kaggle public dataset),1,2021-06-21T14:46:06.000Z,strict_rule_relabel,training
ewallet_03884,"GCash Customer service is the worst, they did not help me when there is a fraudulent activity happened on my acct and thet will drop the call when they can't help you.",security_concern,GCash,Google Play (Kaggle public dataset),1,2022-06-14T14:05:06.000Z,strict_rule_relabel,training
ewallet_03886,OTP is weak I suggest to add password button when sending money to add more security!,account_access_issue,GCash,Google Play (Kaggle public dataset),2,2022-06-20T13:37:06.000Z,strict_rule_relabel,training
ewallet_03887,"NAHHHH THEY BLOCKED MY ACCOUNT ALL OF THE SUDDEN FOR ""SUSPICIOUS ACTIVITY"" AND NO ONE IS RESPONSIVE TO MY TICKETS HAYSSSSSS MY TRUST ISSUES GETTING WORSE BC OF THIS APP",security_concern,GCash,Google Play (Kaggle public dataset),1,2022-06-25T09:16:17.000Z,strict_rule_relabel,training
ewallet_03888,I can't log in to my account every time i submit a OTP code it always say sEnD a tIcKeT i send 3!! Tickets! And it won't do anything it just keeps saying the same thing over and over again.,account_access_issue,GCash,Google Play (Kaggle public dataset),1,2021-07-05T04:49:05.000Z,strict_rule_relabel,training
ewallet_03889,Your Apps are worst I can't load may cellphone no. And it can't connect in wifi pls do something! And also if i uninstall this and reinstall I can't log in tsk.,account_access_issue,GCash,Google Play (Kaggle public dataset),1,2021-07-05T22:13:17.000Z,strict_rule_relabel,training
ewallet_03891,"I just made an account and loaded it with money. Next day I can't log in and saying something went wrong, just wth. I sent a ticket then its requesting me a valid I.D which is i dont still have yet. I'm really Annoyed right now",account_access_issue,GCash,Google Play (Kaggle public dataset),1,2021-07-08T13:25:15.000Z,strict_rule_relabel,training
ewallet_03895,Buggy as hell for the past month. Slow login and opening of everything and then the dreaded 'try again later'. They kept adding features but you can't use it. 9july2021 update: now I can't login. After typing MPIN. Nothing happens. And they want to be the future of Fintech in PH. Good luck with that.,account_access_issue,GCash,Google Play (Kaggle public dataset),1,2021-07-08T17:23:31.000Z,strict_rule_relabel,training
ewallet_03898,"3 stars, kulang sa security. I dont know why my version of this app doesn't have function like others, they receive codes whenever they send money.",transfer_issue,GCash,Google Play (Kaggle public dataset),3,2022-06-29T14:37:19.000Z,strict_rule_relabel,training
ewallet_03899,my gcash was hacked all my deposit was withdrawn by gcash fake representantive it is not safe,security_concern,GCash,Google Play (Kaggle public dataset),2,2022-06-30T05:56:27.000Z,strict_rule_relabel,training
ewallet_03904,I can't log in after the recent update,account_access_issue,GCash,Google Play (Kaggle public dataset),1,2021-07-12T17:39:11.000Z,strict_rule_relabel,training
ewallet_03905,I can't log in .. worst update,account_access_issue,GCash,Google Play (Kaggle public dataset),1,2021-07-12T17:46:59.000Z,strict_rule_relabel,training
ewallet_03908,Cannot log in my acc,account_access_issue,GCash,Google Play (Kaggle public dataset),3,2021-07-13T01:03:56.000Z,strict_rule_relabel,training
ewallet_03911,"I rate 4 stars this app eventhough Im not totally verified because student ID is not on the list and also a hassle if you try to verified it using student ID please put student ID as a part of option because most of students use this app especially in school purposes. But overall, this app is good and secured, it is good to update sometimes for security purposes. Thank you, please see our request as a student.",feature_request,GCash,Google Play (Kaggle public dataset),4,2022-07-04T10:44:10.000Z,strict_rule_relabel,training
ewallet_03913,It is not safe for scammers..my saving was hacked and d na naibalik pa Ang Pera...ilang ulit na Ako humingi Ng tulong sa gcash,security_concern,GCash,Google Play (Kaggle public dataset),3,2022-07-04T16:04:57.000Z,strict_rule_relabel,training
ewallet_03914,I can't log in to my GCash App,account_access_issue,GCash,Google Play (Kaggle public dataset),1,2021-07-15T07:02:27.000Z,strict_rule_relabel,training
ewallet_03917,"I got scam but they did not compensate poor security don't install this app, it doesn't deserve a 1 star rating",security_concern,GCash,Google Play (Kaggle public dataset),1,2022-07-05T09:23:00.000Z,strict_rule_relabel,training
ewallet_03920,I cannot login with this app cos its not sending an OTP to my globe mobile number. poor qaulity of service from this app.,account_access_issue,GCash,Google Play (Kaggle public dataset),1,2021-07-27T01:49:13.000Z,strict_rule_relabel,training
ewallet_03922,"Cannot log in. Ticket does not solve the solution to open app. Help center there is no written word ""your ticket""",account_access_issue,GCash,Google Play (Kaggle public dataset),1,2021-07-29T00:52:02.000Z,strict_rule_relabel,training
ewallet_03923,Something is really wrong with the verification I can't verify my account it always say unclear photo of id even tho you can read it properly,account_access_issue,GCash,Google Play (Kaggle public dataset),1,2021-07-30T09:34:06.000Z,strict_rule_relabel,training
ewallet_03924,this is so fake i can't log in after i play i put the right mpn but it can't open this is terrible app,account_access_issue,GCash,Google Play (Kaggle public dataset),1,2021-07-31T14:35:39.000Z,strict_rule_relabel,training
ewallet_03927,Difficult to use cannot log in properly,account_access_issue,GCash,Google Play (Kaggle public dataset),4,2021-08-01T09:43:47.000Z,strict_rule_relabel,training
ewallet_03929,Prompts for an app update but no update button on google play. Unable to login to make transactions.,account_access_issue,GCash,Google Play (Kaggle public dataset),1,2021-08-01T11:29:45.000Z,strict_rule_relabel,training
ewallet_03932,"this app is scammer friendly. when you log in it takes 2-5 times typing password before you can enter in g-cash. it's simple to cash in it crashes when you cash out. me & my friend had been victim of swindling i show the customer service photos, narrative incident report with police signature. after i reported it g-cash help center ask for lawyer notary I spend almost the amount of money which I want to reclaim. my friend g cash accnt. is hack & as always it took to long for them to respond!...",transfer_issue,GCash,Google Play (Kaggle public dataset),1,2022-07-09T03:55:35.000Z,strict_rule_relabel,training
ewallet_03933,I can't log in...first time user,account_access_issue,GCash,Google Play (Kaggle public dataset),3,2021-08-03T08:43:48.000Z,strict_rule_relabel,training
ewallet_03935,I have been waiting GCash to verify my account but still no progress. Please give more attention to the verification process. Gcash is basically useless if the account is not verified. PLEASE FIX THIS ISSUE.,account_access_issue,GCash,Google Play (Kaggle public dataset),1,2021-08-09T03:54:45.000Z,strict_rule_relabel,training
ewallet_03936,"Just installed the app, had so many attempts to verify mobile pin. Fortunately it went through after maybe 8-10th try. It's going well until the verification process of identification card. I'm sending the correct picture but gives an error when sending the image. Can't verify right now since it said I already made too many failed attempts. Going to try the process tonight or tomorrow. Update (after a few weeks): Seems like verification using SSS ID have issues. Other ID worked.",account_access_issue,GCash,Google Play (Kaggle public dataset),2,2021-08-10T01:44:35.000Z,strict_rule_relabel,training
ewallet_03937,"Di ako makapagsend, ng money..kelangan mag send a ticket. .ginawa pa akong scammer.pera ko nman ang laman d ako makapag send money!!!!!!! Mas maganda pa mga old version ngaun dina!!!!",transfer_issue,GCash,Google Play (Kaggle public dataset),1,2022-07-21T01:40:53.000Z,strict_rule_relabel,training
ewallet_03938,"i cant make,a,withdrawal on pitmastwr live,, they always giving me otp code but always error,, how,can i get my money,,",transfer_issue,GCash,Google Play (Kaggle public dataset),1,2021-08-14T01:37:09.000Z,strict_rule_relabel,training
ewallet_03939,I can't log in. The hell?,account_access_issue,GCash,Google Play (Kaggle public dataset),1,2021-08-14T04:13:27.000Z,strict_rule_relabel,training
ewallet_03940,Terrible security a scammer used the official gcash account number and sent me a text message saying that there's a suspicious activity in my account and took all of the money in my account. They didn't even take some action or even give me some compensation because of gcash's lack of security.,security_concern,GCash,Google Play (Kaggle public dataset),1,2022-07-22T06:50:49.000Z,strict_rule_relabel,training
ewallet_03941,Why I can't log in to my GCash,account_access_issue,GCash,Google Play (Kaggle public dataset),1,2021-08-14T11:08:47.000Z,strict_rule_relabel,training
ewallet_03942,Poor product support team. I am unable to login for 24hours and stilll counting. There's no customer service who can assist via phone. All are ticketing system via email which only responds once a day.,account_access_issue,GCash,Google Play (Kaggle public dataset),1,2021-08-15T11:20:57.000Z,strict_rule_relabel,training
ewallet_03944,I am unable to login for a few days now it says submit a ticket. So ive submitted a ticket and they reply with system down for 2 hrs. And few day have passes same reply. Pls fix ur app pls help me login or reply to my email and help me.,account_access_issue,GCash,Google Play (Kaggle public dataset),1,2021-08-15T14:35:47.000Z,strict_rule_relabel,training
ewallet_03949,Been experiencing some problems since few days ago. And now I cannot log in since yesterday and unfortunately I have fund. I sent email already and the response is will solve after 2hours but it's been 20hours already. Please solve this issue,account_access_issue,GCash,Google Play (Kaggle public dataset),1,2021-08-16T04:16:53.000Z,strict_rule_relabel,training
ewallet_03950,Why i can't log in to my Gcash App.,account_access_issue,GCash,Google Play (Kaggle public dataset),2,2021-08-16T09:57:51.000Z,strict_rule_relabel,training
ewallet_03951,Whats happening to your app?! I can't log in again my account. It says please submit a ticket. Last friday it happened. Ans then this time i happened again. I still got money in my account. Please solve this issue,account_access_issue,GCash,Google Play (Kaggle public dataset),3,2021-08-16T11:32:48.000Z,strict_rule_relabel,training
ewallet_03952,"Went 2 Jabee to buy pasalubong.So nag go through na ung payment-dami akong fund,showed them my app with the reference# and naprint na nila ung receipt.Sbi ko balikan ko kse mag grocery pko.Pagbalik ko, sbe di nag pumasok ung payment!Magbayad daw uli ako, naparang scammer ako?! I paid again just to end the convo.Diko na kasalanan if there's something wrong w/the app, pero whenever I go there pinagchi2smisan ako ng crew na para kong criminal!U guys put me in a bad name!DINA CLA 2MATANGGAP GCASH",payment_failure,GCash,Google Play (Kaggle public dataset),1,2022-07-27T07:11:04.000Z,strict_rule_relabel,training
ewallet_03954,I can't log in what happen in this app,account_access_issue,GCash,Google Play (Kaggle public dataset),1,2021-08-19T06:02:01.000Z,strict_rule_relabel,training
ewallet_03955,my account is cannot log in because submit a ticket,account_access_issue,GCash,Google Play (Kaggle public dataset),1,2021-08-19T23:45:52.000Z,strict_rule_relabel,training
ewallet_03958,"I can't log in my account. I'm stuck on the pin code log in and it won't continue further, it always says something went wrong. Please notice this and fix asap.",account_access_issue,GCash,Google Play (Kaggle public dataset),1,2021-08-21T12:00:01.000Z,strict_rule_relabel,training
ewallet_03960,i can't log in .. Everytime i attempt to log in my app it say that i need to submit ticket for further assistance like what the I've submitted already tickets but it's just the same ..it sucks,account_access_issue,GCash,Google Play (Kaggle public dataset),1,2021-08-21T22:46:12.000Z,strict_rule_relabel,training
ewallet_03963,I cannot log in to my account it always say that there is a problem after I enter the code that is been texted by gcash! Can anyone fix this?!,account_access_issue,GCash,Google Play (Kaggle public dataset),1,2021-08-22T17:46:38.000Z,strict_rule_relabel,training
ewallet_03964,There is a huge security issues in this app/service. I reported an unauthorized transactions but they insists that it was legit. The funds in my account are now empty and until now there is no resolution on my case.,security_concern,GCash,Google Play (Kaggle public dataset),1,2022-08-02T17:28:35.000Z,strict_rule_relabel,training
ewallet_03967,PLEASE MAKE THIS AN IMPORTANT MATTER. IF YOU WONT ERASE THE PAY QR ON NON-VERIFIED ACCOUNTS SO MANY SCAMMERS WILL DO THIS METHOD EARLEIR THIS MORNING THERE IS A CASE ABOUT IT BUT WE CANNOT RETREIVE THE AMOUNT SENT BECAUSE THE SCAMMER USED PAY QR ON HIS NON-VERIFIED ACCOUNT TO GET THE MONEY.,payment_failure,GCash,Google Play (Kaggle public dataset),1,2022-08-03T01:53:07.000Z,strict_rule_relabel,training
ewallet_03968,"I already uploaded my complete documents TWICE and still won't verify me. It keeps telling me that I have to edit my profile AND I CAN'T EDIT MY PROFILE BECAUSE I'M NOT VERIFIED!! AND PLEASE AS A STUDENT, ADD THE STUDENT ID IN THE CHOICES!!",feature_request,GCash,Google Play (Kaggle public dataset),1,2021-08-24T02:45:23.000Z,strict_rule_relabel,training
ewallet_03970,Can't log in to my gcash app it says something went wrong what happen,account_access_issue,GCash,Google Play (Kaggle public dataset),2,2021-08-25T04:00:30.000Z,strict_rule_relabel,training
ewallet_03971,"Very efficient in ensuring protection, privacy and performance. Keep getting better.",security_concern,GCash,Google Play (Kaggle public dataset),5,2022-08-03T02:30:53.000Z,strict_rule_relabel,training
ewallet_03973,Can't log in? Even the help center can't help with my problem.,account_access_issue,GCash,Google Play (Kaggle public dataset),1,2021-08-25T22:34:15.000Z,strict_rule_relabel,training
ewallet_03974,I cannot log in what happen,account_access_issue,GCash,Google Play (Kaggle public dataset),1,2021-08-27T03:29:46.000Z,strict_rule_relabel,training
ewallet_03976,I cannot register due to asking for my MPIN which I have not set it up yet. I have been explaining so many times on the help center that I am new but they keep on asking my information which I don't have yet because I am new and the system doesn't have my information yet. So frustrating on explaining....,account_access_issue,GCash,Google Play (Kaggle public dataset),1,2021-08-27T12:22:56.000Z,strict_rule_relabel,training
ewallet_03977,ILove the apps and i hope it will improve more like tracking scammer,feature_request,GCash,Google Play (Kaggle public dataset),5,2022-08-03T09:18:37.000Z,strict_rule_relabel,training
ewallet_03982,"I can't verify my ID because there's no student ID in the option, i'm still a student and I don't have SSS, UMID or Passport, what is the use of parent consent if there's no student ID in the option... Gcash is the only easy way my parents can send me a money when I'm away",feature_request,GCash,Google Play (Kaggle public dataset),1,2021-08-30T06:11:53.000Z,strict_rule_relabel,training
ewallet_03983,"It's useful And good to use but, there's no ID option for Student ID, I can't verify my account",feature_request,GCash,Google Play (Kaggle public dataset),1,2021-09-01T05:54:39.000Z,strict_rule_relabel,training
ewallet_03985,"I can't log in and the app I couldn't receive verification code. Please fix this, it's very inconvenient.",account_access_issue,GCash,Google Play (Kaggle public dataset),3,2021-09-01T23:08:10.000Z,strict_rule_relabel,training
ewallet_03986,Unable to verify email; no verification email is appearing in my inbox or spam,account_access_issue,GCash,Google Play (Kaggle public dataset),1,2021-09-04T03:00:15.000Z,strict_rule_relabel,training
ewallet_03987,"App is good, sometimes laggy as a g-cash user for almost 4 years I hope Gcash secure the app and authentication better this year, so consumers can be worry free from scams and unauthorized withdrawal of money. Tnx. Covering the mobile number atleat 4 digits like the atm card number will also help to avoid unwanted texts from scammers.",transfer_issue,GCash,Google Play (Kaggle public dataset),4,2022-08-04T08:17:09.000Z,strict_rule_relabel,training
ewallet_03988,"I can't log in it always says give us a ticket its been a week , i use different numbers to make an account but it always says gave us a ticket and something went wrong",account_access_issue,GCash,Google Play (Kaggle public dataset),1,2021-09-07T09:45:16.000Z,strict_rule_relabel,training
ewallet_03991,I hate their updated app!! Why do we need to login to our bank's mobile app when trying to cash-in? What if we don't have one or we don't want to? I neved used my bank's mobile app since I was hacked before. Gcash is useless now!!!,transfer_issue,GCash,Google Play (Kaggle public dataset),1,2022-08-05T05:04:14.000Z,strict_rule_relabel,training
ewallet_03993,"not safe anymore, numerous notification t uodate then my money was hacked",security_concern,GCash,Google Play (Kaggle public dataset),1,2022-08-05T23:14:13.000Z,strict_rule_relabel,training
ewallet_03995,Whats happening i cannot log in to my account always say check you interbet connect even if i have a good connection,account_access_issue,GCash,Google Play (Kaggle public dataset),2,2021-09-10T06:12:28.000Z,strict_rule_relabel,training
ewallet_03996,Why I can't log in to my accnt or create new account not working why,account_access_issue,GCash,Google Play (Kaggle public dataset),1,2021-09-10T06:22:46.000Z,strict_rule_relabel,training
ewallet_03997,"Can't log in always says ""processing"" after wards it "" Connection Error""",account_access_issue,GCash,Google Play (Kaggle public dataset),1,2021-09-10T12:07:25.000Z,strict_rule_relabel,training
ewallet_03998,Very nice but not safe because scammer can hack our data's...,security_concern,GCash,Google Play (Kaggle public dataset),5,2022-08-08T05:21:59.000Z,strict_rule_relabel,training
ewallet_03999,"Having a problem after the update, i can't log in to gcash it always says ""please check you internet connection and try again"" but my connection is fast.",account_access_issue,GCash,Google Play (Kaggle public dataset),1,2021-09-10T12:44:54.000Z,strict_rule_relabel,training
ewallet_04002,Can't log in to my account. What is this huh? I have money in my account and you wont let me log in. This is b###,account_access_issue,GCash,Google Play (Kaggle public dataset),2,2021-09-10T22:59:06.000Z,strict_rule_relabel,training
ewallet_04005,", can't log in pliss check ur internet connection nye nye...",account_access_issue,GCash,Google Play (Kaggle public dataset),1,2021-09-11T00:30:10.000Z,strict_rule_relabel,training
ewallet_04010,Can't log in. This is giving me a headache with my transactions.,account_access_issue,GCash,Google Play (Kaggle public dataset),1,2021-09-12T02:03:23.000Z,strict_rule_relabel,training
ewallet_04012,I can't log in now.... Why?,account_access_issue,GCash,Google Play (Kaggle public dataset),1,2021-09-12T03:08:09.000Z,strict_rule_relabel,training
ewallet_04014,"When you need it, thats the time you cannot log in and very slow to open the app. This app is annoying.",account_access_issue,GCash,Google Play (Kaggle public dataset),3,2021-09-12T05:14:01.000Z,strict_rule_relabel,training
ewallet_04015,pangit ng gcash matapos ko mag cash in sa gcash ayaw na mgbigay ng otp. hirap ng buhay pati gcash nag i scam na,transfer_issue,GCash,Google Play (Kaggle public dataset),1,2022-08-17T05:22:03.000Z,strict_rule_relabel,training
ewallet_04018,Unsafe ng platform. Pag may nag hack goodbye pera! Kahit I report pa hindi na I babalik ung ninakaw! Pag a antayin kapa tapos wala din namang ggawin sa pinag hirap pan mong pera!,security_concern,GCash,Google Play (Kaggle public dataset),1,2022-08-19T07:13:02.000Z,strict_rule_relabel,training
ewallet_04019,Kept crashing or cannot log in zfold 2,account_access_issue,GCash,Google Play (Kaggle public dataset),3,2021-09-13T02:54:04.000Z,strict_rule_relabel,training
ewallet_04020,I have a problem i can't log in right now,account_access_issue,GCash,Google Play (Kaggle public dataset),1,2021-09-13T07:53:12.000Z,strict_rule_relabel,training
ewallet_04021,Why what happened i can't log in to my gcash . Loading always,account_access_issue,GCash,Google Play (Kaggle public dataset),2,2021-09-13T10:22:24.000Z,strict_rule_relabel,training
ewallet_04022,This app used to work properly. I don't know why it keeps on loading. I can't log in easily compared before activities.,account_access_issue,GCash,Google Play (Kaggle public dataset),2,2021-09-13T17:08:55.000Z,strict_rule_relabel,training
ewallet_04023,"GScore is just a SCAM. I've been using my gcash on all transactions (payroll, bills payment, purchases) but my gscore never go up. When I ask the customer service they have no definite answer",payment_failure,GCash,Google Play (Kaggle public dataset),1,2022-08-23T04:23:56.000Z,strict_rule_relabel,training
ewallet_04024,"I created my gcash account last August 2021. Deposited money while waiting for full verification. However, I am assuming that account was suspended/put on hold after full verification failed since I cannot login/get inside the app even if MPIN is correct. I personally appeared at Villarica pawnshop for repeat verification process, cleared cache, called 2882, submitted ticket a lot of times, follow up on said tickets, but support is of no help. I guess I won't be getting back deposited money. Is this how GCASH earn some passive income?",account_access_issue,GCash,Google Play (Kaggle public dataset),1,2021-09-14T11:05:33.000Z,strict_rule_relabel,training
ewallet_04029,"Since they updated their app, It won't allow us to send money, bank transfer and buy load. Please fix this we can't use our money in our account because of this problem",transfer_issue,GCash,Google Play (Kaggle public dataset),1,2021-09-15T02:53:33.000Z,strict_rule_relabel,training
ewallet_04033,"Poor service, can't log in.",account_access_issue,GCash,Google Play (Kaggle public dataset),2,2021-09-16T09:00:32.000Z,strict_rule_relabel,training
ewallet_04034,Someone hacked my account so I ask them to track it but they didn't track it where in fact they can do it. Hope that they improve the system and also to help us costumers by our concerns especially on some fraudulent cases.,security_concern,GCash,Google Play (Kaggle public dataset),1,2022-08-30T09:27:50.000Z,strict_rule_relabel,training
ewallet_04037,"I can't log in. ""something went wrong"", it said",account_access_issue,GCash,Google Play (Kaggle public dataset),3,2021-09-17T02:19:37.000Z,strict_rule_relabel,training
ewallet_04038,"Hello, I cannot log in on my account. It says that something went wrong, please try again later. I tried clearing the app cache, uninstalled the app, cleared the data but the problem still persists.",account_access_issue,GCash,Google Play (Kaggle public dataset),3,2021-09-17T02:29:40.000Z,strict_rule_relabel,training
ewallet_04042,For security can you have the fingerprint instead of password?,account_access_issue,GCash,Google Play (Kaggle public dataset),3,2022-09-04T10:36:55.000Z,strict_rule_relabel,training
ewallet_04043,Poor service can't log in keep on repeatation again and again again again again my account was currupted,account_access_issue,GCash,Google Play (Kaggle public dataset),1,2021-09-17T16:30:43.000Z,strict_rule_relabel,training
ewallet_04045,Very unsafe to put big amount in gcash.. Grabeh they won't help you refund unauthorized transaction. Pahihirapan ka pa sa pag report jusko.,payment_failure,GCash,Google Play (Kaggle public dataset),1,2022-09-05T12:06:36.000Z,strict_rule_relabel,training
ewallet_04046,"I can't log in, kindly fix it immediately.",account_access_issue,GCash,Google Play (Kaggle public dataset),1,2021-09-19T11:36:00.000Z,strict_rule_relabel,training
ewallet_04047,Im not fully verified. My money . Was steal/scam.the gcash app. Be aware Im not send money . Icant bank transfer,transfer_issue,GCash,Google Play (Kaggle public dataset),1,2022-09-05T12:18:15.000Z,strict_rule_relabel,training
ewallet_04048,I reported for lost Sim previously and already found and submitted a ticket many times to lift up the suspension of my Sim card but no one resolving my concern I called to the 2882 CSR but they ask me another question not related to account ownership I submitted a valid documents which I registered on gcash for validation of account they did not accept I have funds on my account but I cannot login shame on you Gcash customer service it is not your money it's mine I called you but you hang up.,account_access_issue,GCash,Google Play (Kaggle public dataset),1,2021-09-19T12:35:05.000Z,strict_rule_relabel,training
ewallet_04050,Can't log in at all at the moment.,account_access_issue,GCash,Google Play (Kaggle public dataset),1,2021-09-19T23:48:46.000Z,strict_rule_relabel,training
ewallet_04051,"1. Support is by far the worst or non existent. Pentagon like verification before they can assist you and that is if by some miracle chance someone actually picks up your ticket. If someone does pick up your ticket, you get no answer or a patronizing script that does not answer your concerns, worse than a bot. 2. Privacy and security concerns. 3. ""No marketing call/text list"" does not exist.",security_concern,GCash,Google Play (Kaggle public dataset),2,2022-09-05T17:43:03.000Z,strict_rule_relabel,training
ewallet_04052,"cannot log in , always maintenance",account_access_issue,GCash,Google Play (Kaggle public dataset),1,2021-09-20T00:00:58.000Z,strict_rule_relabel,training
ewallet_04053,I can't log in 2 days what happen to you Gcash ?,account_access_issue,GCash,Google Play (Kaggle public dataset),1,2021-09-20T02:57:11.000Z,strict_rule_relabel,training
ewallet_04056,I cannot register. It doesnt verify or authenticate my details.,account_access_issue,GCash,Google Play (Kaggle public dataset),1,2021-09-21T09:07:21.000Z,strict_rule_relabel,training
ewallet_04057,"scammer amp, naka lagay pwede Student ID tapos sa choices wala.",feature_request,GCash,Google Play (Kaggle public dataset),1,2022-09-06T04:58:40.000Z,strict_rule_relabel,training
ewallet_04058,Your app is pretty much trash in terms of securing your user's money. I keep on getting unauthorized payments. I strongly suggest that you put a more secure feature where there can be no unauthorized transactions and I also strongly suggest that you put wallet into your gcash wallet where in that wallet no money can get out unless the owner do so in the most secure way possible.,feature_request,GCash,Google Play (Kaggle public dataset),3,2022-09-06T08:22:07.000Z,strict_rule_relabel,training
ewallet_04059,"I can't log in my pin no. .....i typed it correctly but it says ""something went wrong"". i typed it many times but nothing works at all, i already get a new otp code and try to get my acc. back but still nothing works well, it only says "" something went wrong""",account_access_issue,GCash,Google Play (Kaggle public dataset),1,2021-09-21T19:06:53.000Z,strict_rule_relabel,training
ewallet_04060,Why I can't log in to my another account,account_access_issue,GCash,Google Play (Kaggle public dataset),2,2021-09-21T23:45:42.000Z,strict_rule_relabel,training
ewallet_04061,"What is wrong with new version of gcash? it's very difficult to switch an account it keeps loading. You need to install and uninstall in again and again, not like before. I like this up so much until the new version come up. Can you please fix this log in problem?",account_access_issue,GCash,Google Play (Kaggle public dataset),3,2021-09-22T12:21:43.000Z,strict_rule_relabel,training
ewallet_04063,"I cannot log in to my account anymore after updating the app. It shows error ""cannot support 4.4 andriod"" Since I updated the app I cannot open it anymore",account_access_issue,GCash,Google Play (Kaggle public dataset),1,2021-09-23T01:44:41.000Z,strict_rule_relabel,training
ewallet_04064,"Very unsatisfied! After I added an amount to my gcash account, I can't access it anymore. I already updated my password, I already submitted numerous ""ticket"", but still I can't access my account or received any update from gcash. What is wrong with you??",account_access_issue,GCash,Google Play (Kaggle public dataset),1,2021-09-23T05:26:00.000Z,strict_rule_relabel,training
ewallet_04065,"GCASH Crashed, I'm unable to login, just keeps on circling. Please FIX!!! I got credits on it!",account_access_issue,GCash,Google Play (Kaggle public dataset),1,2021-09-24T00:21:32.000Z,strict_rule_relabel,training
ewallet_04066,what happened gcash everytime im using this app is still loading and i can't log in.pls fix the issue,account_access_issue,GCash,Google Play (Kaggle public dataset),1,2021-09-24T02:53:13.000Z,strict_rule_relabel,training
ewallet_04067,Can you help me i was load mg gcadh account but the problem is the sim card number i entered in gcash account was lost i can i refund the money??,payment_failure,GCash,Google Play (Kaggle public dataset),5,2021-09-24T06:33:13.000Z,strict_rule_relabel,training
ewallet_04068,"It said my 90day authentication expired. Afterwards, I cannot login anymore. The login page just kept on loading.",account_access_issue,GCash,Google Play (Kaggle public dataset),1,2021-09-24T13:07:12.000Z,strict_rule_relabel,training
ewallet_04070,I cannot log in! Im always experiencing troubleshooting! Pls help,account_access_issue,GCash,Google Play (Kaggle public dataset),1,2021-09-24T20:50:42.000Z,strict_rule_relabel,training
ewallet_04072,panget n gamitin! di nko magnegosyo sa cash in at out nyo humina benta ko simula binago nyo ung pangalan ng sender .tinago nyo ginawa nyong (*) letse kayo ! di na safe gamitin! wla nko tiwala gamitin to! madali na para sa scammer yung gantong sistema nyo! lalo na sa matatanda nakakalito na gamitin dhil tinago nyo na name imbes n kita buong name eh,transfer_issue,GCash,Google Play (Kaggle public dataset),1,2022-09-09T01:08:14.000Z,strict_rule_relabel,training
ewallet_04073,Cannot log in since yesterday.,account_access_issue,GCash,Google Play (Kaggle public dataset),1,2021-09-26T02:06:06.000Z,strict_rule_relabel,training
ewallet_04075,"i can't log in to my gcash account, WHY???",account_access_issue,GCash,Google Play (Kaggle public dataset),1,2021-09-26T23:19:49.000Z,strict_rule_relabel,training
ewallet_04078,"It kept crashing when I have to change and switch to my other acct which they won't verify so my money is stock in there. And there were times I noticed during bank transfers and receiving, I FOUND OUT THE SECRETLY TAKE MONEY FROM YOUR ACCT DURING THE PROCESS EVEN WHEN YOU'RE RECEIVING MONEY. PER TRANSACTION, I WOULD LOSE 100-200+. I have no idea how many times they have done it to me or to anybody but I caught them doing this 3 times. And no one attended to my plea for help. Worse,nothing hpnd",transfer_issue,GCash,Google Play (Kaggle public dataset),1,2021-09-28T00:01:28.000Z,strict_rule_relabel,training
ewallet_04079,What is happening i cannot log in.,account_access_issue,GCash,Google Play (Kaggle public dataset),1,2021-09-30T06:30:50.000Z,strict_rule_relabel,training
ewallet_04082,Low connection! I can't log in to my gcash accnt.,account_access_issue,GCash,Google Play (Kaggle public dataset),2,2021-10-04T02:12:16.000Z,strict_rule_relabel,training
ewallet_04083,"so far not good,cannot log in my gcash account,few weeks already",account_access_issue,GCash,Google Play (Kaggle public dataset),1,2021-10-04T06:18:42.000Z,strict_rule_relabel,training
ewallet_04084,Not working in my phone. I cannot login my account. Need to improve it. I need now,account_access_issue,GCash,Google Play (Kaggle public dataset),1,2021-10-04T12:06:29.000Z,strict_rule_relabel,training
ewallet_04087,Can't Log in my Account even if i do all the actions.,account_access_issue,GCash,Google Play (Kaggle public dataset),1,2021-10-05T14:21:09.000Z,strict_rule_relabel,training
ewallet_04088,"HINDI NA NAREFUND YUNG PINA TRANSFER KO SA BPI, WORTH 2K PA NAMAN YUN, KAHIT NA MAY TRANSACTION RECORD AKO NA SA KANILA MORE THAN 3 WEEKS PINAGHINTAY NYOKO SA WALA, PAULIT ULIT AKO KAKA CALL SA INYO GANUN AT GANUN PARIN, DAIG NYO PA SCAMMER.",payment_failure,GCash,Google Play (Kaggle public dataset),1,2022-09-14T15:52:25.000Z,strict_rule_relabel,training
ewallet_04089,Cannot login...always errors,account_access_issue,GCash,Google Play (Kaggle public dataset),5,2021-10-06T10:17:02.000Z,strict_rule_relabel,training
ewallet_04090,"I'm unable to access my account. The app the doesn't even appear on my phone's homescreen. Such a hassle, I'm supposed to even cash out our money but now I can't. If you keep this up I'll gladly switch to paymaya",transfer_issue,GCash,Google Play (Kaggle public dataset),2,2021-10-07T07:57:22.000Z,strict_rule_relabel,training
ewallet_04092,I hate your verification process.. it always say retake photo not clear even though it is clear.. i can't fully verify my account.. you should fix this issue.. for now thats my rating for your app.. ill just re rate it if you take action on this very bad problem,account_access_issue,GCash,Google Play (Kaggle public dataset),1,2021-10-08T08:40:45.000Z,strict_rule_relabel,training
ewallet_04093,Ito po ang ginagawa kung pngload at nagpapacash out dn po ako ng maliit lNg po na halaga... Maganda po syang gamitin kc dito naiipon ko rn po ang income ko sa pag load at cash out .kaso nadsmaya ako nong na scam . Ung gcash ko kinuha po lahat ng Pera ko.... Kaya naireport ko Ky madam Gigi ung nagscam ng Pera ko .maramng salamat po madam gigi nang marame kaya ngaun safe napo ung gcash ko,transfer_issue,GCash,Google Play (Kaggle public dataset),5,2022-09-17T09:01:11.000Z,strict_rule_relabel,training
ewallet_04094,"I cannot login my account into my new phone. Same mobile number, but ""Next"" button is not working!!!",account_access_issue,GCash,Google Play (Kaggle public dataset),2,2021-10-09T00:21:49.000Z,strict_rule_relabel,training
ewallet_04095,"They Can't provide me a one time exception to get my refund despite prociding proof of scam transaction ,So dissapointed",payment_failure,GCash,Google Play (Kaggle public dataset),1,2022-09-19T02:18:19.000Z,strict_rule_relabel,training
ewallet_04096,It's always updating since yesterday. Now I can't log in. So sad.,account_access_issue,GCash,Google Play (Kaggle public dataset),1,2021-10-09T17:16:21.000Z,strict_rule_relabel,training
ewallet_04097,"I'm sorry to give you 3 star. Gcash is really convinient but today my account got hacked, I had cash in an amount of 1,500 pesos but when I opened it later, my balance become Zero (0). I don't trust anymore.",transfer_issue,GCash,Google Play (Kaggle public dataset),3,2022-09-19T10:17:21.000Z,strict_rule_relabel,training
ewallet_04099,Tolerates fraudulent transactions. Will refuse to dispute.,security_concern,GCash,Google Play (Kaggle public dataset),1,2022-09-19T13:57:35.000Z,strict_rule_relabel,training
ewallet_04100,I can't access my account. I need to use like loading and others. But it always say to update even I have already updated it. I hope Gcash will find resolution on this as I founf out that some of the people I knew experience the problem. And I have 1 account that I could no longer access for how many months and the money in there is just seating....,feature_request,GCash,Google Play (Kaggle public dataset),1,2021-10-10T14:28:27.000Z,strict_rule_relabel,training
ewallet_04102,Stupid app. I can't even register an account. I hope you can fix the issue,feature_request,GCash,Google Play (Kaggle public dataset),1,2021-10-14T04:20:15.000Z,strict_rule_relabel,training
ewallet_04103,"Bugs is to much to handle, the processing took 5-6 minutes and sometimes I can't log in.",account_access_issue,GCash,Google Play (Kaggle public dataset),1,2021-10-15T03:59:28.000Z,strict_rule_relabel,training
ewallet_04104,"Ayaw ma open bigla ng gcash ko, something went wrong daw at mag submit ng ticket pero kahit ung help center error. Ano ba yan... Undermaintenance lang ba to o hack na ako? Okay naman internet. Tatlong beses ko na ni-reinstall ung app. At bago mag error ung help center nakapag submit ako ng isang ticket. Ung MPIN na binigay sa akin ayaw pa din gumana.",account_access_issue,GCash,Google Play (Kaggle public dataset),1,2022-09-23T04:56:02.000Z,strict_rule_relabel,training
ewallet_04107,I hate this. I can't log in and it says something went wrong. Why the heck it says that? Gcash itself deleted the icon but the app is still there in settings.,account_access_issue,GCash,Google Play (Kaggle public dataset),1,2021-10-18T01:28:55.000Z,strict_rule_relabel,training
ewallet_04108,Its super traumatic and bad I was the one who was scammed and got my gwallet and gcredit resources then I will be the one to report these incident to the googgle support team?!!!Heighten your privacy and security your not a safe digital mobile banking app!!!!,security_concern,GCash,Google Play (Kaggle public dataset),5,2022-09-28T03:40:42.000Z,strict_rule_relabel,training
ewallet_04110,"I did cash-in to my gcash from my bank account and they sent me confirmation,ref number and my balance but when i tried to log in it say's something went wrong,its been 5 days and up to now still can't log in..I tried all possible way of troubleshooting but still the same...What should i do?Pls help me..",transfer_issue,GCash,Google Play (Kaggle public dataset),1,2021-10-19T11:47:54.000Z,strict_rule_relabel,training
ewallet_04111,I can't log in even its right,account_access_issue,GCash,Google Play (Kaggle public dataset),1,2021-10-21T17:35:55.000Z,strict_rule_relabel,training
ewallet_04112,This app allows fraudulent transactions and when you report your experience they keep sayimg that they can't do anything.... poor thing because i do believe that you have all the data in every transactions.... you have the control in freezing the swindlers account in withdrawing or sending money... i reported yesterday about my experience around 11:30 pm they said that they would block the swindlers account yet same number and same name scammed another person around 3pm... funny right...,security_concern,GCash,Google Play (Kaggle public dataset),1,2022-09-29T02:20:17.000Z,strict_rule_relabel,training
ewallet_04115,"sa sending receipt puro ** n ang name pati b nmn s txt notifications puro *** na din pano matutukoi sino ang sender at kung tama ang sinendan kaloka parang tinutulungan nyo mga scammer matago identity nila. alam nyong indemand ang gcash ngaun ,, as in gamit n gamit n ng tao.. dami n ngang charges, pati resibo lhat n binago nyo. ano kyang naiisip nyo at pati resibo inaalisan nyo ng name pati mismong txt.. kaloka eh edi lalo ng kakalat ang mga scammer",payment_failure,GCash,Google Play (Kaggle public dataset),1,2022-09-30T02:51:59.000Z,strict_rule_relabel,training
ewallet_04117,Can't verify due to error and the form for verification is not functioning especially the field of work. This app is trash!,account_access_issue,GCash,Google Play (Kaggle public dataset),1,2021-10-24T03:37:30.000Z,strict_rule_relabel,training
ewallet_04119,Very poor app. I can't log in to my account i just waste my money in my gcash account. the authentication code do not reveal. I just waste my money in this app im sorry not to use this anymore,account_access_issue,GCash,Google Play (Kaggle public dataset),1,2021-10-24T12:52:41.000Z,strict_rule_relabel,training
ewallet_04120,ndi ba ma scam ung gcash ko hanggat dko naibibigay mpin at otp na txt galing sa gcash??,account_access_issue,GCash,Google Play (Kaggle public dataset),5,2022-09-30T11:13:03.000Z,strict_rule_relabel,training
ewallet_04121,"I've been verifying my account for almost 2months until now they can't verify me, even i have all of their requirements for verification, Kindly fix it",account_access_issue,GCash,Google Play (Kaggle public dataset),1,2021-10-26T10:58:32.000Z,strict_rule_relabel,training
ewallet_04122,I cannot log in my Gash.. Plz fix my acct,account_access_issue,GCash,Google Play (Kaggle public dataset),5,2021-10-26T11:56:27.000Z,strict_rule_relabel,training
ewallet_04123,"Your app is broken and it doesn't work fine, whenever i tried to reset my pin all it shows is error and it's pretty annoying and stressful for us that who forgot our Mpin. Please fix this issue.",account_access_issue,GCash,Google Play (Kaggle public dataset),2,2021-10-27T01:31:42.000Z,strict_rule_relabel,training
ewallet_04124,My app is lost I can't log in if I go to my settings I can't open it.,account_access_issue,GCash,Google Play (Kaggle public dataset),1,2021-10-27T06:56:16.000Z,strict_rule_relabel,training
ewallet_04125,"i used this because it was quite safe and there's also the text confirmation before you can send money, but now they removing it so nope, im just gonne used other apps that was much more secure than this, remove security features just to save money",transfer_issue,GCash,Google Play (Kaggle public dataset),1,2022-10-02T04:31:44.000Z,strict_rule_relabel,training
ewallet_04126,"No addtl verification for their loan products like GGives. I got scammed through email, worth 18k! No live phone calls or email to verify the loan application! Approved and transferred to the scammer within 2 minutes!",account_access_issue,GCash,Google Play (Kaggle public dataset),1,2022-10-03T13:11:04.000Z,strict_rule_relabel,training
ewallet_04127,I can't log in and,account_access_issue,GCash,Google Play (Kaggle public dataset),1,2021-10-29T23:59:15.000Z,strict_rule_relabel,training
ewallet_04129,I cannot log in in glife,account_access_issue,GCash,Google Play (Kaggle public dataset),1,2021-10-31T19:38:40.000Z,strict_rule_relabel,training
ewallet_04131,"Unhappy, as their scan pay via QR code can be use at scamming people. Just by sending wrong QR code when doing transaction. As there are few details about where you send the money via Scan QR code specially online merchant. There is no address in the details.",payment_failure,GCash,Google Play (Kaggle public dataset),1,2022-10-05T21:04:40.000Z,strict_rule_relabel,training
ewallet_04132,I hate this I cannot log in it only says submit a ticket,account_access_issue,GCash,Google Play (Kaggle public dataset),1,2021-11-02T04:29:32.000Z,strict_rule_relabel,training
ewallet_04134,I can't log in to my app... I don't know what's the problem.. nakakaasar.. kaninang umaga ko pa kailangan..,account_access_issue,GCash,Google Play (Kaggle public dataset),1,2021-11-03T08:28:25.000Z,strict_rule_relabel,training
ewallet_04135,What the hell is this app I can't log in my account..,account_access_issue,GCash,Google Play (Kaggle public dataset),1,2021-11-03T18:16:46.000Z,strict_rule_relabel,training
ewallet_04136,I can't log in . Bcouse always update,account_access_issue,GCash,Google Play (Kaggle public dataset),1,2021-11-04T06:39:14.000Z,strict_rule_relabel,training
ewallet_04137,I can't verify my account. Dropdown choices are locked.,account_access_issue,GCash,Google Play (Kaggle public dataset),1,2021-11-04T14:01:38.000Z,strict_rule_relabel,training
ewallet_04138,There not safe to gcash there many scammer there,security_concern,GCash,Google Play (Kaggle public dataset),1,2022-10-08T03:45:12.000Z,strict_rule_relabel,training
ewallet_04142,I can't log in with my number please fix this developer.,account_access_issue,GCash,Google Play (Kaggle public dataset),3,2021-11-08T03:59:40.000Z,strict_rule_relabel,training
ewallet_04143,Improve your security. Matalino pa hacker sa inyo eh.,security_concern,GCash,Google Play (Kaggle public dataset),2,2022-10-08T17:10:01.000Z,strict_rule_relabel,training
ewallet_04144,I cant log in my acount please fix that problem...,account_access_issue,GCash,Google Play (Kaggle public dataset),1,2021-11-08T13:44:13.000Z,strict_rule_relabel,training
ewallet_04145,I can't log in my account even I followed the steps that was given in the help center. It's been several days and still I can't log in my account. I haven't receive any responses from the developers. Please fix this.,account_access_issue,GCash,Google Play (Kaggle public dataset),1,2021-11-09T02:18:10.000Z,strict_rule_relabel,training
ewallet_04146,No. 1 way to scam. Unverified accounts should not be able to accept and send money using this app!,transfer_issue,GCash,Google Play (Kaggle public dataset),1,2022-10-09T14:03:29.000Z,strict_rule_relabel,training
ewallet_04147,"GCASH isn't secured at all! My phone was snatched and asked gcash CSR to close it but the snatches found a way to forget my MPIN and access GGives and GLoan. Now, Gcash is asking ME who didn't made any of those loan to PAY for it. GCASH CSR lacks good training even their supervisors. Customer experience is really bad from CSR to APP & Account security itself. If I knew this beforehand, I shouldn't have fully verified my account at all!!!!!!!!!!",account_access_issue,GCash,Google Play (Kaggle public dataset),1,2022-10-10T04:50:51.000Z,strict_rule_relabel,training
ewallet_04148,Wow. I can't log in again because it says there is a problem with my internet connection even if my internet is absolutely doing fine. I am absolutely tired of installing and reinstalling this app just so that I can open it!,account_access_issue,GCash,Google Play (Kaggle public dataset),2,2021-11-12T15:18:24.000Z,strict_rule_relabel,training
ewallet_04149,"Super awful costumer service. They cannot be contacted personally, plus their costumer service cannot be reached via phone call. Many issues with the app. I cannot log in.",account_access_issue,GCash,Google Play (Kaggle public dataset),1,2021-11-13T11:14:13.000Z,strict_rule_relabel,training
ewallet_04150,"Somehow my linked BPI account was deleted. Now i cant link it to my gcash. It prompts that i entered a wrong password kahit kakalogin ko lang sa bpi app with the same password. Ang nakakainis everytime i do this, nalolock un bpi app ko. Ilang beses nako ng reset ng password but still getting the same problem. Frustrating and annoying. Please fix",account_access_issue,GCash,Google Play (Kaggle public dataset),1,2021-11-16T05:55:25.000Z,strict_rule_relabel,training
ewallet_04151,"I have an account before but i lost the sim for it, now i created a new account but it is very hard to verify the id, i make it a point to put lights on but it always says id not clear, i have several attempts but still the app would not accept my id, and i also could not receive the email verification. Why is it harder to make an account now? Please look into the problem, thanks...",account_access_issue,GCash,Google Play (Kaggle public dataset),3,2021-11-17T05:00:30.000Z,strict_rule_relabel,training
ewallet_04152,i cannot login to my Gcash apps .it keeps asking me to enter my phone number then enter autentication code but i never receive the code because the sim i used to register is my prepaid roaming and it suddenly has no signal..Is there a way i can access my Gcash account without the authentication code?,account_access_issue,GCash,Google Play (Kaggle public dataset),4,2021-11-18T11:40:30.000Z,strict_rule_relabel,training
ewallet_04153,"Gcash not safe, im victim to scam how to return my momey",security_concern,GCash,Google Play (Kaggle public dataset),1,2022-10-12T13:06:11.000Z,strict_rule_relabel,training
ewallet_04154,i can't access my account... icant log in,account_access_issue,GCash,Google Play (Kaggle public dataset),5,2021-11-19T15:13:04.000Z,strict_rule_relabel,training
ewallet_04155,unable to login to the app and the facebook messenger support does not respond either,account_access_issue,GCash,Google Play (Kaggle public dataset),5,2021-11-20T10:02:00.000Z,strict_rule_relabel,training
ewallet_04156,I can't register.. When i have to enter my mpin for registration it always says something went wrong (submit aticket),account_access_issue,GCash,Google Play (Kaggle public dataset),4,2021-11-21T00:34:48.000Z,strict_rule_relabel,training
ewallet_04157,"A real pain every update, also has a very poor service for fraud abd security",security_concern,GCash,Google Play (Kaggle public dataset),1,2022-10-13T08:13:03.000Z,strict_rule_relabel,training
ewallet_04158,"This app is like a scam. I am trying to cash in from Unionbank, when I clicked confirm after entering the amount, it showed a pop up message saying it couldn't process it but when I checked my Unionbank balance, the amount I'm supposed to transfer has been deducted. Plus it did not send me any confirmation of it needs more time to process or what.",transfer_issue,GCash,Google Play (Kaggle public dataset),1,2022-10-13T08:37:11.000Z,strict_rule_relabel,training
ewallet_04160,I can't log in. What's happening?,account_access_issue,GCash,Google Play (Kaggle public dataset),2,2021-11-21T14:52:48.000Z,strict_rule_relabel,training
ewallet_04161,"At first it's easy to use, I can change the Gcash number easily. Now a days it isn't, I need to install - uninstall the app every time I'll need to open the other Gcash account I hope you can fix this problem",feature_request,GCash,Google Play (Kaggle public dataset),2,2021-11-23T13:10:19.000Z,strict_rule_relabel,training
ewallet_04162,I've been receiving SPAM and SCAM messages on my mobile number with my GCash name on it. Why is this app so careless with private information? This surely app isn't protected. 1 STAR.,security_concern,GCash,Google Play (Kaggle public dataset),1,2022-10-15T04:50:52.000Z,strict_rule_relabel,training
ewallet_04164,"This app have a most and fragile security which someone can easily get your money even you have OPT and E-pin thingyy which are vulnerable and even you have your sim in your phone and the OTP send direct to you, someone can get it too even you don't give it to them. G cash hear your customer and also make a invulnerable security not just OTP AND E-Pin, just like a normal security like password or a notification alert that says ""You are sending money to ______, do want to confirm or reject""",account_access_issue,GCash,Google Play (Kaggle public dataset),1,2022-10-15T05:00:27.000Z,strict_rule_relabel,training
ewallet_04167,Tried installing to send to a friend in the Philippines from the USA. No way to create account because its locked on the +63 phone number prefix. I'm in the USA. I need an option to enter my phone prefix and number.,feature_request,GCash,Google Play (Kaggle public dataset),1,2021-11-25T23:24:29.000Z,strict_rule_relabel,training
ewallet_04171,"very poor customer protection, if your gcash account has been hacked and has a fraudulent activity, it is hopeless to retrieve your precious money, what they can only do is to say sorry for what happened, nakakaawa ang mga account owner sa inyo, subscriber pa ang mgmamakaawa para maisoli ung perang pinaghirapan nila, nakakawalang gana magtiwala sa inyo.",security_concern,GCash,Google Play (Kaggle public dataset),1,2022-10-17T15:26:07.000Z,strict_rule_relabel,training
ewallet_04172,can't log in. I did a lot of troubleshooting steps but still not working I am frustrated so much,account_access_issue,GCash,Google Play (Kaggle public dataset),1,2021-11-27T14:48:37.000Z,strict_rule_relabel,training
ewallet_04174,Cool but why i cannot login?,account_access_issue,GCash,Google Play (Kaggle public dataset),4,2021-11-28T18:47:09.000Z,strict_rule_relabel,training
ewallet_04176,"Budol nyo gcash nakailan email nako sa inyo para magchange ng gcash kse ayaw nyo isend ung otp sa email expired na nga yung number ko , ayaw nyo paden sabi nyo gawa ng bago tapos ayaw nyo verify kawawa sa inyo pag expired sim di makukuha yung pera na naiwan sa old acc pahirapan kayo !! Nakailang email na dn sa inyo di na kayo nag rereply boot nalang nag rereply sabi nyo 7days months na may nalaman pa kayong freeze ng acc pano yung pera ko don , warning sa ibang gcash user tong exp ko!!!!",account_access_issue,GCash,Google Play (Kaggle public dataset),1,2021-11-29T18:45:33.000Z,strict_rule_relabel,training
ewallet_04179,"the update is almost weekly. very annoying, you cant skip it and cannot login, forces you to update before opening the app.",account_access_issue,GCash,Google Play (Kaggle public dataset),2,2021-12-06T05:08:35.000Z,strict_rule_relabel,training
ewallet_04180,What's happening with the app now? I can't log in. Since the weekend the system is already down.,account_access_issue,GCash,Google Play (Kaggle public dataset),5,2021-12-08T02:47:07.000Z,strict_rule_relabel,training
ewallet_04181,"Kung pwede zero as in zero ilalagay ko dito. Wag na wag kayo maglalagay ng malaking pera sa gcash account nyo at mga scammer yung walang hiyang gcash na yan. Last october 3,2022 nag cash in ako ng 5280 pag pasok ng pera di kona sya maopen. Nag submit ako ng ticket pero walang nangyare. Ang sabi lang nil di kona makukuha nag pera dahil may nag report daw ng account ko. Ang kakapal ng mukha ng mga yan yung pinag hirapan mo kukunin lang nila. Nagpapasa ako ng proof wala naman maibigay",transfer_issue,GCash,Google Play (Kaggle public dataset),1,2022-10-23T12:09:38.000Z,strict_rule_relabel,training
ewallet_04182,Very inconvenient app. If you don't have enough load you cannot Login the app anymore and then more updates to Login as well.,account_access_issue,GCash,Google Play (Kaggle public dataset),2,2021-12-09T06:53:42.000Z,strict_rule_relabel,training
ewallet_04183,I cant verify my account. I have been sending my valid id and my clear phot but still won't verify my account. I submitted a ticket and still receive a failed verification.,account_access_issue,GCash,Google Play (Kaggle public dataset),1,2021-12-09T09:14:02.000Z,strict_rule_relabel,training
ewallet_04185,"I hope that in the next update of Gcash, I just suggest that even if the transfer of money is from Gcash to Gcash, loading on the sim card or other things that affect the balance of the saved money, I hope that OTP will also be provided for the additional security of our saved money, just in case someone hacks or tries to use gcash that is not known at least it is still safe",feature_request,GCash,Google Play (Kaggle public dataset),4,2022-10-25T13:10:51.000Z,strict_rule_relabel,training
ewallet_04186,I'm using this app with my other phone and i can't verify my account using my Student ID. I know there's no option for Student ID but that's only my ID may i request to bring back the Student ID. All in all the app/gcash is very great.,feature_request,GCash,Google Play (Kaggle public dataset),3,2021-12-11T07:55:53.000Z,strict_rule_relabel,training
ewallet_04187,"I transferred money from my bank account to Gcash and I updated the app since I cannot login unless I do so, I provided my phone number that was registered on the app they told me that they sent an OTP but I did not receive any code! Now I am locked out and I have to wait 24 hours before I can log back in. I don't understand why I did not receive any code.",account_access_issue,GCash,Google Play (Kaggle public dataset),1,2021-12-13T18:35:05.000Z,strict_rule_relabel,training
ewallet_04189,The otp is not sending i cant receive any otp that's why i can't log in my account,account_access_issue,GCash,Google Play (Kaggle public dataset),1,2021-12-13T21:02:24.000Z,strict_rule_relabel,training
ewallet_04191,"The worst level of respecting privacy and security for personal information. I opened the app as I got a spam message including my name. Although I never used it, I tried to delete my account, and am required to submit passport or identification! For an app I haven't even verified! I don't know who would do this kind of privacy breach, but I'm extremely unhappy. I do NOT want an account with Gcash and I want my personal details DELETED without having to provide more confidential details.",security_concern,GCash,Google Play (Kaggle public dataset),1,2022-10-27T21:09:14.000Z,strict_rule_relabel,training
ewallet_04192,Gcash now is not safe because may account I can't open it (hack may account),security_concern,GCash,Google Play (Kaggle public dataset),1,2022-10-28T16:39:21.000Z,strict_rule_relabel,training
ewallet_04197,"this app is the main source of text spam and scam, data and privacy exploitation.",security_concern,GCash,Google Play (Kaggle public dataset),1,2022-10-31T21:21:54.000Z,strict_rule_relabel,training
