review_id,text,app_name,app_id,store_source,rating,review_date,thumbs_up_count,review_created_version,app_version
7bb84899-5823-4f04-bcdb-0446e4215c39,hard to navigate,Touch 'n Go eWallet,my.com.tngdigital.ewallet,Google Play,1,2026-07-06 13:07:05,0,1.9.4,1.9.4
2e999937-cac6-4e0c-a515-154deb7b7f53,good,Touch 'n Go eWallet,my.com.tngdigital.ewallet,Google Play,5,2026-07-06 12:31:58,0,1.8.98,1.8.98
c8956cf1-a1c0-44cb-b1d8-85b6900f39de,easy to used and I liked,Touch 'n Go eWallet,my.com.tngdigital.ewallet,Google Play,5,2026-07-06 12:20:55,0,1.9.6,1.9.6
0f8401ce-fc9b-4fdb-9ff0-a04206845c14,Easy and Convenient way to reward and pay,Touch 'n Go eWallet,my.com.tngdigital.ewallet,Google Play,5,2026-07-06 11:37:46,0,1.9.6,1.9.6
abfafe8c-6d29-4b66-892c-8dc61d3db670,system should show no. rujukan bil to confirm acc. no is correct,Touch 'n Go eWallet,my.com.tngdigital.ewallet,Google Play,5,2026-07-06 11:22:42,0,1.9.4,1.9.4
050376b4-afae-4fba-8475-4da601c7f104,best,Touch 'n Go eWallet,my.com.tngdigital.ewallet,Google Play,5,2026-07-06 11:13:34,0,1.8.96,1.8.96
9dd35677-bc9b-4dc3-9536-8282c8f99cd4,"Amazing app and works. Small feedback: The app layout shouldn't be zoomed in when I make my text smaller for my phone, please fix this",Touch 'n Go eWallet,my.com.tngdigital.ewallet,Google Play,4,2026-07-06 09:44:11,0,1.9.6,1.9.6
c9157b6a-c985-45c3-9ddc-3e16592601fd,good,Touch 'n Go eWallet,my.com.tngdigital.ewallet,Google Play,5,2026-07-06 09:41:20,0,1.9.4,1.9.4
849dd4a5-fedc-4be7-a7ab-67ee3f1df3b3,"used to be my goto app for payment but after last update, it takes ages just reload the nfc card. horrible experience",Touch 'n Go eWallet,my.com.tngdigital.ewallet,Google Play,2,2026-07-06 07:55:21,0,1.9.6,1.9.6
f7b43821-ee12-48ec-aa56-737ed07fd704,akaun ni xblh nk msok sbb die xknl mke aq... siot btol so aq xblh bkk tng,Touch 'n Go eWallet,my.com.tngdigital.ewallet,Google Play,1,2026-07-06 07:54:06,0,1.9.4,1.9.4
44e9196d-1f7e-4488-94e6-e0f8f930a268,satisfied,Touch 'n Go eWallet,my.com.tngdigital.ewallet,Google Play,5,2026-07-06 06:27:34,0,1.8.96,1.8.96
26ddda77-14f9-40c6-a29e-1d76ea20ac80,This app made my life easy. It's really a game changer. Easy to pay money through scannings.,Touch 'n Go eWallet,my.com.tngdigital.ewallet,Google Play,5,2026-07-06 05:13:07,0,1.9.6,1.9.6
94871345-5e25-4215-a50b-501d27f6d01e,Good,Touch 'n Go eWallet,my.com.tngdigital.ewallet,Google Play,5,2026-07-06 01:40:23,0,1.9.6,1.9.6
38a12f9a-325a-4401-8886-3b7132eba9b8,❤,Touch 'n Go eWallet,my.com.tngdigital.ewallet,Google Play,5,2026-07-06 00:44:34,0,1.9.2,1.9.2
bd160185-cbb1-45ec-903f-daee16bb8869,terbaik,Touch 'n Go eWallet,my.com.tngdigital.ewallet,Google Play,5,2026-07-06 00:35:36,0,1.9.4,1.9.4
c21cc645-cf57-4ab2-8491-125b6d5cbeb2,nice,Touch 'n Go eWallet,my.com.tngdigital.ewallet,Google Play,5,2026-07-05 23:48:50,0,1.8.96,1.8.96
283d1dd4-696b-48b0-b526-0432ff795c81,amazing apps and I luv it,Touch 'n Go eWallet,my.com.tngdigital.ewallet,Google Play,5,2026-07-05 22:37:25,0,1.9.4,1.9.4
4cb489ca-7cc5-4cac-bf62-fc4580a3d632,poor alogrithm and cant share the receipt,Touch 'n Go eWallet,my.com.tngdigital.ewallet,Google Play,2,2026-07-05 22:11:40,0,,
dfc3ce40-0168-41dd-aa9a-a8eedfd19d63,great,Touch 'n Go eWallet,my.com.tngdigital.ewallet,Google Play,5,2026-07-05 21:56:51,0,1.9.4,1.9.4
d0bb5526-7153-4084-8749-49b16a6470c1,please respond to your customer. when i was gonna update this app and it suddenly ask me to log in back meanwhile my phone number is not active. my phone only using wifi. so how do u think i was gonna log in it?? please notice me. i need to use that money......,Touch 'n Go eWallet,my.com.tngdigital.ewallet,Google Play,1,2026-07-05 21:13:54,0,1.9.4,1.9.4
09c921cc-9fe0-4b8e-81b4-56889d745361,more than one month I unable to install this app in my Samsung android 16 and latest touch n go app 1.9.6. it keep crashing. I tried contact FB chat but they said call center. nobody pickup when call and they ask to use live chat. it point back to my touch n go app. which I unable to proceed. really frustrating,Touch 'n Go eWallet,my.com.tngdigital.ewallet,Google Play,1,2026-07-05 20:58:25,0,1.9.6,1.9.6
42f39182-9ccd-4bed-8771-8923597780fd,No longer can topup my enhanced tng card. Keep unsuccessful,Touch 'n Go eWallet,my.com.tngdigital.ewallet,Google Play,1,2026-07-05 20:35:25,0,1.9.6,1.9.6
f5a64709-9707-457d-9c30-d78d4db18791,good,Touch 'n Go eWallet,my.com.tngdigital.ewallet,Google Play,4,2026-07-05 20:19:01,0,1.9.6,1.9.6
4db9b967-756d-4b44-ac90-383716b0525b,Very Easy To Use 👍👌,Touch 'n Go eWallet,my.com.tngdigital.ewallet,Google Play,5,2026-07-05 20:06:41,0,1.9.4,1.9.4
e86d7bcf-c218-485b-a1f4-dad9375605b5,good 😊,Touch 'n Go eWallet,my.com.tngdigital.ewallet,Google Play,5,2026-07-05 19:33:39,0,,
6b9a45da-ab5a-4b63-8cf2-eafe978bad33,Excellent Fast and efficient.,Touch 'n Go eWallet,my.com.tngdigital.ewallet,Google Play,5,2026-07-05 19:26:04,0,1.9.3,1.9.3
720ce595-990d-461a-8458-c09ddde59328,Good.,Touch 'n Go eWallet,my.com.tngdigital.ewallet,Google Play,5,2026-07-05 19:20:44,0,1.9.6,1.9.6
1c0a73ba-41a4-42a5-b0e7-420f2f998884,"for the founder and management of tng please fix your system and upgrade . I'm so disappointed. I can't access to make account for tng for mydaily uses. just because I'm using passport document. for your information, here in Sabah Malaysia. too many passport holder can't access this apps system. here in Sabah 1,2million who are stateless and passport holder. please upgrade your system in future. we are also users that who spend money for buying groceries and things in supermarket,mall, carpark.",Touch 'n Go eWallet,my.com.tngdigital.ewallet,Google Play,1,2026-07-05 19:17:52,0,,
3f3d0b1e-ed8a-49cd-954c-1132e20ac4ab,ok,Touch 'n Go eWallet,my.com.tngdigital.ewallet,Google Play,4,2026-07-05 19:05:29,0,1.9.3,1.9.3
e3f3c48e-d734-4e19-8bf0-13efa12e4293,baguss,Touch 'n Go eWallet,my.com.tngdigital.ewallet,Google Play,5,2026-07-05 18:50:53,0,1.9.6,1.9.6
266190dd-edc7-45e3-ab01-b4e3b1a2e719,Consumer friendly. 🤗,Touch 'n Go eWallet,my.com.tngdigital.ewallet,Google Play,5,2026-07-05 18:27:49,0,1.9.4,1.9.4
0c2c44b3-b1d6-47d2-af27-31452b8e3fbf,lousy,Touch 'n Go eWallet,my.com.tngdigital.ewallet,Google Play,1,2026-07-05 18:16:47,0,1.9.4,1.9.4
c371f0f7-4ae8-49c0-a46e-a343c1e513b9,"I use this app almost every single day. From scanning QR codes at retail stores to paying for street parking and highway tolls via RFID, everything is seamless, fast, and completely hassle-free.",Touch 'n Go eWallet,my.com.tngdigital.ewallet,Google Play,5,2026-07-05 17:13:27,0,,
e44853f5-c1c7-4477-bbeb-93d90f3753c6,Poor and complicated UIUX,Touch 'n Go eWallet,my.com.tngdigital.ewallet,Google Play,1,2026-07-05 16:31:23,0,1.9.4,1.9.4
36f7f415-3bab-460e-a569-490345faf129,"An absolute necessity for navigating highways, public transit, and retail payments seamlessly. Linking my physical toll card directly to the digital balance has completely eradicated long queues at reload booths. The transaction processing speed is unmatched, making it a true cashless powerhouse.",Touch 'n Go eWallet,my.com.tngdigital.ewallet,Google Play,5,2026-07-05 16:15:21,0,1.9.6,1.9.6
e5dba312-f8ac-49e3-9dcc-b22426504812,good apps,Touch 'n Go eWallet,my.com.tngdigital.ewallet,Google Play,5,2026-07-05 15:31:16,0,1.9.6,1.9.6
14338d87-3dea-4f22-93fc-c5d198ca2ab8,OK,Touch 'n Go eWallet,my.com.tngdigital.ewallet,Google Play,5,2026-07-05 14:30:36,0,1.9.6,1.9.6
2b327ec4-b191-429e-80c1-18bc35a11bbd,veary -2 use full and good 👍,Touch 'n Go eWallet,my.com.tngdigital.ewallet,Google Play,5,2026-07-05 14:24:57,0,1.9.6,1.9.6
e63056c2-7998-4a0b-ba7e-36b0ac06996d,good app,Touch 'n Go eWallet,my.com.tngdigital.ewallet,Google Play,5,2026-07-05 13:13:27,0,1.9.4,1.9.4
a84fb722-a9a5-4293-b4db-2f6e29a053e4,terbaik tng,Touch 'n Go eWallet,my.com.tngdigital.ewallet,Google Play,5,2026-07-05 12:48:43,0,1.9.4,1.9.4
190e4aeb-3220-4d9b-8233-4543916fef10,good 👍,Touch 'n Go eWallet,my.com.tngdigital.ewallet,Google Play,5,2026-07-05 12:19:32,0,1.9.4,1.9.4
8953bfb7-054a-4e35-9027-c9e4b5d9baa8,I'm really happy with the improvements to this digital wallet .. Thank you,Touch 'n Go eWallet,my.com.tngdigital.ewallet,Google Play,5,2026-07-05 09:19:41,14,1.9.6,1.9.6
56e75465-4df0-448e-83e3-230f73cbd772,good and secure,Touch 'n Go eWallet,my.com.tngdigital.ewallet,Google Play,5,2026-07-05 08:28:01,0,1.9.4,1.9.4
ab0d2a68-a3ce-4be2-9cc1-be75ae4ccc79,Good app & easy to settle everything,Touch 'n Go eWallet,my.com.tngdigital.ewallet,Google Play,5,2026-07-05 02:27:42,0,1.9.4,1.9.4
8ec171c0-e173-41f1-863d-7b10c50d91ab,nice,Touch 'n Go eWallet,my.com.tngdigital.ewallet,Google Play,5,2026-07-05 01:02:34,0,1.9.4,1.9.4
4d37d7b1-c592-4efd-910a-075def4edb99,"it's easy for me to make a transaction as a student. furthermore, the newest update of tng ewallet really makes my life go easy. keep it up.",Touch 'n Go eWallet,my.com.tngdigital.ewallet,Google Play,5,2026-07-05 00:20:03,0,1.9.4,1.9.4
fecfc7a6-6772-407b-80b4-d49e2d08cdda,very easy to understand.,Touch 'n Go eWallet,my.com.tngdigital.ewallet,Google Play,5,2026-07-04 23:50:49,0,,
f316dbb7-d818-4f8f-bf5f-3bc598c153e9,l am ok,Touch 'n Go eWallet,my.com.tngdigital.ewallet,Google Play,5,2026-07-04 23:46:28,0,1.9.3,1.9.3
dcc3f233-b7bd-43f6-88b2-40736e49c765,bad boy,Touch 'n Go eWallet,my.com.tngdigital.ewallet,Google Play,5,2026-07-04 23:37:33,0,1.9.4,1.9.4
6df3afae-2eb6-46f9-8ef4-7dba25b8de72,baik,Touch 'n Go eWallet,my.com.tngdigital.ewallet,Google Play,5,2026-07-04 23:21:12,0,1.9.4,1.9.4
f20a4a7b-c388-477f-bfdd-31211aa480fd,great services,Touch 'n Go eWallet,my.com.tngdigital.ewallet,Google Play,5,2026-07-04 21:45:21,0,1.9.4,1.9.4
46dfcc58-a2cd-46ea-8647-0fbe2898bd97,app paling gampang ...susah nk guna..serabut nak reload pun susah guna kad debit mana kau punya option sial,Touch 'n Go eWallet,my.com.tngdigital.ewallet,Google Play,1,2026-07-04 20:43:39,0,1.9.4,1.9.4
a62f5ed0-8161-4477-9ef3-1ae3b804a1d6,Excellent.,Touch 'n Go eWallet,my.com.tngdigital.ewallet,Google Play,2,2026-07-04 20:36:12,0,1.8.18.1,1.8.18.1
dec56186-23d8-41f8-96fe-6e60531de71a,"Is there a lite version for QR send and receive? The app is so bloated, it stalled every startup and even crashed occasionally.",Touch 'n Go eWallet,my.com.tngdigital.ewallet,Google Play,2,2026-07-04 20:29:56,0,1.9.6,1.9.6
c289243e-9d9b-490c-ae19-43f7da85e4a8,Good job yeah 👍👏.,Touch 'n Go eWallet,my.com.tngdigital.ewallet,Google Play,4,2026-07-04 20:16:01,0,1.9.4,1.9.4
36daf078-f645-4f5a-9eea-59644b0ac2c4,"insurance and scam takes place in the same platform. nothing secure while you stay safe and sound. a star is a star, you dont need five.",Touch 'n Go eWallet,my.com.tngdigital.ewallet,Google Play,1,2026-07-04 20:04:49,0,1.9.4,1.9.4
17e524e2-fe10-4892-93dd-3bb64feb3581,easy and convenient even when travelling abroad,Touch 'n Go eWallet,my.com.tngdigital.ewallet,Google Play,5,2026-07-04 18:10:09,0,1.9.4,1.9.4
61ace660-956f-4e65-8b55-254fca7fd0e0,Very Easy Payment,Touch 'n Go eWallet,my.com.tngdigital.ewallet,Google Play,5,2026-07-04 18:02:49,0,1.9.4,1.9.4
6eb49d25-9d45-4162-9561-13635040f53f,"I don't understand how this has 4+ stars. I wish I didn't have to use it, only useful for tng card upload for tolls. Which they took the feature off the front pane and now a bunch of nonsense there. And they force u to maintain a balance. Gotta transfer to tng app then card what. Just let me top up card.",Touch 'n Go eWallet,my.com.tngdigital.ewallet,Google Play,2,2026-07-04 18:01:32,0,1.9.4,1.9.4
b8d0cc99-a100-4510-bd01-84901dc6b5bb,"Had use it to reload my phone prepaid Fund was successful deducted but my phone account didn't receive anything Connect to Cs and Chatbot, No repsonse given and didn't refund despite had wait for almost 1 hour😕",Touch 'n Go eWallet,my.com.tngdigital.ewallet,Google Play,1,2026-07-04 17:59:44,0,1.9.4,1.9.4
5ef75a2f-5f5b-47f7-bef5-9fbf8580c865,"Very practical digital wallet for cashless payments. Transactions are quick, secure, and accepted in many places.",Touch 'n Go eWallet,my.com.tngdigital.ewallet,Google Play,5,2026-07-04 17:36:59,0,,
79ae0e17-9718-4968-adaa-aad3b8105877,There's no way to control promotional notification. Always getting a spam.,Touch 'n Go eWallet,my.com.tngdigital.ewallet,Google Play,1,2026-07-04 17:04:07,10,1.9.4,1.9.4
4fc03d5a-798b-4acb-930d-c81bcccd1d87,Highly recommend. Convenient for our living.,Touch 'n Go eWallet,my.com.tngdigital.ewallet,Google Play,5,2026-07-04 16:00:10,0,1.9.4,1.9.4
8e238664-1cee-445b-9b04-b87b64060a62,easy to pay,Touch 'n Go eWallet,my.com.tngdigital.ewallet,Google Play,5,2026-07-04 15:37:01,1,1.9.6,1.9.6
6c76cf58-59d8-4d4d-b7fc-9a04a60d84e9,verygood,Touch 'n Go eWallet,my.com.tngdigital.ewallet,Google Play,5,2026-07-04 15:21:04,0,1.8.69.1,1.8.69.1
a1f96e0b-47ec-4984-b5e7-79dbd4ef421c,fast payment,Touch 'n Go eWallet,my.com.tngdigital.ewallet,Google Play,5,2026-07-04 14:28:30,0,1.9.4,1.9.4
18ca92d0-539f-4bc2-8d54-325b2df91d6d,stupid app,Touch 'n Go eWallet,my.com.tngdigital.ewallet,Google Play,1,2026-07-04 12:29:40,0,1.9.4,1.9.4
94568c65-cdbf-4d50-8b1d-76e2604ce18e,most popular online transfer in Malaysia.,Touch 'n Go eWallet,my.com.tngdigital.ewallet,Google Play,5,2026-07-04 09:29:31,0,1.8.96,1.8.96
d45f6a45-c5b1-4c27-b570-17f78ea80ea5,this app is sooo slow. unresponsive and riddle with stupid pop ups all around it. it keep telling you what's the latest updates everytime you open it even if it's supposed to be a one time thing.,Touch 'n Go eWallet,my.com.tngdigital.ewallet,Google Play,1,2026-07-04 07:09:32,0,1.9.4,1.9.4
46a42950-825a-4eb0-b162-c3d936cc4c1c,Easy and fast!,Touch 'n Go eWallet,my.com.tngdigital.ewallet,Google Play,5,2026-07-04 05:38:42,0,1.9.4,1.9.4
e1e617b9-45af-4cb1-9470-f12f12428a48,verry good,Touch 'n Go eWallet,my.com.tngdigital.ewallet,Google Play,5,2026-07-04 01:35:13,0,1.9.4,1.9.4
48bf886b-e16f-41da-ae74-dd89b0791d63,I have permanent resident IC but unable to verify. the problem is i'm living in Malaysia which is not a priority for me to renew my Indo passport. I never intend to travel overseas as a financial dilemma. This cashless payment is not convenient for me. If it is not because of something that I need for I will never intend to download this. wasting my time. I guess I will never intend to redownload again. bye2 time for me to uninstall,Touch 'n Go eWallet,my.com.tngdigital.ewallet,Google Play,1,2026-07-03 23:07:26,0,,
fde8b8a0-753b-4dc4-bb8e-d6015ef78192,Good,Touch 'n Go eWallet,my.com.tngdigital.ewallet,Google Play,5,2026-07-03 22:43:50,0,1.9.4,1.9.4
42d668c8-a251-4877-b919-bd3f2b59afa8,"after the company disabled auto debit reload, even manual debit reload has been disabled now. I tried to reload manually using debit card, and the ""continue"" button led me to ""Duitnow transfer"" page. the ""friendly"" CS was as ""helpful"" as ever, and of course they would always ask u to refer to online manual and FAQ, and then closed ur ticket immediately to hit their ""resolved"" KPI. With no option to reload using Debit card, it is time to abandon this app.",Touch 'n Go eWallet,my.com.tngdigital.ewallet,Google Play,1,2026-07-03 22:36:15,5,1.9.4,1.9.4
93751c8f-de2c-45e0-b22d-0199e4e970a0,jn kmu download makan duit jak ni apps,Touch 'n Go eWallet,my.com.tngdigital.ewallet,Google Play,1,2026-07-03 21:58:20,0,1.9.4,1.9.4
31a8fc74-195f-4abe-a90f-1334e50c0001,i so like application touch & go this is,Touch 'n Go eWallet,my.com.tngdigital.ewallet,Google Play,5,2026-07-03 21:14:01,0,1.9.4,1.9.4
bfb2783f-e706-4a5a-a038-47ad1b2966ec,good,Touch 'n Go eWallet,my.com.tngdigital.ewallet,Google Play,5,2026-07-03 20:36:06,0,1.9.4,1.9.4
e579fdfc-aefe-4510-8e72-b5559e0fc78d,less hassle,Touch 'n Go eWallet,my.com.tngdigital.ewallet,Google Play,5,2026-07-03 18:39:47,0,1.9.4,1.9.4
ab0c5124-70ba-470f-b653-61781ab589fe,dari bank qr kat tng tak masuk sehingga sekarang!!,Touch 'n Go eWallet,my.com.tngdigital.ewallet,Google Play,2,2026-07-03 16:52:25,0,1.9.4,1.9.4
30b99ae2-07b8-484c-8d5e-8fa88eca0519,mantap,Touch 'n Go eWallet,my.com.tngdigital.ewallet,Google Play,5,2026-07-03 16:47:07,0,1.8.98,1.8.98
7df69e7d-1190-4fa5-a1e8-cdb4734b989e,"Won't stop sending promotion notifications, with no way to turn off until you DISABLE notification, THEN they show you a secret Notification Preferences menu and you can suddenly turn off the spam! Cluttered, unfocused, messy, with core features hidden so they can push features which are more profitable outside their monopoly on toll and parking methods I guess.",Touch 'n Go eWallet,my.com.tngdigital.ewallet,Google Play,1,2026-07-03 16:46:25,1,1.9.4,1.9.4
4935f901-0eca-4c02-b335-3268d22eb45f,ok,Touch 'n Go eWallet,my.com.tngdigital.ewallet,Google Play,5,2026-07-03 16:28:39,0,,
90e6c841-a955-47f4-a9a4-fc059952fbf4,ok sgt,Touch 'n Go eWallet,my.com.tngdigital.ewallet,Google Play,5,2026-07-03 16:27:15,0,1.9.4,1.9.4
eb914262-efba-4b99-b597-2d9fb9bbff3c,good,Touch 'n Go eWallet,my.com.tngdigital.ewallet,Google Play,5,2026-07-03 15:15:21,0,1.9.1,1.9.1
5b973bcf-76f0-40a4-853c-8f58d8d43907,i love this app because its so easy to pay everywhere and my due to not will robbed,Touch 'n Go eWallet,my.com.tngdigital.ewallet,Google Play,5,2026-07-03 14:58:55,0,1.9.4,1.9.4
9dbab12d-82be-4893-b363-5eab6c042666,"Very convenient for cashless payments and daily transactions. The app is fast, secure, and user-friendly.",Touch 'n Go eWallet,my.com.tngdigital.ewallet,Google Play,5,2026-07-03 14:33:23,0,1.9.4,1.9.4
b1115bc4-976c-40a1-befe-1bbb89bb4aec,padu,Touch 'n Go eWallet,my.com.tngdigital.ewallet,Google Play,5,2026-07-03 13:49:47,0,1.9.4,1.9.4
7b7ab49d-58db-4871-a1d3-31cda39abfbc,Very good. 😘😘😘,Touch 'n Go eWallet,my.com.tngdigital.ewallet,Google Play,5,2026-07-03 13:38:58,0,1.9.4,1.9.4
098420f3-caee-4421-adba-bf2b3aafb110,Excellent service,Touch 'n Go eWallet,my.com.tngdigital.ewallet,Google Play,5,2026-07-03 12:59:21,0,1.8.94.1,1.8.94.1
e1bedc5a-c01e-4bc7-82eb-a8f2e49cbd2c,good,Touch 'n Go eWallet,my.com.tngdigital.ewallet,Google Play,5,2026-07-03 12:58:41,0,1.9.4,1.9.4
3c589255-0b11-436c-8521-2f9e2a2e992d,good appts!,Touch 'n Go eWallet,my.com.tngdigital.ewallet,Google Play,5,2026-07-03 10:42:19,0,1.8.94.1,1.8.94.1
4ac3bcc4-91a4-4605-8d24-9e52cd053e4c,oi why I can not confirm payment for my travel pass 50daypass!!!!! babi betul,Touch 'n Go eWallet,my.com.tngdigital.ewallet,Google Play,1,2026-07-03 10:09:56,0,1.9.4,1.9.4
ae3fd901-bdaa-4eb3-8427-c7f8b9ba6e5e,App enshittification in progress. Interface makin lama makin sampah.,Touch 'n Go eWallet,my.com.tngdigital.ewallet,Google Play,2,2026-07-03 09:22:32,0,1.9.4,1.9.4
90eb0c5f-5d24-4453-b674-49e477804515,memudahkan urusan bayar bil..,Touch 'n Go eWallet,my.com.tngdigital.ewallet,Google Play,5,2026-07-03 08:39:54,0,1.8.94.1,1.8.94.1
79a1bbf7-4dbe-4796-ad5c-1b681ad534e4,ok,Touch 'n Go eWallet,my.com.tngdigital.ewallet,Google Play,1,2026-07-03 01:58:25,0,1.9.2,1.9.2
1482e9c2-2611-4376-95ad-fed71584a86f,good,Touch 'n Go eWallet,my.com.tngdigital.ewallet,Google Play,5,2026-07-02 23:18:56,0,1.9.4,1.9.4
6dd921e5-bc6b-4d1a-b251-5a275250843c,good,Touch 'n Go eWallet,my.com.tngdigital.ewallet,Google Play,5,2026-07-02 22:33:00,0,1.9.2,1.9.2
988218ee-fb26-4e0b-aeb3-450335b23b0b,Easy to make online bill payments and top up Overseas payment and more interesting is being able to topup with NFC tng with easy..😘,Touch 'n Go eWallet,my.com.tngdigital.ewallet,Google Play,5,2026-07-02 22:04:16,0,1.9.4,1.9.4
21ce36d7-100a-4595-9803-a7ba5a3bd33b,worst apps ever. this app supposed to be simple and user friendly. but now i even do not know how to topup ewallet for rfid deduction.,Touch 'n Go eWallet,my.com.tngdigital.ewallet,Google Play,1,2026-07-02 21:47:28,0,1.9.4,1.9.4
2e2bab3f-2b0f-4cb7-aae2-4ab096364f70,good for use,Touch 'n Go eWallet,my.com.tngdigital.ewallet,Google Play,5,2026-07-02 20:51:18,0,,
a495732b-6ff3-4b81-936d-eb6486067e66,sensor problem please fix it,Touch 'n Go eWallet,my.com.tngdigital.ewallet,Google Play,3,2026-07-02 20:41:59,0,1.9.4,1.9.4
f7f5e01f-d0ec-4a16-b7fd-c8caf5a8944d,no issue at all about this app,Touch 'n Go eWallet,my.com.tngdigital.ewallet,Google Play,5,2026-07-02 20:38:42,0,1.9.4,1.9.4
1bcba89a-7c2c-45e3-8540-5467ff356bfb,"TNG is a cashless payment that pay easily using our phone without needing physical cash or cards. We just scan QR codes at shops, restaurants, and online merchants for quick payments.",Touch 'n Go eWallet,my.com.tngdigital.ewallet,Google Play,5,2026-07-02 20:35:10,0,,
36348b26-1b2e-40eb-9727-25d0b80415e7,greattt..,Touch 'n Go eWallet,my.com.tngdigital.ewallet,Google Play,5,2026-07-02 19:21:18,0,1.9.4,1.9.4
a54dc66d-5b08-46c4-9a72-2fccb6493508,"Gotta be the worst App UX among all my phone installed apps, to approve payments (OTP) I need to dig through many layers, opening the app or making payments spawns ad's that is hard to close, etc many more annoyance; TNG probably want to make everyone annoyed. In reply to TNG reply - the Ad's! the Ad's! thats also the feedback..",Touch 'n Go eWallet,my.com.tngdigital.ewallet,Google Play,1,2026-07-02 19:13:11,0,1.9.4,1.9.4
ee543c40-cc09-4035-84dd-760cbf22dcba,senang nak guna terutama bila guna kat luar negara,Touch 'n Go eWallet,my.com.tngdigital.ewallet,Google Play,5,2026-07-02 19:00:41,0,1.9.4,1.9.4
3743535a-2e5a-4f88-b5d9-47e2ed730f2f,good,Touch 'n Go eWallet,my.com.tngdigital.ewallet,Google Play,4,2026-07-02 18:53:25,0,1.9.4,1.9.4
fc922556-511e-4b43-bf25-6efd54c99ca6,i like tng e wallet app becoz give all i need services but i think better given custo to accepted too many acc tng its gud maybe give saving cashless ok tq,Touch 'n Go eWallet,my.com.tngdigital.ewallet,Google Play,5,2026-07-02 18:52:51,0,1.9.4,1.9.4
aee3ada6-d07f-4338-8b78-328edf43b542,which Sohai design the interface? simple payment have to search and not placing in the home page!,Touch 'n Go eWallet,my.com.tngdigital.ewallet,Google Play,2,2026-07-02 18:49:15,0,1.9.4,1.9.4
ebe30b85-6a8f-4b59-b92c-e370a4bbd1a4,gut,Touch 'n Go eWallet,my.com.tngdigital.ewallet,Google Play,5,2026-07-02 18:26:54,0,1.9.4,1.9.4
54ab7355-bac4-45ea-b8c5-da92723515e2,nice,Touch 'n Go eWallet,my.com.tngdigital.ewallet,Google Play,5,2026-07-02 17:26:53,0,1.9.3,1.9.3
72e0df78-6bf3-4792-b58f-4bc642d0254b,good,Touch 'n Go eWallet,my.com.tngdigital.ewallet,Google Play,5,2026-07-02 16:24:44,0,1.8.94.1,1.8.94.1
ebb71ad9-fc6e-44e6-9d69-15e4558b487f,good goid,Touch 'n Go eWallet,my.com.tngdigital.ewallet,Google Play,5,2026-07-02 16:20:40,0,1.9.4,1.9.4
c87230a7-c3ba-4ff8-9fcf-fd29a2d0c94d,Good,Touch 'n Go eWallet,my.com.tngdigital.ewallet,Google Play,5,2026-07-02 16:13:09,0,1.9.4,1.9.4
85cca1c5-4f73-4ac1-802c-c0fbdf05d206,"The latest update has added too much clutter to the app. Basic features like checking my Touch ’n Go card balance or reloading are now harder to find, which makes the app less user-friendly than before. The frequent pop-ups are also frustrating and can be dangerous, especially when I’m trying to quickly check my balance or reload while stuck at an RFID toll barrier. In those moments, speed and simplicity matter most. I hope the team can focus on improving usability and making essential feature",Touch 'n Go eWallet,my.com.tngdigital.ewallet,Google Play,1,2026-07-02 16:01:21,0,1.9.4,1.9.4
8779ee25-043b-49df-919e-b137f24efb42,ok,Touch 'n Go eWallet,my.com.tngdigital.ewallet,Google Play,5,2026-07-02 15:20:56,0,1.9.4,1.9.4
c539ee4b-8685-4f34-bf3a-fdf65905af66,cannot even reload... it always gets stuck at a blank white screen,Touch 'n Go eWallet,my.com.tngdigital.ewallet,Google Play,1,2026-07-02 13:43:19,0,1.9.4,1.9.4
76862f5f-2f7e-4329-9463-78df7eb78c0f,slow,Touch 'n Go eWallet,my.com.tngdigital.ewallet,Google Play,3,2026-07-02 13:02:51,0,1.9.2,1.9.2
d902fcf1-3940-4ac8-835f-4f893a07bd88,nice 👍,Touch 'n Go eWallet,my.com.tngdigital.ewallet,Google Play,5,2026-07-02 12:59:16,0,1.9.4,1.9.4
937d483a-7687-48da-a815-d7de084449d0,"LEMBAP. this new interface is an inconvenience. main reason to use this app is for topup card and ewallet. that's it. not this investing stuff, that's secondary. took me way to long to topup.",Touch 'n Go eWallet,my.com.tngdigital.ewallet,Google Play,1,2026-07-02 12:29:05,0,1.9.4,1.9.4
0cd443ac-c432-4074-b64c-db57c935e3a5,"Grab is basically my personal driver, delivery guy, and sometimes therapist all in one because I can book a ride when it’s raining, order food when I’m lazy, and it always comes through even at midnight.",Grab,com.grabtaxi.passenger,Google Play,5,2026-07-06 14:44:43,0,5.416.0,5.416.0
3a3fa1db-5eda-496f-8519-d7a4013f7c07,absolutely trashy app. verify with a selfie for a simple ride hailing app... must be a joke,Grab,com.grabtaxi.passenger,Google Play,1,2026-07-06 14:17:19,0,5.389.0,5.389.0
f64626b2-af19-4bbf-a00a-54b82c551f94,"Grab is a reliable and convenient app that makes everyday transportation and food delivery easy. The app is user-friendly, allowing you to book rides, order meals, and pay securely in just a few taps.",Grab,com.grabtaxi.passenger,Google Play,5,2026-07-06 14:05:32,0,5.417.0,5.417.0
e747d1ae-d21c-4a28-956d-12bb6dcf6acb,there are other better options,Grab,com.grabtaxi.passenger,Google Play,1,2026-07-06 13:53:43,0,5.417.0,5.417.0
2dee9f9d-abc6-41be-97bb-988584416a49,"After clicking to pay, there is a 5-second window to change your mind; however, there is a popup during the same window, and by the time the user manages to close it, they can no longer cancel. This happens to both food and ride. No other apps give you a popup during this period. When they do, it's after the 5 seconds, but never during. This practice should be illegal.",Grab,com.grabtaxi.passenger,Google Play,1,2026-07-06 13:51:36,4,5.417.0,5.417.0
0d2d8809-b5ee-4fcc-b43e-53c42feb0e6f,its not suitable for food delivery...my case is i didnt take my ordered from the rider and he can eft it at the guardhouse but he just leave without leaving my order then the grab even dont make any refund or maybe a voucher i used and premium delivery for my ordered??,Grab,com.grabtaxi.passenger,Google Play,5,2026-07-06 13:50:40,0,5.417.0,5.417.0
27b0820b-1b15-47c6-8c7f-dfbd608bea82,I like the feature that a chat automatically created and remains open between driver and rider.,Grab,com.grabtaxi.passenger,Google Play,5,2026-07-06 13:50:32,0,5.417.0,5.417.0
fa41aedb-9fde-4d37-98c5-bc4c8d5a4a4f,Most of the time it is hard to get driver in Labuan cause my house and workplace are far from town/hotspot.,Grab,com.grabtaxi.passenger,Google Play,2,2026-07-06 13:48:18,0,5.417.0,5.417.0
2825b3f3-c2f3-467b-9c9c-968d73e9a8d4,"Very HONEST, on TIME SERVICE !!!",Grab,com.grabtaxi.passenger,Google Play,5,2026-07-06 13:21:14,0,5.417.0,5.417.0
2cfa2074-9781-47b0-9673-72f80fa12d95,awful app,Grab,com.grabtaxi.passenger,Google Play,1,2026-07-06 13:17:39,0,5.417.0,5.417.0
b2b3c0a2-004e-4f55-ba8a-4f0c3e77db4e,nice,Grab,com.grabtaxi.passenger,Google Play,5,2026-07-06 13:16:33,0,5.417.0,5.417.0
250f5f93-08f7-4831-b997-64f8086e76cb,good,Grab,com.grabtaxi.passenger,Google Play,3,2026-07-06 13:12:46,0,5.417.0,5.417.0
390b434c-3819-4f5f-b8fb-242ab35dc1de,"Great Uncle, cheerful to my 87yo mum",Grab,com.grabtaxi.passenger,Google Play,5,2026-07-06 13:09:02,0,5.417.0,5.417.0
2f4de1a5-2e63-4931-a4a3-84054ec065b1,very convenient,Grab,com.grabtaxi.passenger,Google Play,5,2026-07-06 12:52:54,0,5.417.0,5.417.0
c46ed264-7763-47d0-91a1-03c3084a6c04,bunch of greedy people,Grab,com.grabtaxi.passenger,Google Play,1,2026-07-06 12:42:03,0,5.417.0,5.417.0
4de32bfe-a19d-4caa-b244-946ed661adcc,Grab has a new AI chatbot to handle customer disputes. It is not helpful at all--nothing gets resolved. Restaurants are also able to get rid of negative reviews.,Grab,com.grabtaxi.passenger,Google Play,2,2026-07-06 12:41:39,0,5.417.0,5.417.0
ef3026a3-b41d-49ff-9466-ee107d46d7f2,Faster delivery,Grab,com.grabtaxi.passenger,Google Play,5,2026-07-06 12:30:37,0,5.417.0,5.417.0
2d836bb0-f2e4-45e7-96d7-b5e56e6b8a67,ok naman,Grab,com.grabtaxi.passenger,Google Play,2,2026-07-06 12:23:15,0,5.416.0,5.416.0
96d38715-609b-4d08-89be-0d252f80c990,👌🏻👌🏻👌🏻,Grab,com.grabtaxi.passenger,Google Play,4,2026-07-06 12:16:48,0,5.416.0,5.416.0
ce97890f-64ba-434f-b6d0-6cc81d04e26f,"Map tidak update, ada beberapa spot yg muncul di gmap dan map ojol sebelah, tapi di grab map tidak muncul, pemalas dev nya. Padahal spotnya sudah bbrp tahun ada.",Grab,com.grabtaxi.passenger,Google Play,3,2026-07-06 12:10:51,0,5.416.0,5.416.0
255487a3-1fa1-427e-960d-b20c85c14de3,kau suruh orang letk pass tp kau x accpt,Grab,com.grabtaxi.passenger,Google Play,1,2026-07-06 11:58:28,0,,
8d8ae58f-8431-4707-81fb-3075e6c9c491,GPS not accurate,Grab,com.grabtaxi.passenger,Google Play,4,2026-07-06 11:56:15,0,5.416.0,5.416.0
150d2a4f-c1d3-4125-a9fd-015917268833,"after new update I can no longer apply discounts, idk y",Grab,com.grabtaxi.passenger,Google Play,1,2026-07-06 11:40:01,0,5.417.0,5.417.0
8b0ac5cb-c08d-4351-82bd-7f1b33b1a966,"Food orders often get cancelled and not immediately. It takes at least 30 minutes before we're informed about the order cancellation. Horrible service at that. Rides tend to get cancelled without proper explanation and Grab ""finds a new driver"" at a higher fare which is unethical and shameful for a service like Grab, no compensation, no responsibility.",Grab,com.grabtaxi.passenger,Google Play,2,2026-07-06 11:39:53,0,5.417.0,5.417.0
55793323-ef9c-4e9f-8d96-3f2b5176b1e6,how do I contact grab to make this complaint about the driver who cancelled on me and make me pay cancellation fees when it was the driver who cancelled the ride,Grab,com.grabtaxi.passenger,Google Play,5,2026-07-06 11:22:59,0,5.417.0,5.417.0
e7775c76-e1f3-4f62-9a4b-9363d9c633cd,good driver n good Ride I'm safe n my mother.thank you sooo much grab.,Grab,com.grabtaxi.passenger,Google Play,5,2026-07-06 11:22:22,0,5.375.0,5.375.0
95eb4cb8-18f5-4058-9b36-832a153d8a62,"jelek bgt drivernya dapet yg jauh2, udh gitu lama bgt lagi",Grab,com.grabtaxi.passenger,Google Play,1,2026-07-06 11:19:53,0,5.416.0,5.416.0
4bfc8f43-21b6-476b-9336-a7410dd1afa7,this pin location is not accurate at all,Grab,com.grabtaxi.passenger,Google Play,1,2026-07-06 11:12:10,0,5.417.0,5.417.0
6733f1a2-1a32-4159-86b4-25f468cf0314,"App interface sucks thoroughly! I have a lot of issues to look for services and redemption of vouchers. The app has HELP CENTER that gives you a lot of answers and stated that you can still chat with their agent or submit a request to them if the answers cannot address your issue BUT simply do not give you a way(no button, no option, no email) to contact them AT ALL. I have no choice but to write here to voice my frustrations! I really DO NOT WANT TO USE IT ANYMORE!",Grab,com.grabtaxi.passenger,Google Play,1,2026-07-06 10:54:01,0,5.417.0,5.417.0
dedec113-38c5-4077-9967-c1af5565413e,may grab administration to have a easier add in newly address through to this app update?,Grab,com.grabtaxi.passenger,Google Play,4,2026-07-06 10:40:16,0,5.417.0,5.417.0
86c942ab-c1bf-44a5-b44e-3fb5a82e1cc4,good,Grab,com.grabtaxi.passenger,Google Play,5,2026-07-06 10:30:28,0,5.417.0,5.417.0
6a4a4f8b-e1e6-4079-b115-c97c22bd80b9,"lambat, mahal",Grab,com.grabtaxi.passenger,Google Play,1,2026-07-06 10:28:10,0,,
6f7cae9e-53cf-47b4-b7be-3cc43ab05bde,"ketika pakai grab more, saat keluar dari aplikasi dan kembali, pesanan grab more hilang, tapi masuk di keranjang toko pertama dengan fee grab more. rugi banyak",Grab,com.grabtaxi.passenger,Google Play,1,2026-07-06 10:00:53,0,5.417.0,5.417.0
9f88a0a3-6995-4415-90ee-0df5f8c628fa,Very good Sent,Grab,com.grabtaxi.passenger,Google Play,5,2026-07-06 09:26:41,0,5.417.0,5.417.0
8f11e6e9-f70b-46cb-8ef2-c06401e4b70d,very good,Grab,com.grabtaxi.passenger,Google Play,5,2026-07-06 09:26:34,0,5.417.0,5.417.0
03a35b54-f49d-4161-977d-b9f8e1afa6de,"They keep assuming I am in the neighboring house, even tho I have stored my home address and use it all the time. They should fix the app. i",Grab,com.grabtaxi.passenger,Google Play,1,2026-07-06 09:23:13,0,5.417.0,5.417.0
cf48f8be-dbc8-4774-a1e8-e4a752e35e2c,"we were in semniyak Bali for 4 days.i had the worst experience of grab food app.i suggest think before ordering from grab.i ordered from the app at 7.38 pm from my hotel,the restaurant location was just 5 Kms away from my resort. no delivery partner was assigned till 9.00 pm.the food at the restaurant was ready but it was first expected to reach me at 8.55 pm then at 9.10 pm,then at 9.25 pm and then at 10.45.the kids were very hungry ,forcibly I had to cancel the order & eat whatever was in bag.",Grab,com.grabtaxi.passenger,Google Play,1,2026-07-06 09:04:33,0,5.417.0,5.417.0
66da8fc3-dc8e-489d-b509-9578fe3e40dc,"update: now that drivers can choose to accept or reject the trip, why they still cancel after accepting? one even ask me to cancel myself. Today 1 rejects (that's fine), 1 asks me to cancel as he is going to Singapore, 1 cancel himself after I have waited for him to come. what if customers are rushing to ho somewhere? At least give customers some compensation if the drivers ever do this again. 6/7/26: still no action taken when drivers who had chosen to accept but cancelled after long waiting",Grab,com.grabtaxi.passenger,Google Play,1,2026-07-06 08:31:42,4,5.417.0,5.417.0
95b8b23d-0618-4b81-8ce0-e7668dccd40f,The price is getting unreasonable,Grab,com.grabtaxi.passenger,Google Play,1,2026-07-06 07:09:45,0,5.416.0,5.416.0
b36d5c7b-2582-472d-a7d4-8056b7dc8127,gooa,Grab,com.grabtaxi.passenger,Google Play,1,2026-07-06 05:45:49,0,5.417.0,5.417.0
f22bfd1a-30a7-48a5-89a1-6b328c0cd325,Fast drives and service very useful,Grab,com.grabtaxi.passenger,Google Play,5,2026-07-06 04:38:58,0,5.417.0,5.417.0
9406fe8c-d018-4d7e-9a91-0064d6997ecf,Ye vehicle ka accha upyogdayak sadhan hai,Grab,com.grabtaxi.passenger,Google Play,5,2026-07-06 03:28:42,0,5.417.0,5.417.0
f5e0f175-6098-4bc9-9f3c-12716c7070da,very satisfied good attitude and always smiling 😊😊😊,Grab,com.grabtaxi.passenger,Google Play,5,2026-07-06 03:15:22,0,5.416.0,5.416.0
07ba5f2c-fa16-4e84-9763-c8663b816769,"makasi krn murah, aku bisa pp kuliah dengan bahagia🩷",Grab,com.grabtaxi.passenger,Google Play,5,2026-07-06 02:31:31,0,5.417.0,5.417.0
fc351798-95ac-41e5-8b57-72f7bb9c90aa,nice,Grab,com.grabtaxi.passenger,Google Play,5,2026-07-06 02:25:03,0,,
fb764e6a-e5e9-42c1-9f73-2226ca2b1fee,"grabfood always ""pickup only drivers are busy"" despite the countless number of drivers downstairs. not a holiday not nothing. the whole fkn day its been like this. useless app",Grab,com.grabtaxi.passenger,Google Play,1,2026-07-06 01:05:35,0,,
81bacab9-708a-4388-9d46-2d2f2b8e4abe,"Booking rides is simple, and food delivery is convenient. The app is easy to navigate, and the rewards program is a nice bonus.",Grab,com.grabtaxi.passenger,Google Play,5,2026-07-06 00:39:17,0,5.416.0,5.416.0
069b43dc-06a8-4cd5-a814-ac25babad5b8,good service polite driver,Grab,com.grabtaxi.passenger,Google Play,5,2026-07-05 22:57:48,0,5.414.0,5.414.0
b9cda364-779b-43f8-9001-4e910525fab2,good,Grab,com.grabtaxi.passenger,Google Play,5,2026-07-05 22:51:39,0,,
f9a80ca9-a4e2-4abe-ac1e-887c725df8e6,delete aap,Grab,com.grabtaxi.passenger,Google Play,1,2026-07-05 22:44:56,0,,
b4493574-ebdb-4387-bacc-8665593996de,Grab keeps requiring old sms banking when I link VCB card. VCB recommends using Smart OTP and don't use SMS OTP as it is not secure enough. Grab team is either does not care about security or inability to adapt to newer technology. This is stupid.,Grab,com.grabtaxi.passenger,Google Play,1,2026-07-05 22:35:09,0,,
1b208409-5908-46b3-8461-8dba33b4099a,good manners,Grab,com.grabtaxi.passenger,Google Play,5,2026-07-05 22:25:16,0,5.417.0,5.417.0
9c3e6d7d-6eb1-49d2-b53f-5b8c1dcad05c,IM SUPER SATISFIED!!,Grab,com.grabtaxi.passenger,Google Play,5,2026-07-05 21:55:53,0,,
3f1201ba-6d39-43c9-bb36-6c04a0357829,lemot buggy glitchy gengges,Grab,com.grabtaxi.passenger,Google Play,1,2026-07-05 21:48:58,1,5.417.0,5.417.0
c25ad917-75f0-4fa8-8320-7d9c9ead4648,"Drivers are nonexistent when you need them the most, like when it's night and raining.",Grab,com.grabtaxi.passenger,Google Play,1,2026-07-05 21:47:43,0,5.417.0,5.417.0
ce64bb64-0906-418a-8124-5d8c1d43f36d,pesan terakhir 48% jasa merchant...edan,Grab,com.grabtaxi.passenger,Google Play,1,2026-07-05 21:41:45,0,5.362.0,5.362.0
4044478f-e850-4752-8c25-a4e0dcc0fd1a,nice to talk with the driver. the driving also smooth and fast. good jobs.,Grab,com.grabtaxi.passenger,Google Play,5,2026-07-05 21:29:07,0,5.417.0,5.417.0
9bf31720-1307-4222-ac99-b8c930e77fb0,"tài xế có địa chỉ, gửi cả định vị mà không tìm nổi! tự hủy chuyến!",Grab,com.grabtaxi.passenger,Google Play,1,2026-07-05 21:26:11,0,5.417.0,5.417.0
fe403c5c-e7c0-4540-aa11-1f3bbdadad86,Sometimes the food prices is cheaper than other food app,Grab,com.grabtaxi.passenger,Google Play,5,2026-07-05 21:14:26,0,5.417.0,5.417.0
e3af1356-647b-4220-8f57-051ca80179cd,Problem. No. Proper guidelines,Grab,com.grabtaxi.passenger,Google Play,1,2026-07-05 21:14:04,0,5.247.0,5.247.0
e76eaf3e-d1cf-41e2-ba95-29f59bc6b467,can't delete my acc,Grab,com.grabtaxi.passenger,Google Play,1,2026-07-05 21:05:18,0,,
61d5a0a2-459e-4e19-a3e9-e9ac00d5f050,grab masukan aja nie yg pilihan makanan napa jd cm bs klik 1 macam sblmnya bs klik bbrp cth kyk nasi ayam mie skrng cm bs klik 1 ribet,Grab,com.grabtaxi.passenger,Google Play,4,2026-07-05 20:46:44,0,5.417.0,5.417.0
7b9fe821-19ff-4bb5-a788-577e87c6cba6,skema ovo paylater ubah seperti shopee paylater / gopay later. skema yg sekarang tidak menarik untuk digunakan!,Grab,com.grabtaxi.passenger,Google Play,1,2026-07-05 20:35:12,0,5.417.0,5.417.0
10ac5e20-0fc5-4339-891a-43d5e95b57e9,awesome,Grab,com.grabtaxi.passenger,Google Play,5,2026-07-05 20:12:53,0,5.417.0,5.417.0
2b70b36b-fdfe-42a8-a496-7f098402900d,good,Grab,com.grabtaxi.passenger,Google Play,5,2026-07-05 19:39:25,0,5.417.0,5.417.0
a14b36c0-5c81-44b5-892a-6207766cdee2,Rider did a fast delivery. Thank you 😊 🙏,Grab,com.grabtaxi.passenger,Google Play,5,2026-07-05 19:36:43,0,5.416.0,5.416.0
4144bd37-2ec5-4389-8601-e4a833b1e040,No riders available immediately,Grab,com.grabtaxi.passenger,Google Play,1,2026-07-05 19:11:02,0,5.295.0,5.295.0
a4dfc578-00cb-4c50-a299-01910dcf7a7d,cool,Grab,com.grabtaxi.passenger,Google Play,5,2026-07-05 18:43:56,0,5.417.0,5.417.0
66320e1d-746d-4162-9387-09b7b3e53ced,Easy to use with excellent drivers and smooth rides.,Grab,com.grabtaxi.passenger,Google Play,5,2026-07-05 18:14:25,0,5.217.0,5.217.0
11946d47-56fb-4c2f-9307-5658c4f82035,"Drivers are ALWAYS cancelling using GoShop, even when they are close and the item or items are easy to purchase. I even tip well when they come. I don't understand why these drivers are so terrible. I wish it were easy to contact Gojek to complain about the drivers who say they will do it then cancel. AWFUL! Going to delete this app and use other more competent apps.",Grab,com.grabtaxi.passenger,Google Play,1,2026-07-05 17:47:32,1,5.417.0,5.417.0
428140d0-4e2c-4993-b882-0f67e2deecdc,Grabfood provides a reliable and easy way to order food online. I enjoy the large selection of restaurants and the convenience of having meals delivered to my doorstep. The app is user-friendly and works very well.,Grab,com.grabtaxi.passenger,Google Play,5,2026-07-05 17:43:59,0,5.405.0,5.405.0
5f5d86df-d6f1-461c-9075-6d4c63b17079,👌🏻👌🏻,Grab,com.grabtaxi.passenger,Google Play,5,2026-07-05 17:23:00,0,5.417.0,5.417.0
ab63e647-ad6f-440f-acb9-ccfb4355b0ff,"ordered on different mcdonalds far from my area because the bundle o wanted to buy was not available, after placing order the branch near me had the item I needed to buy. this app is a scam. will charge you more for Shipping fee",Grab,com.grabtaxi.passenger,Google Play,1,2026-07-05 17:05:46,1,5.416.0,5.416.0
dc73542d-39ee-4581-b055-a80e465f7391,"Reviewers consistently praise its versatility. Being able to book a motorbike ride, order lunch, send a package via courier, and pay at a local store using the same wallet (GrabPay) makes it an essential daily tool.",Grab,com.grabtaxi.passenger,Google Play,5,2026-07-05 16:45:33,0,5.417.0,5.417.0
bb828274-3f88-471e-a60e-b410be644b8a,excellent service,Grab,com.grabtaxi.passenger,Google Play,4,2026-07-05 16:30:20,0,5.416.0,5.416.0
453b6011-5776-404c-94ac-5e12642c08ac,we need more taxi to on time,Grab,com.grabtaxi.passenger,Google Play,4,2026-07-05 15:59:27,0,5.416.0,5.416.0
cf585ae9-56a4-413f-abd0-2b9c037e8fc2,"A masterclass in convenience for daily urban living. Booking a reliable ride takes mere seconds, and the drivers are consistently professional and punctual. Transitioning seamlessly from hailing transport to ordering parcel deliveries or buying groceries makes life significantly less stressful. It sets the gold standard for multi-functional utility.",Grab,com.grabtaxi.passenger,Google Play,5,2026-07-05 15:47:24,0,5.409.0,5.409.0
4ea8baae-794e-4c4d-8dda-bb5a9b6eacc5,good service,Grab,com.grabtaxi.passenger,Google Play,5,2026-07-05 15:38:09,0,5.417.0,5.417.0
5ab6755a-bf89-42f9-ad2a-c75d2e0b9247,Thank-you for safe driving,Grab,com.grabtaxi.passenger,Google Play,5,2026-07-05 15:11:04,0,5.416.0,5.416.0
7406f0ea-4ea6-4e90-9bbf-7ef5d0a87331,ok,Grab,com.grabtaxi.passenger,Google Play,1,2026-07-05 15:09:53,1,5.414.0,5.414.0
3cf0e751-c8e1-401d-8396-b164585bcd2b,pesen plus car yg Dateng lcgc Avanza,Grab,com.grabtaxi.passenger,Google Play,1,2026-07-05 15:04:13,1,5.417.0,5.417.0
1a5bdeab-1ae8-48f9-8873-e91f4446ea7d,good 👍,Grab,com.grabtaxi.passenger,Google Play,5,2026-07-05 14:50:14,0,5.417.0,5.417.0
126990d1-733c-4ca3-adbb-8431804a188c,pesanan saya batalkan tapi sudah lebih dari 7 hari uang tidak dikembalikan. saya tanyakan kemana pengembaliannya malah ribet menanyakan nomor kartu debitnya segala. memangnya ga bisa liat sendiri sama adminnya nomor kartu debit terdaftar? KECEWA BERAT!!!,Grab,com.grabtaxi.passenger,Google Play,1,2026-07-05 14:39:19,0,5.389.0,5.389.0
b35edc35-c22a-4d57-a03f-7f8929b62df3,wow ilove it so amazing 😍😘,Grab,com.grabtaxi.passenger,Google Play,5,2026-07-05 14:27:10,0,,
8954765f-ff3f-415c-a2d7-cca5686a5543,"couldn't find four-wheel drivers in the city. bikers canceled my ride twice even if we are on the same road my recent driver drove past me, an entire detour. even if I offered to walk to him",Grab,com.grabtaxi.passenger,Google Play,1,2026-07-05 14:24:27,0,5.416.0,5.416.0
4fd0fda4-8283-4cbc-9382-592f473b8295,"Update: really bad search engine. I look for pork innards and the results show halal food. Kemon la, fix your search code.",Grab,com.grabtaxi.passenger,Google Play,1,2026-07-05 14:18:43,1,5.417.0,5.417.0
d317f81d-7504-4d23-8621-2e4b40dfe724,"I just had one of the worst food delivery experience in my life. I ordered from Dominos, and I waited for 3 whole hours. The food never arrived, but I was still charged payment. i asked for help from Grab, but just asked me to contact Domino's directly..I will surely remember this, Grab.",Grab,com.grabtaxi.passenger,Google Play,1,2026-07-05 13:35:06,0,5.417.0,5.417.0
4a1761ca-6793-4970-bac5-22b23a5fc55a,good,Grab,com.grabtaxi.passenger,Google Play,5,2026-07-05 13:26:44,0,5.417.0,5.417.0
c6a9013e-494b-4126-9d17-35702bd5af70,"Used to be good, but has gotten greedier as of late. services are more expensive, less discounts available for consumers, the discount promos have a user cap. Worst of all, they added inline AND fullscreen ADS to the interface now. And this even shows on a paying GrabUnlimited user. You'd think a smart company would just stick to unintrusive ads for free users, but no. Stick to alternative platforms - foodpanda for food, Green GSM for transport. Cheaper and less greedy",Grab,com.grabtaxi.passenger,Google Play,1,2026-07-05 13:09:29,0,5.414.0,5.414.0
29512a63-2786-4980-9fa0-3be9eb480f1f,Very Satisfied,Grab,com.grabtaxi.passenger,Google Play,5,2026-07-05 12:58:41,0,5.417.0,5.417.0
bf1db6a8-4be7-4f16-a776-0ea150d9f40d,No cancel order option for food order.,Grab,com.grabtaxi.passenger,Google Play,1,2026-07-05 12:37:31,0,5.417.0,5.417.0
0c9f499b-012e-4854-b864-d85ddc8849a9,they suddenly removed the voucher even though i haven't use it or doesn't expired it yet.,Grab,com.grabtaxi.passenger,Google Play,1,2026-07-05 12:33:32,0,5.417.0,5.417.0
fa288484-32bd-45e5-9687-a8649d451912,its nice,Grab,com.grabtaxi.passenger,Google Play,4,2026-07-05 12:32:52,0,5.417.0,5.417.0
3b659886-7a88-44d3-8d9d-19a94b44ada8,good 👍,Grab,com.grabtaxi.passenger,Google Play,5,2026-07-05 12:27:53,0,5.417.0,5.417.0
ac274d41-3815-45a0-96df-1ab59b54fc44,good,Grab,com.grabtaxi.passenger,Google Play,3,2026-07-05 12:19:33,0,5.417.0,5.417.0
11d7f4fa-849b-42b4-82bc-2a43b5437d45,"five star dahil mabait c kuya po,",Grab,com.grabtaxi.passenger,Google Play,5,2026-07-05 12:02:15,0,5.416.0,5.416.0
b82774a4-d916-42a5-9cf4-e53ff54ce0ad,good,Grab,com.grabtaxi.passenger,Google Play,5,2026-07-05 11:47:55,0,5.417.0,5.417.0
5854e8d4-5373-4568-bcea-b5ebcaf40be2,ok,Grab,com.grabtaxi.passenger,Google Play,5,2026-07-05 11:40:19,0,5.417.0,5.417.0
0f4b0fbe-fac8-418f-8636-de961ca561a5,okay,Grab,com.grabtaxi.passenger,Google Play,5,2026-07-05 11:27:15,0,5.416.0,5.416.0
23a823c7-0a92-4f0b-a852-e0d41e97cb55,nice app,Grab,com.grabtaxi.passenger,Google Play,5,2026-07-05 11:09:47,0,,
f297516a-6487-4f39-8252-33c228b0a23a,"loadingnya lama, padahal jaringan stabil aja, buka apk gojek aman aja.",Grab,com.grabtaxi.passenger,Google Play,2,2026-07-05 10:35:37,0,5.416.0,5.416.0
467ba27c-7ffd-4b0f-9505-d3cc7bea3d97,ช่วงหลังๆ ไรเดอร์วางของให้แบบไม่โทรแจ้ง เพิ่งสังเกตว่าแอพมันเลือก วางไว้ ทั้งๆ ที่ไม่ได้เลือกให้วางไว้เลยงงมาก,Grab,com.grabtaxi.passenger,Google Play,2,2026-07-05 10:09:10,0,,
0c2c9388-38bd-4168-9b6c-65e78d8c4e00,I can't cancel an order the moment its out and the reason is that its already being prepared. I know its fastfood but I find it hard to believe they IMMEDIATELY have everything packed and I can't modify my order or made a mistake and want to redo it again.,Grab,com.grabtaxi.passenger,Google Play,3,2026-07-05 09:47:35,3,5.417.0,5.417.0
92aed399-7979-4d55-a719-6265a24c2444,"Grab doesn't make thorough training and orientation to their riders! Grab is NOT PRO CUSTOMERS! I understand that the waiting time is 20 minutes, BUT this is not the reason why the rider would consume the food in 21 minutes!! At 5:52, the rider reported that the pizza had been delivered! Note that the food was already paid! At 5:53, I asked through their app if the food was delivered as I haven't gotten any deliveries from Grab at all! At 6:03, the rider replied that he alrdy consumed the food!",Grab,com.grabtaxi.passenger,Google Play,1,2026-07-05 09:44:33,0,5.417.0,5.417.0
c7ccb0fb-0bae-4313-8d8c-9c717505f84d,super useful apps👍👍👍👍,Grab,com.grabtaxi.passenger,Google Play,5,2026-07-05 09:26:42,0,5.416.0,5.416.0
9cad33d8-9a44-4e8d-b4d0-e9a4841e7b34,It's okm,Grab,com.grabtaxi.passenger,Google Play,5,2026-07-05 08:55:55,0,5.413.0,5.413.0
751fcc33-2eaf-4d4a-864d-f3cee0a34508,"i use it and need it in Phnom Penh Cambodia but it doesn't mean i like it. Customer service will never be on your side and store workers will steal your items before sending you an empty container and there is nothing you can do about. i dont care what they reply, i am telling the truth.",Grab,com.grabtaxi.passenger,Google Play,1,2026-07-05 08:26:39,0,5.417.0,5.417.0
ac0f489f-8abb-4e4e-8cb4-a4210c9b71e7,Nag upgrade kayo pababa dati ang bilis lang magbayad sa inyo ngayon inaabot na ng 15 minutes bago ma accept ayusin nyo to,Grab,com.grabtaxi.passenger,Google Play,1,2026-07-05 08:13:23,0,5.417.0,5.417.0
8eae3091-2cc5-47f6-a0de-713a30679b01,"Pick up point kenapa harus dipindah ya? Jadi ada dua titik. Dan juga tiap pesan Grab car, selalu dapat mobil yang platnya berlawanan dengan aturan ganjil genap, jadi mesti cari jalan alternatif.",Grab,com.grabtaxi.passenger,Google Play,1,2026-07-05 07:24:30,0,5.417.0,5.417.0
060301bd-91ed-4b54-8fb7-d90a5bd36c4c,"order makanan, paket prioritas, bukannya cepat malah lama banget, nunggu satu jam an masih ga ada driver giliran mau cancel gabisa. perbaiki lgi deh",Grab,com.grabtaxi.passenger,Google Play,1,2026-07-05 06:47:49,0,5.407.0,5.407.0
debab391-3449-4e62-b990-95f2f126b316,ye bahut mast app hai,Grab,com.grabtaxi.passenger,Google Play,5,2026-07-05 00:56:04,0,,
5bcb8dd8-3167-4c95-8148-636e9f7140f6,"harga makanan nya lebih mahal drpd beli sendiri, belom lg biaya layanan aplikasi, biaya kirim. waaaah menang banyak. belom lagi kita dsaran kan kasih tip buat. harga normal 20 pesen di apk 38 nyaris 100% selisih nya.",Grab,com.grabtaxi.passenger,Google Play,3,2026-07-05 00:11:38,0,5.416.0,5.416.0
2573edb9-9fd2-410e-84d2-cb73ae579360,mudah untuk membeli dan mencari kenderaan ketika keadaan yang terdesak. ia juga memudahkan pengguna dalam membuat transaksi.,Grab,com.grabtaxi.passenger,Google Play,5,2026-07-04 23:55:31,0,5.416.0,5.416.0
a9035799-abde-46ee-b8f5-831a6b23d200,good service and good delivery ❤️,Grab,com.grabtaxi.passenger,Google Play,5,2026-07-04 23:40:43,0,5.416.0,5.416.0
c63cb92a-0ac7-4130-a32b-5b9dafd4957c,"tolong dong update yg bener. ganggu banget sumpah. tiap buka aplikasinya ngelag terus. lokasi ga ditemukan lah. diluar jangkauan internet lah. buka aplikasi lain aman2 aja. giliran buka grab astagaaaaa.. udah order tiba2 lag lagi, blank gabisa diapa2in. sumpah ya grab bener2 aplikasinya nguras emosii",Grab,com.grabtaxi.passenger,Google Play,1,2026-07-04 23:26:13,0,5.417.0,5.417.0
b9b415ad-886e-435c-a434-a3b40d541677,Excelent service and fair policy para sa mga grab driver partner,Grab,com.grabtaxi.passenger,Google Play,5,2026-07-04 23:24:07,0,5.417.0,5.417.0
b10a0ab0-d240-440d-bc1e-7bfcb30e7102,good,Grab,com.grabtaxi.passenger,Google Play,5,2026-07-04 22:57:32,0,5.417.0,5.417.0
a6d5c3e2-8386-4b19-b737-2e6866211e7c,"Grab is a highly convenient and reliable app for transportation and everyday services. Booking rides is quick and easy, and drivers are generally punctual and professional. The app also offers useful features like fare estimates, multiple ride options, and in-app payments, making the experience smooth and hassle-free.",Grab,com.grabtaxi.passenger,Google Play,5,2026-07-04 22:47:26,0,5.417.0,5.417.0
e1825eb6-a7c9-41da-af97-3bf3ca8e13ce,Apps sampah saya tukar fon baru terus tak boleh log in account pakai no. fon sama🤧,Grab,com.grabtaxi.passenger,Google Play,1,2026-07-04 22:33:25,0,5.417.0,5.417.0
4f2811cc-53ab-4fbb-b8bf-f74f36e9ea37,"sedapppp banyakkk puas hati,,will repaet later",Grab,com.grabtaxi.passenger,Google Play,5,2026-07-04 22:31:22,0,5.414.0,5.414.0
2953b6b2-3f04-4bdd-8e77-c6d87d1c7dd8,"how do I delete this account? I have tried multiple times even call the hotline and nothing works out. i don't want to delete the apps and my account is still there, it's soooo frustrating",Boost,my.com.myboost,Google Play,1,2026-07-06 00:02:48,0,8.27.0,8.27.0
ccf6f411-6bce-47e8-ab1f-9774a6fdf284,better. than nothing,Boost,my.com.myboost,Google Play,5,2026-07-05 17:12:51,0,8.27.0,8.27.0
376dfd99-9d2f-4414-9164-31ffa082e3fb,ok,Boost,my.com.myboost,Google Play,5,2026-07-04 12:47:01,0,8.27.0,8.27.0
128cfe29-ca76-4cd0-adc2-a7fa032b512c,"horrible apps..once u register, u cant close your account..The service centre also didnt function. Please dont register with this rubbish",Boost,my.com.myboost,Google Play,1,2026-07-02 21:54:48,0,8.27.0,8.27.0
e2492135-5bcd-4016-90df-f9f663f227be,You should make PUBLIC announcement on the Pick & Win winner every time you pick the winner. this is soo wrong.,Boost,my.com.myboost,Google Play,2,2026-07-01 20:19:15,0,8.27.0,8.27.0
5433edcf-b563-41f4-a054-4120438ff387,good,Boost,my.com.myboost,Google Play,5,2026-07-01 15:28:48,0,,
f64d9bdb-6900-4083-a889-5ddea54a344b,setup and work this wallet,Boost,my.com.myboost,Google Play,5,2026-07-01 05:15:52,0,8.25.0,8.25.0
f046145a-6256-4157-aa2e-fd84f508268c,sahkan,Boost,my.com.myboost,Google Play,5,2026-06-29 22:50:06,0,8.27.0,8.27.0
3c2ef01e-9782-4cf5-a02a-a7905555d905,issues my account cannot be open because stressed the kill switch,Boost,my.com.myboost,Google Play,1,2026-06-29 02:39:58,0,,
e233a876-012e-4239-9e7c-35d10c416b30,plss improve your app why log out n I forgot password then can't paid,Boost,my.com.myboost,Google Play,1,2026-06-28 00:01:01,0,,
06154703-f53e-41fc-a692-5fe700002158,approve tak jalan,Boost,my.com.myboost,Google Play,1,2026-06-27 21:56:39,0,8.26.0,8.26.0
f18e9607-4fca-433c-8816-6eba9870b382,I forgot t pin I again 😔..I can't click that *forgot pin?*,Boost,my.com.myboost,Google Play,2,2026-06-26 21:16:27,1,8.26.0,8.26.0
7e9481a4-f709-4b18-8cd5-5c7438c869cf,"Hari ni saya cuba buka boost,tapi tak boleh...kenapa ya?",Boost,my.com.myboost,Google Play,4,2026-06-26 18:33:40,0,8.26.0,8.26.0
b972b621-7bb7-4d69-b164-fde5fb077e3b,banyak minta macam orang Gila,Boost,my.com.myboost,Google Play,1,2026-06-25 23:33:40,0,,
c01ce3a6-e6dd-4cff-bb5b-f923acd06c94,wow very very good app i so happy thank you boost app malaysia🥰❤️,Boost,my.com.myboost,Google Play,5,2026-06-25 11:14:21,0,8.26.0,8.26.0
77b5e664-c2f2-49df-b01f-e1823037c7e8,boost application why cannot support,Boost,my.com.myboost,Google Play,5,2026-06-23 16:00:04,0,8.26.0,8.26.0
d96555a4-e4af-4455-ae3f-3fd36094c52d,Khidmat pelanggan teruk 😢😢. Dah DM kat Facebook tetap lambat balas dan di Gmail pun tiada membalas 😢😡😡😡!!! Take the serious 😡😡. Ada DUIT RM 50 DI AKAUN BOOST AKU 😡😡😡😡😡😡😡!!!,Boost,my.com.myboost,Google Play,5,2026-06-22 12:59:28,0,8.26.0,8.26.0
7a3ae99e-7f04-474c-857a-c1109586b0a7,THE WETIX PG UI IS BEYOND STUPID CANT EVEN TAP BACK.CANT EVEN PAY WITH DEBIT CARD PROPERLY STUCK WITH THE AUTHORISATION & SIGN IN TO MY CIMB ONLINE BANKING TO TOP UP MY BOOSTBANK IN THIS APP.,Boost,my.com.myboost,Google Play,1,2026-06-18 11:23:13,2,8.26.0,8.26.0
2d918b6a-35d0-49d6-98f9-832f0940ea43,suddenly my account unsuccessful? so how about my money inside the boost?,Boost,my.com.myboost,Google Play,1,2026-06-17 20:53:34,0,8.26.0,8.26.0
5357c3b7-6940-412f-852e-6d35a1db7b06,king of spamming your notification for every few hours is just shameful for this company conduct. one of the worst of all e wallet in Malaysia. there is no way u can turn them off or select what kind u want. u respect that kind of business? I totally not.,Boost,my.com.myboost,Google Play,2,2026-06-17 10:27:55,0,8.26.0,8.26.0
a1eca7a6-bafb-4488-8d35-d0a7230644fe,tiap kali upload tiap kali la crash. repair la dulu.,Boost,my.com.myboost,Google Play,1,2026-06-16 14:37:01,0,8.26.0,8.26.0
e4b31901-79da-40b4-9905-3adae627a5e5,"Please fix your fingerprint verification. Every time I use QR payment and need fingerprint verification, the fingerprint was verified and suddenly it said the fingerprint could not be verified, forcing me to use the pin.",Boost,my.com.myboost,Google Play,1,2026-06-16 08:39:52,0,8.26.0,8.26.0
c38e2aca-30a0-46ad-92bd-fc246873ac8f,Problem solved. Thanks a lot 😊 Keep it up!,Boost,my.com.myboost,Google Play,5,2026-06-15 15:39:58,3,8.25.0,8.25.0
f69b172d-12cb-4f38-b8b9-ca889768d767,good,Boost,my.com.myboost,Google Play,5,2026-06-13 02:30:14,0,,
1c7ac15e-5cd3-4d33-9692-238378ab0064,"Minus 1 star for missing notification settings feature as I don't want promotions & unnecessary notifications. Minus 1 more star due to minimum auto top up of RM300, it is too high for me.",Boost,my.com.myboost,Google Play,3,2026-06-11 10:46:29,0,8.25.0,8.25.0
2238c98e-7789-4361-b00a-ec96e7ce8629,"worst app ever. Tried to close my account, it stuck there forever on the loading page. Nothing happens. Now, don't ask me why I want to close my account. I told you it is the worst app.",Boost,my.com.myboost,Google Play,1,2026-06-10 11:11:22,0,,
5337f221-363f-413d-b998-8cb20d7d0024,saya tidak dapat log in menggunakan nombor telefon saya.. dia cakap nombor saya tengah terminated?.. kenapa tu?,Boost,my.com.myboost,Google Play,3,2026-06-09 15:59:38,0,8.25.0,8.25.0
4d22cbdf-6434-48b1-87d1-e8dd5b2a4afd,can't sign in,Boost,my.com.myboost,Google Play,1,2026-06-08 14:43:11,0,8.25.0,8.25.0
66e74bfa-1b6c-45d2-90b3-b9a10d660292,this apps great for me,Boost,my.com.myboost,Google Play,5,2026-06-08 10:05:53,0,8.25.0,8.25.0
ab6ca445-8037-4af1-9f29-27e5a54136ac,tida dpt login acc langsung..balik2 suru call costumer services😭,Boost,my.com.myboost,Google Play,2,2026-06-07 09:27:08,0,8.24.1,8.24.1
e0e12070-ec0c-4575-9178-1d12d4ac77d7,Bill not showing correct sum,Boost,my.com.myboost,Google Play,3,2026-06-04 17:09:35,1,8.24.1,8.24.1
e32df802-6e0e-4521-ba1b-eaa59e93d3d5,Apps are not user-friendly. Payment cannot be made; the pay button is dimmed. Rubbish!,Boost,my.com.myboost,Google Play,1,2026-06-04 00:47:31,0,8.24.1,8.24.1
b9349d79-7c30-41ac-8778-73ccc42a89d4,boost susah kalau ada masalah dengan akaun. susah untuk contact pihak boost ..emel lama baru di balas. live chat pun ambil masa nak respon.,Boost,my.com.myboost,Google Play,2,2026-06-03 15:25:32,0,8.24.1,8.24.1
8949f881-fa96-4a47-afd6-73dd777aa910,Failed to sign in my boost account.. Emel to boost but still no respond.,Boost,my.com.myboost,Google Play,1,2026-06-03 10:51:05,0,8.24.1,8.24.1
2de0c769-d2ad-4c4b-af0e-0425bb03efd6,service sangat teruk...dan tanpa auto bill..fia auto deducted duit. pengalaman yang sangat teruk..bukan sekali tapi dua kali,Boost,my.com.myboost,Google Play,1,2026-06-03 10:16:43,0,8.24.1,8.24.1
a82cb799-749c-46f2-bb68-f4a0d24045c0,How come cant log in,Boost,my.com.myboost,Google Play,1,2026-06-03 06:59:34,0,8.24.1,8.24.1
9839ec22-f00d-4444-9dd9-f71599aa4901,"please fix this app, it suddenly log out and won't let me login, changed my password multiple times stil can't login",Boost,my.com.myboost,Google Play,1,2026-05-31 21:32:16,0,,
53b6dcf5-4e3b-4bcf-97b6-a274d3f1677f,Very ordinary e-wallet app. Too many promotional ads on the Home page. It would be nice if Boost can be linked with wearables like TnG can.,Boost,my.com.myboost,Google Play,3,2026-05-30 16:00:38,0,8.24.0,8.24.0
ffa838d7-1083-49c3-921e-53034dfe5b18,"apps paling bodoh, if some problems rise up, email tak balas, Careline problem. tutorial pun tunjuk if things goes smoothly je, if something bad happen langsung takde tutorial untuk tangani, really a bad apps, kalah jauh dengan TnG e-wallet",Boost,my.com.myboost,Google Play,1,2026-05-29 21:49:41,1,8.24.0,8.24.0
aed4fb9b-8fcd-4604-8e30-521c29378bc5,cannot do ekyc..dont know why,Boost,my.com.myboost,Google Play,1,2026-05-29 12:23:49,0,8.24.1,8.24.1
bcb0c6df-8f04-4bc8-8635-09c8d2c4f820,TDK DPT log in d device sy pakai skrg ni,Boost,my.com.myboost,Google Play,5,2026-05-27 11:28:50,0,8.24.0,8.24.0
59fadaa2-d088-4884-b5a5-c396c465484c,"semakin buruk , tidak boleh membuat pembayaran , slow respond",Boost,my.com.myboost,Google Play,1,2026-05-26 22:24:00,0,,
ddce6ce8-570d-4e46-8dab-9b24eb57c8ab,I'VE BEEN REPORTING ABOUT THIS KILL SWITCH FEATURE THAT BEEN ACTIVATED ON MY ACC SINCE DAY 1. TODAY ALREADY DAY 4 YET STILL NO RESPONSE FROM CUSTOMER SERVICE. I'VE BEEN USING APP FOR SO LONG YET NOW I ACQUIRE A PROBLEM. I JUST NEED TO DEACTIVATE THIS KILL SWITCH FEATURE ON MY ACCOUNT. GOSHHH UPDATE: I GOT TO ACCESS MY ACCOUNT BACK!! SO HAPPY RN 😭 TQ BOOST!! EVEN THOUGH IT TOOK DAYS BUT AT LEAST MY MONEY STILL THE SAME AMOUNT LAST I LEFT IT,Boost,my.com.myboost,Google Play,5,2026-05-26 09:55:25,0,,
dbb25b68-564e-47dd-93b3-3079be6deffa,"stupid apps rules, can't send money if I haven't upgraded? what if I can't for a certain reason and now my money is stuck inside your stupid apps? so dumb",Boost,my.com.myboost,Google Play,1,2026-05-26 08:12:24,0,,
2f21d5dc-2c1c-4e61-bcae-41184b188ba6,"Bikin susah Otak org.. mau ini lah , itu lah... TALK ITS ESAY... BUT WHEN THE APP DOWNLORD AREADY , DEFICAL TO REGESTER... WHAT THE HE....",Boost,my.com.myboost,Google Play,1,2026-05-24 20:59:19,0,8.23.0,8.23.0
4b0198e7-7841-4abc-984b-726dbd985156,"App yang sangat menyusahkan dan makin complicated nak guna! Tiba-tiba sekat akaun kata ada outstanding contract padahal sistem korang yang problem. Bila jadi isu macam ni, service support tersangat lah lembap dan tak efisien. Paling geram, langsung tiada talian hotline untuk call terus bercakap dengan operator manusia. Semua kena tunggu chatbot atau tiket lambat. Bad service experience. Tolong improve sistem support korang kalau tak nak hilang customer!",Boost,my.com.myboost,Google Play,1,2026-05-23 10:47:30,0,8.23.0,8.23.0
b19f781d-aa1a-49e6-a0f6-9fceab51971f,"Boost are really disappointing. why slow update payment details. I already paid full but yesterday I got an auto deducted saying that I not pay the current bill. I ALREADY PAID FULL AND I GOT THE RECEIPT WHY MY ACCOUNT STILL GOT DEDUCTED AND YOU GIVE WARNING EMAIL FOR BILL THAT ALREADY PAID. SO NOW I HAVE TO WAIT UNTIL MONDAY, WHY THERE'S NO STANDBY PERSON IN CHARGE FOR WEEKENDS ARE YOU EXPECTING NOTHING PROBLEM WILL APPEAR IN THE WEEKEND.",Boost,my.com.myboost,Google Play,1,2026-05-23 10:41:53,0,8.23.0,8.23.0
069265e3-405c-4008-835c-d10038907a45,"i just change my phone. need to install boost in my new phone but can't log in even same password. when chat with customer service using messenger, response was very poor, very slow. really dissapointed with the customer service department",Boost,my.com.myboost,Google Play,3,2026-05-22 17:02:50,1,8.23.0,8.23.0
fe007cc2-ac34-41e4-b52e-258f4fd56b88,"worst app on the planet. has terrible customer support, been 1 month still hasnt solved my issues, barely any response. are all of you sleeping? what is the customer service doing just goyang kaki is it?",Boost,my.com.myboost,Google Play,1,2026-05-21 20:48:33,0,8.23.0,8.23.0
7837d2bc-b370-4d7d-8d6d-acd3e2291afb,"Even basic things like eKYC that everyone needs to be done also have an issue. What a terrible apps. When reached out to support team, they told it might take up to 20 days to settle. Ridiculous 🤣",Boost,my.com.myboost,Google Play,1,2026-05-21 10:41:08,0,8.23.0,8.23.0
0bfb5e97-a371-4963-aea0-c04f70b5e390,"i set a new password two days ago, i logged in, and it's ok, then the next day, a new update arrived and i updated the app, but when i logged in using the same password, it said wrong password, then i tried to submit forget password, the otp was sent to my email, but i never received it, then for three consecutive locked out, my account was permanently blocked, i tried to submit my problem to boost support, no answer, so 1 star to you. and stop your ads if your services was like this. thanks.",Boost,my.com.myboost,Google Play,1,2026-05-21 10:26:04,7,8.20.0,8.20.0
bbee87ac-1d0b-4b06-bbc7-11d2ba838c93,Please confirmation to open account Booster of services information .,Boost,my.com.myboost,Google Play,5,2026-05-19 07:22:51,0,8.23.0,8.23.0
2a23596f-ee66-40b6-8d89-22a57052081c,Thanks its Help ME A LOT,Boost,my.com.myboost,Google Play,5,2026-05-18 09:09:20,0,,
8c140d4b-9622-4b71-bc16-ce08162136e6,"The most worst money app I ever use, I can't verify my id card and the app also always sign out by itself so terrible!",Boost,my.com.myboost,Google Play,1,2026-05-17 20:01:44,1,,
9bacb2c0-afcf-4b1c-9c44-c117be9cb04f,"hi, can i know how to call customer service to unlock my account, As i wrong click for kill switch my account.. and for now i can't use or log in my account..tq",Boost,my.com.myboost,Google Play,4,2026-05-15 18:37:05,1,,
a040a67b-a7d8-412f-89b2-e460ef76f388,wery good serwice,Boost,my.com.myboost,Google Play,5,2026-05-14 01:30:21,0,8.23.0,8.23.0
81b984a5-d48c-4036-a9a1-890bb3644691,Suddenly got problem with my acc. Cannot log in even password is correct. Cannot reach by phone. Email didnt reply eventhough all the details given,Boost,my.com.myboost,Google Play,1,2026-05-13 08:16:09,4,8.23.0,8.23.0
d342c7ca-a355-4045-8628-b5f94da1f787,nak bind unbind kena call cs? dah buat verification face.Maybank elok je bind online. boost tolong mudahkan urusan user.,Boost,my.com.myboost,Google Play,1,2026-05-13 07:36:01,0,,
c24bf4c1-61d2-4b87-8043-bc520e90135b,Nak delete account bukan main payah.,Boost,my.com.myboost,Google Play,1,2026-05-12 17:14:54,0,8.22.0,8.22.0
2a28edf4-349b-4dae-a7f4-7bcbfef03558,I need to delete my Boost account because I never use it. I have two mobile number and I noticed I have two Boost account. Please help me how to delete all my Boost account. Thank you.,Boost,my.com.myboost,Google Play,1,2026-05-10 08:59:50,1,8.22.0,8.22.0
651fd8e8-f669-4a5f-a0cd-75a1846ee916,"BS, no way to show parental consent. After I transfered money to the account it tells me I can't transfer money out",Boost,my.com.myboost,Google Play,1,2026-05-10 07:50:27,0,8.22.0,8.22.0
60c642ba-10c8-4683-8609-90b6a66885eb,boost App Malaysia saya tahu jaga baik ok kalau bank macam mana akaun berapa?betul ☺️,Boost,my.com.myboost,Google Play,5,2026-05-10 03:32:18,0,8.22.0,8.22.0
5842d081-edae-427a-ad8a-d64e7c9ae251,Why Maybank websites cannot be open?please fix it,Boost,my.com.myboost,Google Play,3,2026-05-09 10:19:42,0,8.22.0,8.22.0
1bfda9c2-cd80-4479-bdda-77f609581c74,enjoy with reward,Boost,my.com.myboost,Google Play,5,2026-05-09 02:06:56,0,8.22.0,8.22.0
a6aa037d-2d49-4572-95d8-5558451d872c,after no internet it's auto lock out.. than cannot login please help.. I need my money there man,Boost,my.com.myboost,Google Play,1,2026-05-08 11:35:11,1,,
cfc5aff4-af38-4fe8-83a6-1aa2f7759628,A+,Boost,my.com.myboost,Google Play,5,2026-05-08 04:39:34,0,,
fa58e0f6-0bff-4205-b0ee-4f0e256621be,"can't you fix your system? i try to get 100, and the system shows only 10.00 to borrow. you must kidding me",Boost,my.com.myboost,Google Play,1,2026-05-07 23:37:22,0,8.22.0,8.22.0
352a9cd3-95d7-4ab6-b479-9c006235af21,Forgot my password. Change to new one. Sign in with new password. Your account has been locked due to 5 incorrect password. Orang nak buat apps dia pun nak buat apps juga. Sudahnya jadi macam ni lah,Boost,my.com.myboost,Google Play,1,2026-05-07 21:03:07,2,8.22.0,8.22.0
aa9bab47-22e2-4f84-be6c-b314949a776d,good,Boost,my.com.myboost,Google Play,5,2026-05-06 20:18:55,0,,
35091816-b8a5-48d0-8355-387101a1fee3,My acc is locked! I still have a lot of money in that account!,Boost,my.com.myboost,Google Play,1,2026-05-06 12:23:39,1,,
cfad0402-2335-422f-b41b-ca91e5b9fe33,"STILL KIAMSIAP WITH YOUR CASHBACK REWARDS, SEEMS YOU ALL BEING IGNORANT WITH THE FEEDBACK EVEN I SPEND MORE THAN RM100 GIVING ME JUST RM0.01 EVERY TIME! JUST GIVE US CASHBACK AT LEAST RM 1 OR RM2 OR RM5 FOR SPENDING BIG AMOUNT! RM0.01 IN CASE YOU SPEND LIKE RM10 OR BELOW! STILL STUBBORN TO LISTEN IS IT! NO LOGIC AT ALL! CONTINUE TO IGNORE I'LL KEEP ON REPOST THIS REVIEW!",Boost,my.com.myboost,Google Play,1,2026-05-06 11:22:09,8,8.22.0,8.22.0
0cc938ce-9f98-4b0d-b14a-25ea4a86aa16,Always hang and late..stuck n loading tah smpai bila,Boost,my.com.myboost,Google Play,4,2026-05-05 22:32:49,1,8.22.0,8.22.0
66922d60-79e9-405f-ac31-f21e25d016f5,sometime can't open the app,Boost,my.com.myboost,Google Play,1,2026-05-05 20:47:03,0,7.13.0,7.13.0
da343f68-cf4d-41d3-9aaa-6437a76fb1d8,"After recent update, app need relogin. try reset password but not working.",Boost,my.com.myboost,Google Play,1,2026-05-05 14:20:00,2,8.22.0,8.22.0
a5ec3939-ddec-48c5-81d6-2b4a67ebc786,is there something wrong with boost lately? I can't scan any QR,Boost,my.com.myboost,Google Play,3,2026-05-04 12:23:10,0,8.22.0,8.22.0
ef6ceb96-42aa-45f9-a715-5cd5481d253f,"suddenly cannot logout itself ,login password say wrong password, reset password then say cannot put same password before???, you want me to no use this app???not the first times",Boost,my.com.myboost,Google Play,1,2026-05-03 22:01:08,2,8.22.0,8.22.0
99f1f3e0-ff17-43b1-ae7c-2d163a62447d,overall it's okay but whyyy the limit for payflex decreases when i settle it earlier than it should?!!!!,Boost,my.com.myboost,Google Play,3,2026-05-03 21:49:01,0,8.22.0,8.22.0
61136fdd-e37f-4c06-a376-3f0a3a2a4543,duit pandai hilang dah tranfer..hahah,Boost,my.com.myboost,Google Play,1,2026-05-03 19:00:26,1,8.19.1,8.19.1
7643c80c-e64e-49fc-9155-10da9bf3188e,Really Bad App I 100time try reset pass but fail .. scamm,Boost,my.com.myboost,Google Play,1,2026-05-03 16:10:19,1,8.22.0,8.22.0
1ae43bdc-cb26-46c8-9292-fd623c57c2ab,the issue is coming back again. I wanna pay my installment but it say service is unavailable for payment with boost wallet. Please fix this I need to pay my loan. TQ,Boost,my.com.myboost,Google Play,1,2026-05-03 13:58:09,0,8.22.0,8.22.0
19533e8d-e704-4a07-a015-38d2d5d48066,hello please fix this app im android 6 user so for some reason after update it turn blank and wont open,Boost,my.com.myboost,Google Play,4,2026-05-02 09:44:01,0,,
f60d5cb0-d0cd-46ce-a28b-61b5c0b83652,good,Boost,my.com.myboost,Google Play,5,2026-05-01 08:27:43,0,,
2c9f7c21-3d22-4499-a250-4ff5577d65da,"App lags when making payment, tried force stop and restart my phone but still same issue",Boost,my.com.myboost,Google Play,1,2026-04-30 12:19:37,0,8.22.0,8.22.0
bd39f3e0-0ff0-4194-a91a-c7688495258d,"the app i open got lag in my galaxy Z fold 7, fix it.. other are awesome",Boost,my.com.myboost,Google Play,4,2026-04-29 10:45:10,1,8.22.0,8.22.0
41270d97-8ce6-48ee-9d4b-ecce53e36a6f,took too long to verify my IC. i already transferred some of my money in my boost account but i cannot use it because my IC is not verified,Boost,my.com.myboost,Google Play,1,2026-04-28 22:18:55,1,8.22.0,8.22.0
482e7580-a286-42f3-af6b-fddfc358c571,"This app is ridiculous, First. you offer me a payflex credit Limit of RM1500, and I use it for about a few months, I always paid my repayment early, I never even paid late once, recently you send me a text inform me I can increase my payFlex limit. After I submitted all the documents, You suspended my account and said I am not eligible. You are the one who offered me! You shouldn't have suspended my account even if I am not eligible to increase the limit. Just an awful app, Uninstalled.",Boost,my.com.myboost,Google Play,1,2026-04-28 09:25:26,0,,
201ba304-1056-4183-a65e-f7d496eedc3c,"one of the worst designed banking apps in Malaysia. features don't work, customer service hotlines are in shambles, and integration between E-wallet is cumbersome.",Boost,my.com.myboost,Google Play,1,2026-04-28 08:59:14,1,8.22.0,8.22.0
8855d8ac-ff1a-4630-b3fa-eb425af6fc6c,the app laggy at home page after the update,Boost,my.com.myboost,Google Play,2,2026-04-27 14:26:44,0,8.22.0,8.22.0
03589ffb-4341-4b8e-a140-58144d57e54e,Buka lock,Boost,my.com.myboost,Google Play,5,2026-04-27 12:05:40,0,,
dcd2ad3b-397e-464b-9fe4-9ebfda8983b0,"App sampah....aku nak login x dpt2 dah laaa ada duit aku...kau nak telan ke apa sial duit aku...tiap kali login x habis2 kata ""Could not connect"" siauu nak ambik duit orang dah lama sial app ni mcm ni aku dah update apa semua...install pastu uninstall still sama sampah",Boost,my.com.myboost,Google Play,1,2026-04-26 13:10:09,0,8.21.0,8.21.0
90b17c62-8d76-4767-9603-bb32a129cea1,pilih bulu nak bagi flexi credit tiap2 bulan income aku kena potong pun tak layak sedangkan ada je budak baru kerja 7e dah layak 😭😭,Boost,my.com.myboost,Google Play,1,2026-04-25 10:16:35,0,,
03c52898-1d3d-4dee-8ef6-fa4672488f1e,benda apa lah boost banyak problem,Boost,my.com.myboost,Google Play,1,2026-04-24 13:40:07,0,,
a5644623-cca8-4bb3-87df-3b5a70c1b36a,tak best nk verify lembap,Boost,my.com.myboost,Google Play,1,2026-04-24 12:18:36,0,,
cdb2d8db-a680-4e86-8420-44b65a62ab73,"Cannot make any payment using this app. I've tried like 100x to upgrade the wallet by performing eKYC verification-'verify now' but it didn't get through in fact it shows 'unknown result intent'?😏 WHY?? I even saw people posted this issue in FB but no solution 😏 I've also tried delete my boost acc since it doesn't functional but the page is unresponsive, loadinggg..lol. does this APP even still useful n working?😠",Boost,my.com.myboost,Google Play,1,2026-04-22 23:33:28,1,,
03216a67-99fd-4473-8eb9-1740b8e98869,You didn't even deserve a star. Had a very bad experience with the APPLICATION SERVICE and the CUSTOMER SERVICE. Already made full payments but not reflected in the application and had to pay for an overdue fee because the application didn't detect the payment. Made complaints but did not resolve accordingly and they made unauthorized deductions from my bank account! Will not use it anymore!!!!,Boost,my.com.myboost,Google Play,1,2026-04-22 20:45:24,12,8.20.0,8.20.0
4e44de7d-237f-4a73-8291-9c096a56acf0,i want to register new acc .. but it said my number have already connected with someone acc .. this number i havent registered to boost,Boost,my.com.myboost,Google Play,5,2026-04-22 11:09:40,0,8.15.0,8.15.0
a57ef289-512f-4e10-ae82-627a571ece89,"Last week my boost app needed me to sign in, as usual I filled in my phone number and password to receive an OTP number. Up until now I keep repeating the same step and no OTP number received. What happened?! I did change my password in order to fix it but it's still the same. My internet connection is fine, so there's no way I can't receive the OTP number.",Boost,my.com.myboost,Google Play,1,2026-04-20 17:34:22,2,8.20.0,8.20.0
cee243b3-276f-4fb5-97ab-9668dd562d08,i got some issue with verify account and i unable to use all transfer..please help,Boost,my.com.myboost,Google Play,1,2026-04-19 04:41:09,0,8.20.0,8.20.0
54875d9c-1a16-4d9c-908e-c8c08c3554bf,nice,Boost,my.com.myboost,Google Play,5,2026-04-17 03:16:35,0,8.20.0,8.20.0
18852bb8-c88d-41da-aa6c-b3b621d67035,very good,Boost,my.com.myboost,Google Play,5,2026-04-16 20:56:40,0,8.20.0,8.20.0
ab687b3d-95f1-4dab-b4e4-4ebb4c6fc91b,"what happen to latest boost apps? my account got block for the thing that i never done, and still waiting for the reply btw. hmmmm",Boost,my.com.myboost,Google Play,1,2026-04-15 22:53:40,1,8.20.0,8.20.0
c9574d8f-8cfc-4f14-a91d-81571f19b746,Kenapa susah nak update new number ? Kadangkala logout sendiri. Tiba tiba ada masalah tak blh scan . Klau tak ada cash. Mati saya percaya apps ini . Tolong starting ok je. Sekarang saya xfaham wei takut tiba2 tak blh scan beli brg 😭,Boost,my.com.myboost,Google Play,1,2026-04-15 01:36:18,0,,
fea36447-d813-440f-970a-e2e5f97f7e41,ok,Boost,my.com.myboost,Google Play,5,2026-04-12 23:12:25,0,8.19.1,8.19.1
d6ab7800-e4dd-475f-afd0-1193ba0cf691,"stupid apps, I can't log in and customer support didn't help at all!!!",Boost,my.com.myboost,Google Play,1,2026-04-12 20:19:24,1,8.20.0,8.20.0
65f39af1-d1cd-4fa7-be47-ef6a92a9b62a,"I have tried several eWallets intensively and alternately as primary driver for the last 1 year, and I can say that Boost eWallet (not Boost Bank) is the King of QR Codes in Malaysia. T&G still could not scan personal QR code for transfer. But for oversea travel, both Boost eWallet and T&G still lack multi wallets feature where users could store different currencies like Merchantrade Money or Wise.",Boost,my.com.myboost,Google Play,5,2026-04-12 19:30:20,9,8.20.0,8.20.0
3c77a3c5-ffd1-41df-9ead-97ff85ad32cc,y I cannot get code number using for boost payflex.,Boost,my.com.myboost,Google Play,5,2026-04-11 17:44:56,0,8.20.0,8.20.0
8e979c6c-e18b-48bc-88e2-fb0b4fb7d324,sy tdk dpt masuk boostpay sy. sbb sy guna hp baru,Boost,my.com.myboost,Google Play,5,2026-04-11 07:11:22,0,,
322638fa-3cf0-453b-a218-a162cc91d18b,"Hi, Boost. I can't log in into Boost apps even tried with request otp many times, the apps said service unavailable, what's problem? Can you help me as soon as possible?",Boost,my.com.myboost,Google Play,1,2026-04-09 18:15:59,8,8.20.0,8.20.0
a1b49f6b-1fcc-4398-bf14-8563f2a2c47d,cant even register phone no,Boost,my.com.myboost,Google Play,1,2026-04-09 10:43:37,0,,
c977f0bd-03af-488c-8a28-5a7ba3097589,good,Boost,my.com.myboost,Google Play,5,2026-04-08 21:56:49,0,8.20.0,8.20.0
77158c20-e804-40f9-915a-0844012698bb,"top up prepaid maxis never fix, always first top up can top up, after that top up temporarily unavailable, stupid trash app even i m a gold general user of this app",Boost,my.com.myboost,Google Play,1,2026-04-08 18:54:59,2,8.20.0,8.20.0
5ab597f9-fb58-45a8-a53f-2a6de587d941,"i already pay the installment from boost wallet suddenly the next day there was an auto debit ibg from my bank apps,telling they auto debit from my bank ...font know where to cantact ank ask",Boost,my.com.myboost,Google Play,3,2026-04-08 15:08:43,0,,
a4dde8bf-5d22-4bbf-807b-008fe7458236,ada mslh bila nak tf keluar duit bnyk dlm acc tu,Boost,my.com.myboost,Google Play,1,2026-04-08 13:54:18,0,8.20.0,8.20.0
9f10f7f6-566b-4289-81db-13460c2fb67b,this idiot cheat my money stupid don't use this platform,Boost,my.com.myboost,Google Play,1,2026-04-07 11:02:56,0,,
3df37208-bfb6-4f84-927a-d511e017eb26,after updating still keep crash,Boost,my.com.myboost,Google Play,1,2026-04-06 09:23:11,0,8.20.0,8.20.0
45473661-4d22-4629-b176-19c3d9cd6454,I've been sign in for 2 days but still can't get through. Always service unavailable lol,Boost,my.com.myboost,Google Play,1,2026-04-05 17:23:18,1,8.19.1,8.19.1
0fef124c-e7a9-4a25-a81e-1a8523698376,dont use this app..its a fraud/scam app,Boost,my.com.myboost,Google Play,1,2026-04-04 05:50:50,0,8.19.1,8.19.1
1e220560-c395-4663-a794-487070c4ded6,App paling bodoh. Nak transfer duit dari boost bank ke wallet bank pun punya la complicated. Menyusahkan. Menyesal guna,Boost,my.com.myboost,Google Play,1,2026-04-03 13:17:59,0,8.19.1,8.19.1
c5a3bd94-3637-4224-9d7e-6c40dc84fc5a,I want my boost app now,Boost,my.com.myboost,Google Play,5,2026-04-03 11:39:18,0,8.19.1,8.19.1
22016b95-29be-4f1a-aa19-4a3301221902,close account didnt work. just keep loading.,Boost,my.com.myboost,Google Play,1,2026-04-02 14:03:13,1,8.19.1,8.19.1
a15a402d-e845-4188-a028-cb470b991285,"Your ads is annoyed me, ever time when I miss click, this ads instantly sent me to your website and its so freaking laggy and when I go back to the game I Already disconnected on the game, Your ads is Stressing me out",Shopee,com.shopee.my,Google Play,1,2026-07-06 14:53:02,0,3.77.25,3.77.25
3abbe588-ef9e-4d7a-906f-b52bb85ab291,"Greenpeace🌹♻️🌿🌨️! messy heat 🌊 many speeding heavy vehicles , environment unfriendly 🌿 . Many times do not offer fast refund for wrong, expiring and damaged items.🌷",Shopee,com.shopee.my,Google Play,1,2026-07-06 14:51:03,12,3.77.25,3.77.25
22c6e70f-1482-4bd1-abb6-02f00591f32b,"Shopee is like a giant online pasar malam that never closes, where I find everything from RM2 cables to trending fashion, and the free shipping vouchers are the only reason my bank account is crying right now.",Shopee,com.shopee.my,Google Play,5,2026-07-06 14:41:28,0,3.77.25,3.77.25
b4796e53-7e1a-41ef-a2cf-116ee26bcb2c,Easy to use.,Shopee,com.shopee.my,Google Play,5,2026-07-06 14:02:55,0,,
e5b4ee25-27f0-4b90-89d4-32142fd169eb,best shopping apps,Shopee,com.shopee.my,Google Play,5,2026-07-06 13:46:22,0,3.77.25,3.77.25
934f51c9-7dee-4ec7-8991-cec5382ecc38,🤩🤩🤩 very good app,Shopee,com.shopee.my,Google Play,5,2026-07-06 11:33:18,0,3.77.25,3.77.25
4733b528-0b06-4850-a129-9de27cd4960f,good,Shopee,com.shopee.my,Google Play,5,2026-07-06 11:28:06,0,3.77.25,3.77.25
01ff9165-6c31-46ae-ace5-b60c11b0c4a2,Good,Shopee,com.shopee.my,Google Play,5,2026-07-06 10:29:11,0,3.77.25,3.77.25
f0ee65cd-7e13-4b35-a5cb-28d62d060210,good,Shopee,com.shopee.my,Google Play,5,2026-07-06 10:17:11,0,3.77.25,3.77.25
7f0030f4-4967-48e6-9bb0-c9d27ce3ce5b,terbaik,Shopee,com.shopee.my,Google Play,5,2026-07-06 10:00:38,0,3.76.27,3.76.27
4d8dc11e-88b9-420a-b3ef-29eeb41280a1,1st choice online shopping,Shopee,com.shopee.my,Google Play,4,2026-07-06 09:00:56,0,3.77.25,3.77.25
9843d5d1-a718-4dc7-9718-c990b5d7359b,I am writing to appeal an unfair restriction on my account. A staff member named Akif blocked my cashback voucher without providing any explanation. I request a review of this decision and a clear explanation for this action,Shopee,com.shopee.my,Google Play,1,2026-07-06 08:27:11,0,,
48238fa9-4616-4f81-9d30-027137e378e8,Good,Shopee,com.shopee.my,Google Play,5,2026-07-06 07:49:42,0,3.77.25,3.77.25
3afd2691-82a8-485f-9516-9bb1ef7d95d9,.... speechless now,Shopee,com.shopee.my,Google Play,1,2026-07-06 05:02:16,0,3.77.25,3.77.25
12656497-b7b0-4d3a-9444-b28a564c3aee,Ho I am using this for a while because this app has very budgeted items and all we wanted is available here.,Shopee,com.shopee.my,Google Play,5,2026-07-06 04:45:56,0,,
5ea3e04a-2df5-4123-9874-99fbc45e1f9b,Thank you,Shopee,com.shopee.my,Google Play,5,2026-07-06 03:15:09,0,3.73.29,3.73.29
477435a5-0076-46d0-83af-6e103f1b32a8,mantap,Shopee,com.shopee.my,Google Play,5,2026-07-06 02:51:35,0,,
ef31a11c-a86b-4a74-8552-438466bb3edf,"takpayah la shopee, tayah nak tiru future tak paedah apps lain. orang tekan keluar sekali dari product dalam kedai, terus auto keluar ke laman page. jenuh. cemni punya cite lagi lambet duit nak keluar. btw tq, jimat banyak duit saya. yang tak jimatnya masa saya.",Shopee,com.shopee.my,Google Play,1,2026-07-06 02:27:07,1,3.77.25,3.77.25
4526ddc5-e595-47e3-ad8f-2e7654fe00c7,Great app for online shopping with competitive prices and frequent discounts. Checkout is smooth and convenient.,Shopee,com.shopee.my,Google Play,5,2026-07-06 00:43:46,0,3.76.27,3.76.27
3534ddd9-f026-476b-8adc-cc1bae0802c9,not interesting,Shopee,com.shopee.my,Google Play,2,2026-07-06 00:18:16,1,3.77.25,3.77.25
452aa47b-4689-40bb-bd3f-8f5e72469e8c,"not good, not bad. appreciate it.",Shopee,com.shopee.my,Google Play,3,2026-07-05 23:41:48,0,3.76.27,3.76.27
854bcf94-0ca3-40cf-91c1-a226d94adaa3,Annoying that it automatically defaulted to live & videos when you open the app. At least give us the option to choose which tab the app defaults to when opening. It's very annoying and makes me not want to use the app.,Shopee,com.shopee.my,Google Play,1,2026-07-05 23:37:15,0,,
d5da3aec-1bcc-45dd-82f7-a073840964dd,can you make a dark mode please???,Shopee,com.shopee.my,Google Play,5,2026-07-05 22:30:54,0,3.77.25,3.77.25
eed1421e-2a42-4053-af42-18aa2a6e6dd4,"on opening app, video pops up, making annoying noise. tried everything, including clearing cache, reinstalling, etc, NO USE. ask you programmer to correct this error unless it's deliberately put it. In the past, no issues",Shopee,com.shopee.my,Google Play,1,2026-07-05 22:18:05,2,3.77.25,3.77.25
b409b422-e13c-45d4-a631-7651fb4d6344,terbaik,Shopee,com.shopee.my,Google Play,5,2026-07-05 22:02:04,0,3.77.25,3.77.25
b4398159-6058-4fe5-a160-07e31368a81e,it's very good,Shopee,com.shopee.my,Google Play,5,2026-07-05 21:55:48,0,3.76.27,3.76.27
53eb3df4-8e1b-4234-9278-fedc977817b9,reasonable certain times (pricing),Shopee,com.shopee.my,Google Play,5,2026-07-05 21:50:57,0,3.77.25,3.77.25
b2d7837e-434e-40c4-a302-a44ef5e49021,I lied y'all make 100 ads and still gain nothing,Shopee,com.shopee.my,Google Play,5,2026-07-05 21:44:58,0,3.77.25,3.77.25
78d95206-bfb8-414b-a5b6-436049b0a6ce,apps easy to use and reliable..very recommended,Shopee,com.shopee.my,Google Play,5,2026-07-05 21:01:34,0,3.77.25,3.77.25
5932e3f3-fb2c-4264-94bf-3923115059e4,Sangat membantu,Shopee,com.shopee.my,Google Play,5,2026-07-05 20:50:12,0,3.77.25,3.77.25
91f5a742-f6cd-4423-93b3-4ae981065064,easy to use the apps,Shopee,com.shopee.my,Google Play,5,2026-07-05 20:33:38,0,3.77.25,3.77.25
74a52310-8391-4a64-b5e1-c7d630620253,thiss app very ok,Shopee,com.shopee.my,Google Play,5,2026-07-05 20:32:33,0,3.77.25,3.77.25
98fb7bbf-0f2f-463c-805d-7881703da0c9,good,Shopee,com.shopee.my,Google Play,5,2026-07-05 20:11:09,0,3.76.25,3.76.25
9f00daf8-c258-441c-9c37-bb2882ca3027,Tan sedap,Shopee,com.shopee.my,Google Play,5,2026-07-05 19:43:18,0,,
4fd68e8c-c632-4ced-807d-6cd6763803dd,"I love shopee,it's cheap than tiktok. but actually I have 2 device,and i'm using the same number,because I don't want to use my money to buy simcard more,so shopee please allowed us to use the same number😓🙏 why you always reply to us like ""sorry"" ""Thank you"" you are the worst app shopping ever,please do something don't just say sorry",Shopee,com.shopee.my,Google Play,1,2026-07-05 19:39:26,0,3.77.25,3.77.25
ea8fa12d-f5b4-4bb7-b749-8a8249d6a96e,"SHOPEE,MY FAVOURITE ONLINE SHOPPING.👌💋",Shopee,com.shopee.my,Google Play,5,2026-07-05 19:22:52,0,3.77.25,3.77.25
0fca395f-7e46-46c5-8fc3-11e2056f62ac,kenapa app ni server error,Shopee,com.shopee.my,Google Play,3,2026-07-05 19:09:19,0,3.77.25,3.77.25
38757116-8534-41e2-beee-bd8191b5fbb5,my shoppe just stuck at troli.,Shopee,com.shopee.my,Google Play,5,2026-07-05 19:00:04,0,3.77.25,3.77.25
7e68b94d-7355-4293-a539-6b4edabcda9e,"Shopee Help Centre and Customer Service suck. Accordingly, it should take them 3 to 5 business days to revert to me after I lodged my request to deactivate the Killswitch and reactivate my Shopee Pay account (to re-enable the Pay function). But it's been more than that stipulated period, and I've gotten no response at all.",Shopee,com.shopee.my,Google Play,3,2026-07-05 18:56:24,1,3.77.25,3.77.25
f96d72a2-29ab-42bb-991d-6f43ecbd252e,All products is very good 👍,Shopee,com.shopee.my,Google Play,5,2026-07-05 18:33:35,0,3.77.25,3.77.25
83fc02eb-65ec-4224-833b-6a6d1baeb1b7,superb easy,Shopee,com.shopee.my,Google Play,5,2026-07-05 18:28:42,0,3.77.25,3.77.25
5508dab5-17d2-48b6-8bbd-9c52976d2916,Excellent shopping experience with great prices.,Shopee,com.shopee.my,Google Play,5,2026-07-05 18:18:20,0,3.77.25,3.77.25
e46abe42-076a-4146-a454-1e5813c92bd7,Very reliable and secure purchasing online platform including safe delivery. Items arrive always as promised time frame! Payment can easily refunded if receiving wrong or faulty/damaged items! Loved shopping at Shopee!!!!!!,Shopee,com.shopee.my,Google Play,5,2026-07-05 18:15:24,20,3.77.25,3.77.25
cfcec683-c417-4ecf-a145-44a9655fd3e9,"shopee is a very convenient online shopping platform with a wide range of products at affordable prices. I enjoy how easy it is to search, compare items, and place orders. The delivery process is generally smooth and tracking is very helpful.",Shopee,com.shopee.my,Google Play,5,2026-07-05 17:28:30,0,3.77.25,3.77.25
2b0cc8bf-e22a-45b4-b019-9dc3c78f6f27,yooo nice,Shopee,com.shopee.my,Google Play,5,2026-07-05 17:22:09,0,3.75.24,3.75.24
d27b7347-7fbd-435d-a64a-dcdaeacdb9ea,Good,Shopee,com.shopee.my,Google Play,5,2026-07-05 17:08:43,0,3.77.25,3.77.25
ce04f05c-cd45-4d68-881b-2a3162768b20,"Cannot redeem coin from Shopee bubble and candy. Click into the coin store, it show bank page with show error message. Please it ASAP.",Shopee,com.shopee.my,Google Play,1,2026-07-05 16:20:00,20,3.77.25,3.77.25
c9afb888-f59a-42a6-9514-eb012e9ecf1c,ok only,Shopee,com.shopee.my,Google Play,5,2026-07-05 16:06:18,0,3.77.25,3.77.25
b7ca174f-4293-4533-a865-745d3d2dfd41,"Shopping on this platform is incredibly fun thanks to interactive daily games, live-stream voucher drops, and coin rewards. The sheer variety of budget-friendly items across every imaginable category is unparalleled. Customer interaction with sellers is smooth, and the integrated wallet system makes checking out a total breeze.",Shopee,com.shopee.my,Google Play,5,2026-07-05 15:51:26,0,3.74.31,3.74.31
36fc4da7-08b0-417f-b44a-3e8f01f0d195,ok,Shopee,com.shopee.my,Google Play,5,2026-07-05 15:04:27,0,3.77.25,3.77.25
8afa3d40-8329-4dd4-9d2c-31deb625dffb,"Great Apps,...MANTAP SEYHHHH...I suka shopping di SHOPEE 😘😘😘..harap shopee selalu bagi harga kaw² murah giler...terasa hari hari nak bershopping di shoppe x de barang free ke shopee nk bagi kat saya..penjimatan memang banyak Dan jimat masa x perlu keluar rumah...MANTAP..yabedabidiuuuu..saya bagi 10bintang..harap sangat shopee bagi barang free😍🥰😍🥰mantap",Shopee,com.shopee.my,Google Play,5,2026-07-05 14:48:39,0,3.77.25,3.77.25
552fe0a4-4f6a-4507-a89b-b9ff4e5d0ce7,Great Online Shopping Apps,Shopee,com.shopee.my,Google Play,5,2026-07-05 14:10:46,0,3.76.27,3.76.27
b189e336-685c-410f-b3b7-2f1de3f905d3,"best & easy app to searching, ordering; such as order types, order option, order payment, order managing, etc,, also for the vouchers used is easier to choose depend on the categories & payment option make me easy to choose & fast to be done.",Shopee,com.shopee.my,Google Play,5,2026-07-05 14:06:15,14,3.77.25,3.77.25
e5a04450-c5d8-4e4a-ae99-eb5eddb46dc3,"rose are red, violets are blue, whenever I shopping, I got it too . haha get it",Shopee,com.shopee.my,Google Play,5,2026-07-05 13:28:43,0,,
cfc92ebd-2b3f-432e-bb5b-985c293ee6c7,platform pembelian terbaik setakat ini walau ada saingan dri tt.. urusan return/refund amat mudah.. teruskan beri komitmen terbaik UTK pelanggan...,Shopee,com.shopee.my,Google Play,5,2026-07-05 12:15:13,0,3.77.25,3.77.25
878b3bb4-dd24-4e35-ae7a-b09a495da9e2,"Mudah nak menggunakannya dan banyak baucer,harga barang² murah dan menjimatkan.",Shopee,com.shopee.my,Google Play,5,2026-07-05 11:58:49,0,3.77.25,3.77.25
4db792c9-0bea-426d-917b-959a6040fb22,"I don't like the new Shopee app which every time when i Iaunch the app, it goes straight to video section with the annoying audios. I want my Shopee app to stay as it is, it is not TikTok or other social media app. Plus it has made the app so laggy.",Shopee,com.shopee.my,Google Play,1,2026-07-05 11:58:48,1,3.77.25,3.77.25
6fe20faf-2fc3-42ec-bf97-b988909e1975,standard delivery 👎,Shopee,com.shopee.my,Google Play,4,2026-07-05 11:04:14,0,3.77.25,3.77.25
2d4e3c2d-dcd8-499a-a24b-ae258d12a647,mantap,Shopee,com.shopee.my,Google Play,5,2026-07-05 10:54:06,0,3.77.25,3.77.25
074e3ade-39a8-4c34-8ac4-b8908b2f934c,nice,Shopee,com.shopee.my,Google Play,5,2026-07-05 10:12:55,0,3.75.24,3.75.24
d564b20e-1ad1-4d5c-b8ba-539906b05345,so far so good,Shopee,com.shopee.my,Google Play,4,2026-07-05 07:45:24,0,,
d7f3b780-141a-4dc6-9433-330b6d824a79,"turn off the notification, but still receiving them...",Shopee,com.shopee.my,Google Play,2,2026-07-05 07:26:52,0,3.52.19,3.52.19
be813ef2-26d8-40f1-955b-662a0c40923d,really enjoy it,Shopee,com.shopee.my,Google Play,5,2026-07-05 07:21:29,0,,
9e6fbb18-1947-466b-93e7-e56477940f93,User friendly shopping app.,Shopee,com.shopee.my,Google Play,5,2026-07-05 06:56:12,0,,
3dae5aba-ec9d-4dd8-b6a4-a3390e33387d,😁👍,Shopee,com.shopee.my,Google Play,4,2026-07-05 05:35:06,0,,
fad428d4-3dfe-4875-b3f7-ec54f7296955,Shopping online with Shopee is getting more interesting with more option for lower shipping charges to free shipping to East Malaysia(Sarawak) with SPX collection points and sea shipping. Well done Shopee.,Shopee,com.shopee.my,Google Play,5,2026-07-05 04:34:49,0,,
d73a2ddf-7ff4-47ac-babc-792c59bbb161,good app,Shopee,com.shopee.my,Google Play,5,2026-07-05 03:47:25,0,3.77.25,3.77.25
9f671c72-81f3-44e8-83f9-320a3538cd61,I hate this app is keep appear on my phone ad is annoying me and pissing me off is not like I wanna buy something in there and is keep forced people to install like stop is pissing me bady,Shopee,com.shopee.my,Google Play,1,2026-07-05 03:14:45,0,3.16.19,3.16.19
00dbb969-15d4-4c49-9ea1-0865f25011ab,everthing is nice. but can we have shopee in dark mode,Shopee,com.shopee.my,Google Play,4,2026-07-05 01:18:51,0,3.77.25,3.77.25
1f61e403-1d01-4189-9541-c37ea50ac80a,Can't allow my loan again..,Shopee,com.shopee.my,Google Play,4,2026-07-05 00:32:37,0,3.76.27,3.76.27
8805de20-c1bb-4a17-8a67-f2d081f03051,Good I love it,Shopee,com.shopee.my,Google Play,5,2026-07-05 00:27:14,0,3.77.25,3.77.25
8db47166-86f6-4f89-aa55-7b1c62556bf7,"I've been using shopee since 2016 i think. Shopee are not that famous back then. But i already fall in love with the interface. I can compare price, and everything feels friendly user. Until now, I've been loyal to shopee. Not just because of the interface, the price it offer, the discounts, the voucher, everything are insane! Now I even got labeled as gold buyer. 😂 By the way, thank you shopee! Love you! Please continue your business endlessly.",Shopee,com.shopee.my,Google Play,5,2026-07-05 00:19:05,0,2.4.30,2.4.30
4e4c7151-181d-4c4b-895d-f8289dd70ff5,love gila apps ni sebab harga sangatlah murah dan shipping selalu free dan mudah. berbaloi gila.,Shopee,com.shopee.my,Google Play,5,2026-07-05 00:01:34,0,3.77.25,3.77.25
a2cb64a0-6e23-47ab-b6ba-19ad327de714,good,Shopee,com.shopee.my,Google Play,5,2026-07-04 23:13:18,0,3.77.25,3.77.25
7fe6e636-5fd0-489c-962e-c82c2fb80c52,app yang sangat bagus untuk beli barang,Shopee,com.shopee.my,Google Play,5,2026-07-04 23:12:46,0,3.74.34,3.74.34
ba07fef4-4b05-4154-829d-885265848dd2,"Shopee is a convenient and user-friendly online shopping platform with a wide variety of products at competitive prices. The app is easy to navigate, and features like flash deals, vouchers, and free shipping make shopping more affordable. Order tracking is clear, and communication with sellers is straightforward.",Shopee,com.shopee.my,Google Play,5,2026-07-04 22:44:05,0,3.77.25,3.77.25
aaba2dbe-79a1-4e57-a0df-4b87da4f3cea,Very good service,Shopee,com.shopee.my,Google Play,5,2026-07-04 22:04:36,0,3.77.25,3.77.25
6dfcb973-c056-4374-93ca-6141e49d53c3,nice,Shopee,com.shopee.my,Google Play,5,2026-07-04 21:46:17,0,,
4be7494d-2b79-42ac-8fb7-af7e72081ca2,Less free shipping voucher. So less star. Moving on to lazada.,Shopee,com.shopee.my,Google Play,5,2026-07-04 20:52:01,0,3.77.25,3.77.25
771407e6-7857-405d-977f-c4c7bc7d5189,"Good apps... Many item can choose in this apps... Also some item get scam by dealer, just search item before buy guys. Now shopee many part in apps going upgrade, it's good to all people searching item to buy. Good job Shopee...",Shopee,com.shopee.my,Google Play,5,2026-07-04 18:45:58,3,3.77.25,3.77.25
b187db85-8054-46b3-9fd4-bfd33f320b0a,"All Shopee customer need to do this. Fight our rights. After good review before this, frankly i revised due too many cheated seller not fulfill as advertised. So Shopee need to do something more stringent to protect customer that give their business. Kena banned seller macam ni, so Shopee akan jadi lebihkuat dipercayai customer. Selalu sangat terkena dengan seller tak jujur dan ambil kesempatan agar berharap buyer tak komplen dan redha terima",Shopee,com.shopee.my,Google Play,1,2026-07-04 18:16:37,4,3.77.25,3.77.25
620817c8-b7f2-45cf-9657-8726b7dcf365,best cargo poor service.hold parcel 2-3 day,Shopee,com.shopee.my,Google Play,1,2026-07-04 18:11:23,0,3.77.25,3.77.25
16cda3d2-194a-4e41-a04f-f5157fa275e7,kerana barangan sagat murah dan barang cepat sampai .selain itu banyak bauncer yang boleh di dapatkan daripada shopee barang barang di shopee kualitinya sangatlah baik,Shopee,com.shopee.my,Google Play,5,2026-07-04 17:54:37,0,3.76.25,3.76.25
6567defc-9663-471a-a815-4b1cd7f28984,App yang sangat bagus.senang di gunakan.,Shopee,com.shopee.my,Google Play,5,2026-07-04 17:41:11,0,3.77.25,3.77.25
0eed5cc8-5f8a-4404-9b57-bed8783e9443,easy platform and easy to find,Shopee,com.shopee.my,Google Play,5,2026-07-04 17:39:26,0,3.77.25,3.77.25
0e6ecbce-d3a6-427d-99e9-2aabbe098821,"Totally bad experience 2 failed delivery attempted cause the self collection point is full and now returning my parcel to the seller, don't put it as self collection point if it's always full!! Very bad shopping experience and now I have to wait 2 or 3 day for you to refund my money!! Improve your self collection point don't make things hard for people.",Shopee,com.shopee.my,Google Play,1,2026-07-04 17:25:12,1,3.77.25,3.77.25
351995a1-d2ef-4e9e-9b88-767c7f726c74,good,Shopee,com.shopee.my,Google Play,5,2026-07-04 16:54:05,0,3.75.24,3.75.24
3cb6aeac-8809-464c-aaa2-732bceaa841e,Very convenient e-commerce app with competitive prices and frequent promotions. The checkout process is straightforward and secure.,Shopee,com.shopee.my,Google Play,5,2026-07-04 16:24:55,0,,
85c24f1a-b819-440f-9697-f947508b431f,fast delivery,Shopee,com.shopee.my,Google Play,5,2026-07-04 15:06:19,0,3.77.25,3.77.25
b3d0d0b6-6e13-4b9e-a9af-5de6ba3acbb1,"shopee ni banyak lindung scammer. dah buat aduan pun, masih nak lindung scammer.",Shopee,com.shopee.my,Google Play,1,2026-07-04 14:15:56,1,3.77.25,3.77.25
dc9380a3-d683-4821-83ce-c8e8949621c4,"Kadang2 ok Kadang2 tak ok. Itulah shopee. Di beberapa tempat timer 30 saat untuk kumpul coin, air(Gardener game) kadang2 tak muncul terutama bahagian Shopee Food. Masalah ini muncul sejak bulan 5 hari itu. Sampai sekarang tak dibaiki lagi.",Shopee,com.shopee.my,Google Play,3,2026-07-04 14:15:03,97,3.77.25,3.77.25
56b5af08-11e4-4b6a-a9d4-bcb303d52b13,"Hey, can you stop making a bunch of advertisement with a long duration? It annoys me and whenever I play or had to do something important, the Shopee ads pop ups and gives me long duration to click the 'x' button.And, will you stop making those fake 'x' button on your advertisements? The fake button annoys more people...",Shopee,com.shopee.my,Google Play,1,2026-07-04 13:28:21,0,,
626d32bc-dee1-4466-87d9-7006976c477c,this apps really useful to buy things at online but the price kinda little bit expensive 😇,Shopee,com.shopee.my,Google Play,5,2026-07-04 13:26:42,0,3.76.25,3.76.25
56fafa9d-6329-46f0-9e48-91b1699344d1,"Always opened the ""live & video"" tab instead of the home page every time I opened the apps. It's intrusive and annoying to the end users.",Shopee,com.shopee.my,Google Play,1,2026-07-04 13:21:01,1,3.77.25,3.77.25
52f5942a-78e8-468e-b7ed-12884929158d,"Very good for users that work for a day but no time for buying stuff, Shoppe is the best vendor for all users. You can order food when you're on a work break",Shopee,com.shopee.my,Google Play,5,2026-07-04 13:17:02,0,3.77.25,3.77.25
729b621b-5e10-4b43-b1e3-a5e7e96939a9,mantap,Shopee,com.shopee.my,Google Play,5,2026-07-04 12:11:05,0,,
aa449f83-a9e7-4d8d-8d5b-c56bba620352,"My Shopee Food COD refund was approved on 12 June 2026, but I still have not received the refund on 4 July 2026. I am very disappointed with your app. I ordered a drink but received another drink. Grab done better on this",Shopee,com.shopee.my,Google Play,1,2026-07-04 11:56:07,0,,
a612796b-5338-45f9-84d3-81851967e941,improve your self collection point la. why you select shops that sell Vape that only open after work (6pm)? no wonder the delivery always unsuccessful.,Shopee,com.shopee.my,Google Play,1,2026-07-04 11:55:35,0,,
c97eab3a-3926-44ce-a338-e0c14b975f90,good,Shopee,com.shopee.my,Google Play,5,2026-07-04 10:32:59,0,3.77.25,3.77.25
6a886144-5f97-4fe2-a764-2c8c48d74c0a,It's very good,Shopee,com.shopee.my,Google Play,5,2026-07-04 10:32:44,0,,
59ba952c-2cd0-41bc-b95d-55aafabcc688,very good apps!,Shopee,com.shopee.my,Google Play,5,2026-07-04 10:20:06,0,3.77.25,3.77.25
9a2acdab-0860-42fa-8fd1-4f853d28a310,like this so much,Shopee,com.shopee.my,Google Play,5,2026-07-04 09:53:48,0,3.77.25,3.77.25
d8fa6eb9-f090-4c6b-b3fd-a9339ba901ac,I like shopee,Shopee,com.shopee.my,Google Play,5,2026-07-04 08:19:16,0,3.77.25,3.77.25
4d298002-02a9-453a-9e36-7deff698be76,"sangat puas hati, harga pun murah sangat berbaloi, penghantaran pun laju👍👍👍👍👍👍",Shopee,com.shopee.my,Google Play,5,2026-07-04 07:02:36,0,3.76.25,3.76.25
78b12409-ae96-4151-b1df-9d57744cfd3b,"App is easy and responsive to use, sellers are nice and prices are good, but can you add dark mode to the app? So I can use it easily in the very early morning or night time.",Shopee,com.shopee.my,Google Play,4,2026-07-04 06:15:55,0,3.71.24,3.71.24
17a0aa1b-784d-47db-bf34-c244be718637,good 👍,Shopee,com.shopee.my,Google Play,5,2026-07-04 02:43:05,0,3.76.25,3.76.25
2ad36256-3f6f-49ae-828d-bf8d7cf8e999,terbaik,Shopee,com.shopee.my,Google Play,5,2026-07-04 02:32:44,0,3.77.25,3.77.25
2086aa7d-c66c-4b2b-a47c-55a67ada3160,Shopee ok,Shopee,com.shopee.my,Google Play,5,2026-07-04 02:20:41,0,3.77.25,3.77.25
715a8426-dc1a-4266-a1d5-fdabc1e38252,late response about account problems,Shopee,com.shopee.my,Google Play,1,2026-07-04 01:37:39,0,,
bbc3e47d-5518-4c35-99b6-66cfa6f769ee,ok,Shopee,com.shopee.my,Google Play,5,2026-07-04 00:08:08,0,3.58.36,3.58.36
29f5b24c-d33c-473d-8b4f-d60478e9176c,"Very easy to shop at Shoppe Easy to find items required ,fast delivery, shipping fees Free Feels great doing shopping at Shoppe stores",Shopee,com.shopee.my,Google Play,5,2026-07-04 00:02:49,0,,
c135acc3-3446-426f-ae3e-d375f3d5fc7d,"perbaiki la sistem tu, takpayah nak double verify, guna nombor phone dah la, nak kena guna email pulak, aku nak login akaun baru pun susah kau tau tak, perbaiki sistem tu, kau ingat aku tau ke password email budak tu",Shopee,com.shopee.my,Google Play,2,2026-07-03 23:05:11,0,3.73.27,3.73.27
d8a493bf-5f67-4e9c-ba83-2f9fca0151ae,Sentiasa upgrade kemudahan mengikut keperluan dan perkembangan semasa. Alangkah baiknya jika penghantaran percuma untuk seluruh Malaysia termasuk Sabah dan Sarawak. Pasti kenaikkan jumlah berbelanja meningkat drastik!,Shopee,com.shopee.my,Google Play,5,2026-07-03 22:41:15,0,3.77.25,3.77.25
bce8b9ff-255f-479b-840e-b10919ca09ab,Saya request e-invoice dr last week. Kes tak settle tapi enquiry asyik completed. Asyik suruh ikut troubleshoot. Tapi kes tak settle. Janji 10pm by today eh kali ni bukak lagi id case dan wait for another 3-5 working day.,Shopee,com.shopee.my,Google Play,1,2026-07-03 22:25:18,6,3.77.25,3.77.25
6ac0daef-69af-4958-a49e-067897f76251,"BUKAN APALAH ADS NYA TU BALIK"" MASUK D APPS LAIN TRUS SUSAH MAU DI SKIP ORANG DOWNLOAD SDH",Shopee,com.shopee.my,Google Play,4,2026-07-03 21:48:07,1,3.77.25,3.77.25
dd86d105-0562-404c-a87f-a552bf562e06,Good,Shopee,com.shopee.my,Google Play,5,2026-07-03 21:37:53,0,3.72.31,3.72.31
94c86386-1c91-4959-98d5-70289f59954f,Good,Shopee,com.shopee.my,Google Play,5,2026-07-03 21:12:11,0,3.77.25,3.77.25
1b6b0b44-8e81-4640-9481-a45984bb5629,Good discounts.,Shopee,com.shopee.my,Google Play,4,2026-07-03 20:41:44,0,,
9df353a6-b9a7-42f6-a678-c1f4b67da68c,good,Shopee,com.shopee.my,Google Play,5,2026-07-03 20:36:22,0,3.77.25,3.77.25
5308d367-5220-405a-9e00-2f3e4b7d94ad,Very easy n the best shopping buat masa ni,Shopee,com.shopee.my,Google Play,5,2026-07-03 20:16:54,0,3.77.25,3.77.25
